source1_entity_id	candidate_entity_ids
S1-101076392	S2-79905632
S1-106221717	S2-277444929,S2-508602797,S2-684635925,S2-91305348,S2-978126813,S2-349287094,S2-163588551,S2-102309877,S2-224839523,S2-829598251,S2-800014563,S2-67505679,S2-59544689,S2-469073813,S2-435778329,S2-190103142,S2-298914373,S2-628335210,S2-757169960,S2-109121051,S2-541414076,S2-891756213,S2-696635067,S2-971339247,S2-996245861,S2-892923793,S2-308505251,S2-688657051,S2-701787316,S2-709626608,S2-394314645,S2-308510117,S2-708389947,S2-8982199,S2-933278322,S2-131151726,S2-750426664,S2-117672295,S2-549881386,S2-797821871,S2-528205184,S2-516126165,S2-561420173,S2-859321758,S2-37081703,S2-297926319,S2-321398182,S2-554610011,S2-528320338,S2-937703023,S2-679190243,S2-761989439,S2-331339262,S2-187514897,S2-946002985,S2-281309190,S2-577969603,S2-449617627,S2-379148212,S2-769858942,S2-532543036,S2-726045392,S2-840538759,S2-898880623,S2-492826161,S2-736787326,S2-382657775,S2-590774517,S2-169597264,S2-165930564,S2-811707035,S2-980846147,S2-252321761,S2-631451351,S2-26324258,S2-100598528,S3-859268022,S3-53737228,S3-45067784,S3-128062172,S3-230314480,S3-878295053,S3-572363539,S3-664253519,S3-730662073,S3-891901989,S3-607506773,S3-263247365,S3-232475819,S3-575968805,S3-702183940,S3-92974238,S3-901865937,S3-566328140,S3-797289734,S3-588120445,S3-426545498,S3-367524706,S3-375023535,S3-331944027,S3-169505996,S3-890922145,S3-891626766,S3-136675280,S3-507578619,S3-836927959,S3-260366126,S3-862789788,S3-714994003,S3-32634960,S3-509442398,S3-976681859,S3-190135542,S3-954711163,S3-393744173,S3-460045321,S3-678683280,S3-302901311,S3-465433588,S3-703821326,S3-829490404,S3-896227623,S3-977086194,S3-891618576,S3-479249803,S3-619115665,S3-91294893,S3-104260598,S3-444600693,S3-123694229,S3-197093940,S3-439655728,S3-210818742,S3-918357967,S3-659206129,S3-275360323,S3-968476116,S3-787353706,S3-833884099,S3-26161361,S3-46768096,S3-126982322,S3-548783787,S3-699643086,S3-803003378,S3-459705885,S3-610402578,S3-308631150,S3-408212372,S3-728602891,S3-112942354,S3-960875960,S3-354910039,S3-177049334,S3-551580447,S3-179738152,S3-434491965,S3-564043019,S3-523695838,S3-587791501,S3-312442869,S3-444730740,S3-786831449,S3-364420425,S3-548914378,S3-651762109
S1-109460220	S2-277444929,S2-508602797,S2-684635925,S2-91305348,S2-978126813,S2-349287094,S2-163588551,S2-102309877,S2-224839523,S2-829598251,S2-800014563,S2-67505679,S2-59544689,S2-469073813,S2-435778329,S2-190103142,S2-298914373,S2-628335210,S2-757169960,S2-109121051,S2-541414076,S2-891756213,S2-696635067,S2-971339247,S2-996245861,S2-892923793,S2-308505251,S2-688657051,S2-701787316,S2-709626608,S2-394314645,S2-308510117,S2-708389947,S2-8982199,S2-933278322,S2-131151726,S2-750426664,S2-117672295,S2-549881386,S2-797821871,S2-528205184,S2-516126165,S2-561420173,S2-859321758,S2-37081703,S2-297926319,S2-321398182,S2-554610011,S2-528320338,S2-937703023,S2-679190243,S2-331339262,S2-187514897,S2-946002985,S2-281309190,S2-577969603,S2-449617627,S2-379148212,S2-769858942,S2-532543036,S2-726045392,S2-840538759,S2-898880623,S2-492826161,S2-736787326,S2-382657775,S2-590774517,S2-169597264,S2-165930564,S2-811707035,S2-980846147,S2-252321761,S2-631451351,S2-26324258,S2-100598528,S3-859268022,S3-53737228,S3-45067784,S3-128062172,S3-230314480,S3-878295053,S3-572363539,S3-730662073,S3-891901989,S3-607506773,S3-263247365,S3-232475819,S3-575968805,S3-702183940,S3-92974238,S3-901865937,S3-566328140,S3-797289734,S3-588120445,S3-426545498,S3-367524706,S3-375023535,S3-331944027,S3-169505996,S3-890922145,S3-891626766,S3-136675280,S3-507578619,S3-836927959,S3-260366126,S3-862789788,S3-714994003,S3-32634960,S3-509442398,S3-976681859,S3-190135542,S3-954711163,S3-393744173,S3-460045321,S3-678683280,S3-302901311,S3-465433588,S3-703821326,S3-829490404,S3-896227623,S3-977086194,S3-891618576,S3-479249803,S3-619115665,S3-91294893,S3-104260598,S3-444600693,S3-123694229,S3-197093940,S3-439655728,S3-210818742,S3-918357967,S3-659206129,S3-275360323,S3-968476116,S3-787353706,S3-833884099,S3-26161361,S3-46768096,S3-126982322,S3-548783787,S3-699643086,S3-803003378,S3-459705885,S3-610402578,S3-308631150,S3-408212372,S3-728602891,S3-454085095,S3-112942354,S3-960875960,S3-354910039,S3-177049334,S3-551580447,S3-179738152,S3-434491965,S3-564043019,S3-523695838,S3-587791501,S3-312442869,S3-444730740,S3-786831449,S3-364420425,S3-548914378,S3-651762109
S1-111065528	S2-764573417,S2-163963287,S2-49942811,S2-669879950,S2-332014708,S2-257885603,S2-162849450,S2-164086509,S2-871017791,S2-472544795,S2-967974285,S2-322211984,S2-430379962,S2-648129048,S2-218208532,S2-236577190,S2-755671955,S2-173632166,S2-384219063,S2-232105388,S2-103972023,S2-876721131,S2-957143385,S2-519903945,S3-249416830,S3-493572667,S3-44013376,S3-585479914,S3-791460119,S3-161412777,S3-458988960,S3-113462535,S3-6605683,S3-988710395,S3-899583090,S3-536959514,S3-748452890,S3-306897876,S3-393484059,S3-829024295,S3-833085447,S3-564535893,S3-380295664,S3-189240583,S3-946323575,S3-736041086,S3-961058678,S3-201614402,S3-30824703,S3-311526271,S3-82016851,S3-379984324,S3-406009851,S3-390731898,S3-913950232
S1-111673633	S2-277444929,S2-508602797,S2-684635925,S2-91305348,S2-978126813,S2-349287094,S2-163588551,S2-102309877,S2-224839523,S2-829598251,S2-800014563,S2-67505679,S2-59544689,S2-469073813,S2-435778329,S2-190103142,S2-298914373,S2-628335210,S2-757169960,S2-109121051,S2-541414076,S2-891756213,S2-696635067,S2-971339247,S2-996245861,S2-892923793,S2-308505251,S2-688657051,S2-701787316,S2-709626608,S2-394314645,S2-308510117,S2-708389947,S2-8982199,S2-933278322,S2-131151726,S2-750426664,S2-117672295,S2-549881386,S2-797821871,S2-528205184,S2-516126165,S2-561420173,S2-859321758,S2-37081703,S2-297926319,S2-321398182,S2-554610011,S2-528320338,S2-937703023,S2-679190243,S2-331339262,S2-187514897,S2-946002985,S2-281309190,S2-577969603,S2-449617627,S2-379148212,S2-769858942,S2-532543036,S2-726045392,S2-840538759,S2-898880623,S2-492826161,S2-736787326,S2-382657775,S2-590774517,S2-169597264,S2-165930564,S2-811707035,S2-980846147,S2-252321761,S2-631451351,S2-26324258,S2-100598528,S3-859268022,S3-53737228,S3-45067784,S3-128062172,S3-230314480,S3-878295053,S3-572363539,S3-730662073,S3-891901989,S3-607506773,S3-263247365,S3-232475819,S3-575968805,S3-702183940,S3-92974238,S3-901865937,S3-566328140,S3-797289734,S3-588120445,S3-426545498,S3-367524706,S3-375023535,S3-331944027,S3-169505996,S3-890922145,S3-891626766,S3-136675280,S3-507578619,S3-836927959,S3-260366126,S3-862789788,S3-714994003,S3-32634960,S3-509442398,S3-976681859,S3-190135542,S3-954711163,S3-393744173,S3-460045321,S3-678683280,S3-302901311,S3-465433588,S3-703821326,S3-829490404,S3-896227623,S3-977086194,S3-891618576,S3-479249803,S3-619115665,S3-91294893,S3-104260598,S3-444600693,S3-123694229,S3-197093940,S3-439655728,S3-210818742,S3-918357967,S3-659206129,S3-275360323,S3-968476116,S3-787353706,S3-833884099,S3-26161361,S3-46768096,S3-126982322,S3-548783787,S3-699643086,S3-803003378,S3-459705885,S3-610402578,S3-308631150,S3-408212372,S3-728602891,S3-112942354,S3-960875960,S3-354910039,S3-177049334,S3-551580447,S3-179738152,S3-434491965,S3-564043019,S3-523695838,S3-587791501,S3-312442869,S3-444730740,S3-786831449,S3-364420425,S3-548914378,S3-651762109
S1-113241674	S2-138046867,S2-125007797,S2-187379771,S2-689674207,S2-968244171,S2-142962200,S2-468234939,S2-439384858,S2-450266205,S2-299258785,S2-663446783,S2-591536531,S2-824414038,S2-323747399,S2-781397767,S2-131264573,S3-625913156,S3-341396567,S3-38557301,S3-975051187,S3-988483404,S3-833085447,S3-861155049,S3-659963286
S1-116247627	S2-402816014,S2-374185954,S2-811863966,S3-181819854,S3-299576808,S3-161412777,S3-692514298,S3-269888656,S3-75056814
S1-116737194	S2-721031885,S2-868087865,S2-795141272,S2-953098128,S2-54307441,S2-208005980,S2-187379771,S2-705827573,S2-265287731,S2-622773844,S2-333785505,S2-556543773,S2-152030787,S2-667620668,S2-563158163,S2-41847464,S2-475524221,S2-652827281,S2-943996696,S2-878003016,S2-533197229,S2-402804051,S2-299258785,S2-489049291,S2-756454257,S2-347017935,S2-989100620,S2-556803824,S2-1722538,S2-575166296,S2-61330089,S2-790721694,S2-193995593,S2-811863966,S2-438678740,S2-646516046,S2-828726837,S2-14102665,S2-681609924,S2-374779945,S2-781397767,S2-857071377,S2-482353871,S2-699301561,S2-241726445,S2-131264573,S2-79905632,S3-22467283,S3-578159284,S3-504183980,S3-118652570,S3-323153716,S3-875583147,S3-444450554,S3-660160649,S3-51937572,S3-411324695,S3-97933587,S3-299576808,S3-921372917,S3-961916983,S3-519350515,S3-354096900,S3-369130400,S3-889312836,S3-510778048,S3-81161554,S3-903416633,S3-80323204,S3-257771188,S3-775274701,S3-783906913,S3-289677596,S3-325999314,S3-975051187,S3-49672113,S3-951624052,S3-532479968,S3-593749288,S3-240930945,S3-966369596,S3-861155049,S3-331595551,S3-81212547,S3-800499462,S3-642917160,S3-300224532,S3-789929510
S1-117902162	S2-952329168,S2-6795460,S2-467948188,S2-275401270,S2-529867680,S2-990119436,S2-761989439,S2-379148212,S2-726045392,S2-930194769,S2-539414515,S2-331142396,S2-210903973,S3-960981775,S3-776815069,S3-783004558,S3-730662073,S3-207262214,S3-211882578,S3-447961633,S3-786009122,S3-479249803,S3-797756565,S3-886815845,S3-210818742,S3-659206129,S3-405553422,S3-592073516,S3-262158504,S3-150068856,S3-354910039,S3-587791501
S1-120433302	S2-277444929,S2-91305348,S2-428899461,S2-224839523,S2-895116270,S2-635228641,S2-952329168,S2-784592218,S2-280702058,S2-709626608,S2-308510117,S2-708389947,S2-789302288,S2-797821871,S2-297926319,S2-539779970,S2-187514897,S2-946002985,S2-560043342,S2-548542163,S2-492786272,S2-100598528,S3-859268022,S3-776815069,S3-298996001,S3-572363539,S3-314969122,S3-335805814,S3-284546096,S3-301461097,S3-35900036,S3-304581702,S3-787353706,S3-833884099,S3-451480230,S3-431503485,S3-604536112,S3-728602891,S3-150068856,S3-564043019,S3-523695838,S3-552320642
S1-121839562	S2-721031885,S2-868087865,S2-795141272,S2-953098128,S2-54307441,S2-208005980,S2-187379771,S2-705827573,S2-265287731,S2-622773844,S2-333785505,S2-556543773,S2-152030787,S2-667620668,S2-563158163,S2-946872072,S2-41847464,S2-475524221,S2-652827281,S2-943996696,S2-878003016,S2-533197229,S2-402804051,S2-299258785,S2-489049291,S2-756454257,S2-347017935,S2-989100620,S2-556803824,S2-1722538,S2-575166296,S2-61330089,S2-790721694,S2-193995593,S2-811863966,S2-438678740,S2-646516046,S2-828726837,S2-14102665,S2-681609924,S2-374779945,S2-781397767,S2-308734653,S2-857071377,S2-482353871,S2-699301561,S2-241726445,S2-131264573,S2-79905632,S3-22467283,S3-578159284,S3-504183980,S3-118652570,S3-323153716,S3-875583147,S3-444450554,S3-660160649,S3-51937572,S3-411324695,S3-97933587,S3-299576808,S3-921372917,S3-474790592,S3-961916983,S3-519350515,S3-354096900,S3-369130400,S3-889312836,S3-510778048,S3-81161554,S3-903416633,S3-80323204,S3-257771188,S3-775274701,S3-783906913,S3-289677596,S3-325999314,S3-975051187,S3-49672113,S3-951624052,S3-532479968,S3-593749288,S3-401540298,S3-240930945,S3-966369596,S3-861155049,S3-331595551,S3-182177107,S3-81212547,S3-800499462,S3-642917160,S3-300224532,S3-789929510
S1-122492157	S2-721031885,S2-868087865,S2-795141272,S2-953098128,S2-54307441,S2-208005980,S2-187379771,S2-705827573,S2-265287731,S2-622773844,S2-333785505,S2-556543773,S2-152030787,S2-667620668,S2-563158163,S2-41847464,S2-475524221,S2-652827281,S2-943996696,S2-878003016,S2-533197229,S2-402804051,S2-299258785,S2-489049291,S2-756454257,S2-347017935,S2-989100620,S2-556803824,S2-1722538,S2-575166296,S2-61330089,S2-790721694,S2-193995593,S2-811863966,S2-438678740,S2-646516046,S2-828726837,S2-14102665,S2-681609924,S2-374779945,S2-781397767,S2-857071377,S2-482353871,S2-699301561,S2-241726445,S2-131264573,S2-79905632,S3-22467283,S3-578159284,S3-504183980,S3-118652570,S3-323153716,S3-875583147,S3-444450554,S3-660160649,S3-51937572,S3-411324695,S3-97933587,S3-299576808,S3-921372917,S3-961916983,S3-519350515,S3-354096900,S3-369130400,S3-889312836,S3-510778048,S3-81161554,S3-903416633,S3-80323204,S3-257771188,S3-775274701,S3-783906913,S3-289677596,S3-325999314,S3-975051187,S3-49672113,S3-951624052,S3-532479968,S3-593749288,S3-240930945,S3-966369596,S3-861155049,S3-331595551,S3-81212547,S3-800499462,S3-642917160,S3-300224532,S3-789929510
S1-124712855	S2-277444929,S2-508602797,S2-684635925,S2-91305348,S2-978126813,S2-349287094,S2-163588551,S2-102309877,S2-224839523,S2-829598251,S2-800014563,S2-67505679,S2-59544689,S2-469073813,S2-435778329,S2-190103142,S2-298914373,S2-628335210,S2-757169960,S2-109121051,S2-541414076,S2-891756213,S2-696635067,S2-971339247,S2-996245861,S2-892923793,S2-308505251,S2-688657051,S2-701787316,S2-709626608,S2-394314645,S2-308510117,S2-708389947,S2-8982199,S2-933278322,S2-131151726,S2-750426664,S2-117672295,S2-549881386,S2-797821871,S2-528205184,S2-516126165,S2-561420173,S2-859321758,S2-37081703,S2-297926319,S2-321398182,S2-554610011,S2-528320338,S2-937703023,S2-679190243,S2-331339262,S2-187514897,S2-946002985,S2-281309190,S2-577969603,S2-449617627,S2-379148212,S2-769858942,S2-532543036,S2-726045392,S2-840538759,S2-898880623,S2-492826161,S2-736787326,S2-382657775,S2-590774517,S2-169597264,S2-165930564,S2-811707035,S2-980846147,S2-252321761,S2-631451351,S2-26324258,S2-100598528,S3-859268022,S3-53737228,S3-45067784,S3-128062172,S3-230314480,S3-878295053,S3-572363539,S3-730662073,S3-891901989,S3-607506773,S3-263247365,S3-232475819,S3-575968805,S3-702183940,S3-92974238,S3-901865937,S3-566328140,S3-797289734,S3-588120445,S3-426545498,S3-367524706,S3-375023535,S3-331944027,S3-169505996,S3-890922145,S3-891626766,S3-136675280,S3-507578619,S3-836927959,S3-260366126,S3-862789788,S3-714994003,S3-32634960,S3-509442398,S3-976681859,S3-190135542,S3-954711163,S3-393744173,S3-460045321,S3-678683280,S3-302901311,S3-465433588,S3-703821326,S3-829490404,S3-896227623,S3-977086194,S3-891618576,S3-479249803,S3-619115665,S3-91294893,S3-104260598,S3-444600693,S3-123694229,S3-197093940,S3-439655728,S3-210818742,S3-918357967,S3-659206129,S3-275360323,S3-968476116,S3-787353706,S3-833884099,S3-26161361,S3-46768096,S3-126982322,S3-548783787,S3-699643086,S3-803003378,S3-459705885,S3-610402578,S3-308631150,S3-408212372,S3-728602891,S3-112942354,S3-960875960,S3-354910039,S3-177049334,S3-551580447,S3-179738152,S3-434491965,S3-564043019,S3-523695838,S3-587791501,S3-312442869,S3-444730740,S3-786831449,S3-364420425,S3-548914378,S3-651762109
S1-125331877	S2-684635925,S2-469073813,S2-797821871,S2-552487507,S2-260885692,S2-531458823,S2-60818919,S3-509442398,S3-490973637,S3-177049334
S1-126927804	S2-277444929,S2-91305348,S2-428899461,S2-224839523,S2-895116270,S2-635228641,S2-952329168,S2-784592218,S2-280702058,S2-709626608,S2-394314645,S2-308510117,S2-708389947,S2-789302288,S2-797821871,S2-897475107,S2-297926319,S2-679190243,S2-539779970,S2-187514897,S2-946002985,S2-539414515,S2-560043342,S2-268932954,S2-548542163,S2-492786272,S2-100598528,S3-859268022,S3-776815069,S3-298996001,S3-572363539,S3-314969122,S3-335805814,S3-987031930,S3-367524706,S3-260366126,S3-447961633,S3-60787735,S3-284546096,S3-301461097,S3-35900036,S3-304581702,S3-787353706,S3-833884099,S3-325154278,S3-26161361,S3-451480230,S3-463723999,S3-431503485,S3-604536112,S3-728602891,S3-150068856,S3-564043019,S3-523695838,S3-489913201,S3-552320642,S3-651762109
S1-128347375	S2-277444929,S2-508602797,S2-684635925,S2-91305348,S2-978126813,S2-349287094,S2-163588551,S2-102309877,S2-224839523,S2-829598251,S2-800014563,S2-67505679,S2-59544689,S2-469073813,S2-435778329,S2-190103142,S2-298914373,S2-628335210,S2-757169960,S2-109121051,S2-541414076,S2-891756213,S2-696635067,S2-971339247,S2-996245861,S2-892923793,S2-308505251,S2-688657051,S2-701787316,S2-709626608,S2-394314645,S2-308510117,S2-708389947,S2-8982199,S2-933278322,S2-131151726,S2-750426664,S2-117672295,S2-549881386,S2-797821871,S2-528205184,S2-516126165,S2-561420173,S2-859321758,S2-37081703,S2-297926319,S2-321398182,S2-554610011,S2-528320338,S2-937703023,S2-679190243,S2-331339262,S2-187514897,S2-946002985,S2-281309190,S2-577969603,S2-449617627,S2-379148212,S2-769858942,S2-532543036,S2-726045392,S2-840538759,S2-898880623,S2-492826161,S2-736787326,S2-382657775,S2-590774517,S2-169597264,S2-165930564,S2-811707035,S2-980846147,S2-252321761,S2-631451351,S2-26324258,S2-100598528,S3-859268022,S3-53737228,S3-45067784,S3-128062172,S3-230314480,S3-878295053,S3-726575561,S3-572363539,S3-730662073,S3-891901989,S3-607506773,S3-263247365,S3-232475819,S3-575968805,S3-702183940,S3-92974238,S3-901865937,S3-566328140,S3-797289734,S3-588120445,S3-426545498,S3-367524706,S3-375023535,S3-331944027,S3-169505996,S3-890922145,S3-891626766,S3-136675280,S3-507578619,S3-836927959,S3-260366126,S3-862789788,S3-714994003,S3-32634960,S3-509442398,S3-976681859,S3-190135542,S3-954711163,S3-393744173,S3-460045321,S3-678683280,S3-302901311,S3-465433588,S3-703821326,S3-829490404,S3-896227623,S3-977086194,S3-891618576,S3-479249803,S3-619115665,S3-91294893,S3-104260598,S3-444600693,S3-123694229,S3-197093940,S3-439655728,S3-210818742,S3-918357967,S3-659206129,S3-275360323,S3-968476116,S3-787353706,S3-833884099,S3-26161361,S3-46768096,S3-126982322,S3-548783787,S3-699643086,S3-803003378,S3-459705885,S3-610402578,S3-308631150,S3-408212372,S3-728602891,S3-112942354,S3-960875960,S3-354910039,S3-177049334,S3-551580447,S3-179738152,S3-434491965,S3-564043019,S3-523695838,S3-587791501,S3-312442869,S3-444730740,S3-786831449,S3-364420425,S3-548914378,S3-651762109
S1-131038804	S2-721031885,S2-868087865,S2-795141272,S2-953098128,S2-54307441,S2-208005980,S2-187379771,S2-705827573,S2-265287731,S2-622773844,S2-333785505,S2-556543773,S2-152030787,S2-667620668,S2-563158163,S2-41847464,S2-475524221,S2-652827281,S2-943996696,S2-878003016,S2-533197229,S2-402804051,S2-299258785,S2-489049291,S2-756454257,S2-347017935,S2-989100620,S2-556803824,S2-755671955,S2-1722538,S2-575166296,S2-61330089,S2-790721694,S2-193995593,S2-811863966,S2-438678740,S2-646516046,S2-828726837,S2-14102665,S2-681609924,S2-374779945,S2-781397767,S2-857071377,S2-482353871,S2-699301561,S2-241726445,S2-131264573,S2-79905632,S3-22467283,S3-578159284,S3-504183980,S3-118652570,S3-181819854,S3-323153716,S3-875583147,S3-444450554,S3-660160649,S3-51937572,S3-411324695,S3-97933587,S3-299576808,S3-921372917,S3-961916983,S3-519350515,S3-354096900,S3-369130400,S3-889312836,S3-510778048,S3-81161554,S3-903416633,S3-80323204,S3-257771188,S3-775274701,S3-783906913,S3-289677596,S3-325999314,S3-975051187,S3-49672113,S3-951624052,S3-532479968,S3-593749288,S3-240930945,S3-966369596,S3-861155049,S3-331595551,S3-81212547,S3-800499462,S3-642917160,S3-300224532,S3-789929510
S1-133868991	S2-508602797,S2-684635925,S2-978126813,S2-349287094,S2-102309877,S2-800014563,S2-67505679,S2-59544689,S2-190103142,S2-298914373,S2-628335210,S2-940708406,S2-109121051,S2-541414076,S2-891756213,S2-696635067,S2-971339247,S2-996245861,S2-892923793,S2-308505251,S2-701787316,S2-394314645,S2-8982199,S2-131151726,S2-750426664,S2-117672295,S2-549881386,S2-528205184,S2-561420173,S2-859321758,S2-37081703,S2-321398182,S2-937703023,S2-679190243,S2-331339262,S2-281309190,S2-577969603,S2-840538759,S2-898880623,S2-492826161,S2-736787326,S2-590774517,S2-169597264,S2-631451351,S2-26324258,S3-53737228,S3-45067784,S3-128062172,S3-230314480,S3-878295053,S3-730662073,S3-607506773,S3-263247365,S3-232475819,S3-575968805,S3-92974238,S3-901865937,S3-566328140,S3-797289734,S3-426545498,S3-375023535,S3-331944027,S3-890922145,S3-136675280,S3-507578619,S3-836927959,S3-81892603,S3-498867067,S3-260366126,S3-862789788,S3-32634960,S3-509442398,S3-460045321,S3-465433588,S3-703821326,S3-829490404,S3-896227623,S3-977086194,S3-479249803,S3-619115665,S3-91294893,S3-104260598,S3-444600693,S3-123694229,S3-197093940,S3-918357967,S3-659206129,S3-275360323,S3-26161361,S3-46768096,S3-126982322,S3-548783787,S3-803003378,S3-459705885,S3-610402578,S3-308631150,S3-408212372,S3-112942354,S3-960875960,S3-177049334,S3-551580447,S3-179738152,S3-434491965,S3-587791501,S3-444730740,S3-786831449,S3-364420425,S3-548914378,S3-651762109
S1-136894582	S2-784715242,S3-722381828
S1-13859063	S2-763108962,S2-970843942
S1-139532667	S2-628335210,S3-74613320,S3-375023535,S3-401809170,S3-190596250
S1-140525226	S2-867614780,S2-511376005,S2-440137459,S3-791460119
S1-145606139	S2-634015823,S2-290146361,S2-123409799,S3-891585470,S3-321391876,S3-28762331,S3-148895274,S3-447768533,S3-561696284,S3-761966080,S3-401540298,S3-99505923,S3-60189393
S1-145829425	S2-784592218,S2-484700872,S3-53737228,S3-786009122,S3-461388509
S1-147465602	S2-277444929,S2-508602797,S2-684635925,S2-91305348,S2-978126813,S2-349287094,S2-163588551,S2-102309877,S2-224839523,S2-829598251,S2-800014563,S2-67505679,S2-59544689,S2-469073813,S2-435778329,S2-190103142,S2-298914373,S2-628335210,S2-757169960,S2-109121051,S2-541414076,S2-891756213,S2-696635067,S2-971339247,S2-996245861,S2-892923793,S2-308505251,S2-688657051,S2-701787316,S2-709626608,S2-394314645,S2-308510117,S2-708389947,S2-8982199,S2-933278322,S2-131151726,S2-750426664,S2-117672295,S2-549881386,S2-797821871,S2-528205184,S2-516126165,S2-561420173,S2-859321758,S2-37081703,S2-297926319,S2-321398182,S2-554610011,S2-528320338,S2-937703023,S2-679190243,S2-895797947,S2-331339262,S2-187514897,S2-946002985,S2-281309190,S2-577969603,S2-449617627,S2-379148212,S2-769858942,S2-532543036,S2-726045392,S2-840538759,S2-898880623,S2-492826161,S2-736787326,S2-382657775,S2-590774517,S2-169597264,S2-165930564,S2-811707035,S2-980846147,S2-252321761,S2-631451351,S2-26324258,S2-100598528,S3-859268022,S3-53737228,S3-45067784,S3-128062172,S3-230314480,S3-878295053,S3-572363539,S3-730662073,S3-891901989,S3-607506773,S3-263247365,S3-232475819,S3-575968805,S3-702183940,S3-92974238,S3-901865937,S3-566328140,S3-797289734,S3-588120445,S3-426545498,S3-367524706,S3-375023535,S3-331944027,S3-169505996,S3-890922145,S3-891626766,S3-136675280,S3-507578619,S3-836927959,S3-260366126,S3-862789788,S3-714994003,S3-32634960,S3-509442398,S3-976681859,S3-190135542,S3-954711163,S3-393744173,S3-460045321,S3-678683280,S3-302901311,S3-465433588,S3-703821326,S3-829490404,S3-896227623,S3-977086194,S3-891618576,S3-479249803,S3-619115665,S3-91294893,S3-104260598,S3-444600693,S3-123694229,S3-197093940,S3-439655728,S3-210818742,S3-918357967,S3-659206129,S3-275360323,S3-968476116,S3-787353706,S3-833884099,S3-26161361,S3-46768096,S3-126982322,S3-548783787,S3-699643086,S3-803003378,S3-459705885,S3-610402578,S3-308631150,S3-408212372,S3-728602891,S3-112942354,S3-960875960,S3-354910039,S3-177049334,S3-551580447,S3-179738152,S3-434491965,S3-564043019,S3-523695838,S3-587791501,S3-312442869,S3-444730740,S3-786831449,S3-364420425,S3-548914378,S3-651762109
S1-148845479	S2-838526909,S2-630651352,S2-736654053,S2-784715242,S2-533197229,S2-716687956,S2-114121811,S2-772997011,S3-244694796,S3-372045674,S3-804770389,S3-712441242,S3-211164327,S3-180062010,S3-109335189,S3-94880110,S3-330036890,S3-245133916,S3-69171474
S1-151608539	S2-277444929,S2-91305348,S2-428899461,S2-224839523,S2-895116270,S2-635228641,S2-952329168,S2-784592218,S2-280702058,S2-709626608,S2-308510117,S2-708389947,S2-789302288,S2-797821871,S2-297926319,S2-539779970,S2-187514897,S2-946002985,S2-560043342,S2-548542163,S2-492786272,S2-100598528,S3-859268022,S3-776815069,S3-298996001,S3-572363539,S3-314969122,S3-335805814,S3-284546096,S3-301461097,S3-35900036,S3-304581702,S3-787353706,S3-833884099,S3-451480230,S3-431503485,S3-604536112,S3-728602891,S3-150068856,S3-564043019,S3-523695838,S3-552320642
S1-152217425	S2-669879950,S2-298761341,S2-472544795,S2-475524221,S2-479278257,S2-100101893,S2-492879191,S2-575166296,S2-904673479,S2-957143385,S2-746717750,S2-241726445,S3-551148968,S3-777257171,S3-940228072,S3-299576808,S3-14718400,S3-517654841,S3-49672113,S3-980152742,S3-390731898,S3-436725377,S3-114276926,S3-245133916,S3-168396245
S1-152967828	S2-944555126,S2-511376005,S2-479331549,S2-783194949,S2-440137459,S2-443406741,S3-791460119
S1-153055996	S2-163963287,S2-402816014,S2-430379962,S2-811863966,S3-181819854,S3-299576808,S3-161412777,S3-999637845,S3-879599711,S3-269888656,S3-75056814
S1-155027115	S2-298914373,S2-605633090,S2-769858942,S2-445568278,S3-81892603,S3-460045321,S3-35900036
S1-159067707	S2-277444929,S2-508602797,S2-684635925,S2-91305348,S2-978126813,S2-349287094,S2-163588551,S2-102309877,S2-224839523,S2-829598251,S2-800014563,S2-67505679,S2-59544689,S2-469073813,S2-435778329,S2-952329168,S2-190103142,S2-298914373,S2-628335210,S2-757169960,S2-109121051,S2-541414076,S2-891756213,S2-696635067,S2-971339247,S2-996245861,S2-892923793,S2-308505251,S2-688657051,S2-701787316,S2-709626608,S2-394314645,S2-308510117,S2-708389947,S2-8982199,S2-933278322,S2-131151726,S2-750426664,S2-529867680,S2-117672295,S2-549881386,S2-797821871,S2-528205184,S2-516126165,S2-561420173,S2-859321758,S2-990119436,S2-37081703,S2-297926319,S2-321398182,S2-554610011,S2-528320338,S2-937703023,S2-679190243,S2-761989439,S2-331339262,S2-187514897,S2-946002985,S2-281309190,S2-577969603,S2-449617627,S2-379148212,S2-769858942,S2-532543036,S2-726045392,S2-930194769,S2-840538759,S2-898880623,S2-492826161,S2-736787326,S2-382657775,S2-590774517,S2-169597264,S2-165930564,S2-210903973,S2-811707035,S2-980846147,S2-252321761,S2-631451351,S2-26324258,S2-100598528,S3-859268022,S3-53737228,S3-45067784,S3-128062172,S3-776815069,S3-230314480,S3-878295053,S3-572363539,S3-730662073,S3-891901989,S3-607506773,S3-263247365,S3-232475819,S3-575968805,S3-702183940,S3-92974238,S3-901865937,S3-566328140,S3-797289734,S3-588120445,S3-207262214,S3-426545498,S3-367524706,S3-375023535,S3-331944027,S3-169505996,S3-890922145,S3-891626766,S3-136675280,S3-507578619,S3-836927959,S3-260366126,S3-211882578,S3-862789788,S3-714994003,S3-32634960,S3-509442398,S3-976681859,S3-447961633,S3-190135542,S3-954711163,S3-393744173,S3-460045321,S3-678683280,S3-786009122,S3-302901311,S3-465433588,S3-703821326,S3-829490404,S3-896227623,S3-977086194,S3-891618576,S3-479249803,S3-619115665,S3-91294893,S3-104260598,S3-444600693,S3-123694229,S3-197093940,S3-439655728,S3-210818742,S3-918357967,S3-659206129,S3-275360323,S3-968476116,S3-787353706,S3-833884099,S3-26161361,S3-46768096,S3-126982322,S3-548783787,S3-699643086,S3-803003378,S3-459705885,S3-405553422,S3-610402578,S3-308631150,S3-592073516,S3-408212372,S3-262158504,S3-728602891,S3-150068856,S3-112942354,S3-960875960,S3-354910039,S3-177049334,S3-551580447,S3-179738152,S3-434491965,S3-564043019,S3-523695838,S3-587791501,S3-312442869,S3-444730740,S3-786831449,S3-364420425,S3-548914378,S3-651762109
S1-162806244	S2-129228958,S2-623164214,S2-988340451,S2-450266205,S2-663446783,S2-72944171,S2-891051005,S2-108630610,S2-8299927,S3-628876983,S3-421946613,S3-608740521,S3-240414259,S3-937604614
S1-164240371	S2-857681318,S2-589492301,S3-51937572,S3-572598570,S3-303047307,S3-288750155,S3-585479914,S3-971943018
S1-165891282	S2-778736994,S2-109121051,S2-970843942,S2-709626608,S2-728928259,S2-9962270,S2-215182600,S3-92974238,S3-211882578,S3-259154367,S3-439655728,S3-451480230,S3-463723999,S3-753125827,S3-262158504,S3-552320642
S1-16609748	S2-721031885,S2-868087865,S2-795141272,S2-953098128,S2-54307441,S2-208005980,S2-187379771,S2-705827573,S2-265287731,S2-622773844,S2-333785505,S2-556543773,S2-152030787,S2-667620668,S2-563158163,S2-41847464,S2-475524221,S2-652827281,S2-943996696,S2-878003016,S2-533197229,S2-402804051,S2-299258785,S2-489049291,S2-756454257,S2-347017935,S2-989100620,S2-556803824,S2-1722538,S2-575166296,S2-61330089,S2-790721694,S2-792661362,S2-193995593,S2-811863966,S2-438678740,S2-646516046,S2-828726837,S2-14102665,S2-681609924,S2-374779945,S2-781397767,S2-857071377,S2-482353871,S2-699301561,S2-241726445,S2-131264573,S2-79905632,S3-22467283,S3-578159284,S3-504183980,S3-118652570,S3-323153716,S3-875583147,S3-444450554,S3-660160649,S3-51937572,S3-411324695,S3-97933587,S3-299576808,S3-921372917,S3-961916983,S3-519350515,S3-354096900,S3-369130400,S3-889312836,S3-510778048,S3-81161554,S3-903416633,S3-80323204,S3-257771188,S3-775274701,S3-783906913,S3-289677596,S3-325999314,S3-975051187,S3-49672113,S3-951624052,S3-532479968,S3-593749288,S3-401540298,S3-240930945,S3-966369596,S3-861155049,S3-979234382,S3-331595551,S3-81212547,S3-800499462,S3-642917160,S3-300224532,S3-789929510
S1-16642923	S2-277444929,S2-91305348,S2-428899461,S2-224839523,S2-895116270,S2-635228641,S2-952329168,S2-784592218,S2-280702058,S2-709626608,S2-394314645,S2-308510117,S2-708389947,S2-789302288,S2-797821871,S2-897475107,S2-297926319,S2-679190243,S2-539779970,S2-187514897,S2-946002985,S2-539414515,S2-560043342,S2-268932954,S2-548542163,S2-631451351,S2-492786272,S2-100598528,S3-859268022,S3-776815069,S3-298996001,S3-572363539,S3-314969122,S3-335805814,S3-987031930,S3-260366126,S3-447961633,S3-60787735,S3-284546096,S3-301461097,S3-35900036,S3-304581702,S3-787353706,S3-833884099,S3-325154278,S3-451480230,S3-463723999,S3-431503485,S3-604536112,S3-728602891,S3-150068856,S3-960875960,S3-564043019,S3-523695838,S3-489913201,S3-552320642,S3-651762109
S1-166601186	S2-721031885,S2-868087865,S2-795141272,S2-953098128,S2-235039028,S2-54307441,S2-73037424,S2-208005980,S2-187379771,S2-457500956,S2-705827573,S2-265287731,S2-622773844,S2-333785505,S2-556543773,S2-152030787,S2-667620668,S2-563158163,S2-41847464,S2-475524221,S2-652827281,S2-943996696,S2-878003016,S2-533197229,S2-402804051,S2-299258785,S2-489049291,S2-756454257,S2-347017935,S2-516249560,S2-716687956,S2-989100620,S2-556803824,S2-1722538,S2-575166296,S2-61330089,S2-790721694,S2-193995593,S2-811863966,S2-438678740,S2-646516046,S2-828726837,S2-14102665,S2-681609924,S2-374779945,S2-781397767,S2-857071377,S2-482353871,S2-699301561,S2-241726445,S2-131264573,S2-79905632,S2-716961117,S3-22467283,S3-578159284,S3-504183980,S3-118652570,S3-323153716,S3-875583147,S3-444450554,S3-660160649,S3-51937572,S3-411324695,S3-97933587,S3-299576808,S3-921372917,S3-161412777,S3-961916983,S3-519350515,S3-354096900,S3-369130400,S3-889312836,S3-510778048,S3-81161554,S3-903416633,S3-80323204,S3-257771188,S3-775274701,S3-783906913,S3-289677596,S3-325999314,S3-975051187,S3-49672113,S3-951624052,S3-532479968,S3-593749288,S3-80888417,S3-240930945,S3-966369596,S3-861155049,S3-331595551,S3-81212547,S3-800499462,S3-642917160,S3-300224532,S3-789929510
S1-169008536	S3-891901989,S3-408212372
S1-170960991	S2-829598251,S2-67505679,S2-895116270,S2-635228641,S2-467948188,S2-280702058,S2-688657051,S2-728928259,S2-8982199,S2-258702122,S2-215182600,S2-850499815,S2-552487507,S2-698001157,S2-160694137,S2-878134898,S3-878295053,S3-725749046,S3-298996001,S3-92974238,S3-507578619,S3-26161361,S3-46768096,S3-150068856,S3-444730740,S3-552320642
S1-173906255	S2-138046867,S2-125007797,S2-187379771,S2-689674207,S2-968244171,S2-142962200,S2-468234939,S2-439384858,S2-450266205,S2-299258785,S2-663446783,S2-591536531,S2-824414038,S2-323747399,S2-781397767,S2-131264573,S3-625913156,S3-341396567,S3-38557301,S3-975051187,S3-988483404,S3-833085447,S3-861155049,S3-659963286
S1-173971969	S2-277444929,S2-91305348,S2-428899461,S2-224839523,S2-895116270,S2-635228641,S2-952329168,S2-784592218,S2-280702058,S2-709626608,S2-394314645,S2-308510117,S2-708389947,S2-789302288,S2-797821871,S2-897475107,S2-297926319,S2-679190243,S2-539779970,S2-187514897,S2-946002985,S2-539414515,S2-560043342,S2-268932954,S2-548542163,S2-631451351,S2-492786272,S2-100598528,S3-859268022,S3-776815069,S3-298996001,S3-572363539,S3-314969122,S3-335805814,S3-987031930,S3-260366126,S3-447961633,S3-60787735,S3-284546096,S3-301461097,S3-35900036,S3-304581702,S3-787353706,S3-833884099,S3-325154278,S3-451480230,S3-463723999,S3-431503485,S3-604536112,S3-728602891,S3-150068856,S3-960875960,S3-564043019,S3-523695838,S3-489913201,S3-552320642,S3-651762109
S1-17506850	S2-508602797,S2-684635925,S2-978126813,S2-349287094,S2-102309877,S2-800014563,S2-67505679,S2-59544689,S2-778736994,S2-190103142,S2-298914373,S2-628335210,S2-109121051,S2-970843942,S2-541414076,S2-891756213,S2-696635067,S2-971339247,S2-996245861,S2-892923793,S2-308505251,S2-701787316,S2-709626608,S2-394314645,S2-8982199,S2-131151726,S2-750426664,S2-117672295,S2-549881386,S2-528205184,S2-561420173,S2-859321758,S2-37081703,S2-321398182,S2-937703023,S2-679190243,S2-331339262,S2-281309190,S2-577969603,S2-840538759,S2-898880623,S2-492826161,S2-736787326,S2-590774517,S2-169597264,S2-631451351,S2-26324258,S3-53737228,S3-45067784,S3-128062172,S3-230314480,S3-878295053,S3-730662073,S3-607506773,S3-263247365,S3-232475819,S3-575968805,S3-92974238,S3-901865937,S3-566328140,S3-797289734,S3-426545498,S3-375023535,S3-331944027,S3-890922145,S3-136675280,S3-507578619,S3-836927959,S3-260366126,S3-211882578,S3-862789788,S3-32634960,S3-509442398,S3-460045321,S3-465433588,S3-703821326,S3-829490404,S3-896227623,S3-977086194,S3-479249803,S3-619115665,S3-91294893,S3-104260598,S3-444600693,S3-123694229,S3-197093940,S3-439655728,S3-918357967,S3-659206129,S3-275360323,S3-26161361,S3-46768096,S3-463723999,S3-126982322,S3-548783787,S3-803003378,S3-459705885,S3-610402578,S3-308631150,S3-408212372,S3-112942354,S3-960875960,S3-177049334,S3-551580447,S3-179738152,S3-434491965,S3-587791501,S3-444730740,S3-786831449,S3-364420425,S3-552320642,S3-548914378,S3-651762109
S1-176550551	S3-396182476,S3-893149997,S3-833134140
S1-17666546	S2-721031885,S2-868087865,S2-795141272,S2-953098128,S2-54307441,S2-208005980,S2-187379771,S2-705827573,S2-265287731,S2-622773844,S2-333785505,S2-556543773,S2-152030787,S2-667620668,S2-563158163,S2-41847464,S2-475524221,S2-652827281,S2-943996696,S2-878003016,S2-533197229,S2-474934237,S2-402804051,S2-299258785,S2-489049291,S2-756454257,S2-347017935,S2-989100620,S2-556803824,S2-1722538,S2-575166296,S2-61330089,S2-790721694,S2-193995593,S2-811863966,S2-438678740,S2-646516046,S2-828726837,S2-14102665,S2-681609924,S2-374779945,S2-781397767,S2-857071377,S2-482353871,S2-699301561,S2-241726445,S2-131264573,S2-79905632,S3-22467283,S3-578159284,S3-504183980,S3-118652570,S3-323153716,S3-875583147,S3-444450554,S3-660160649,S3-51937572,S3-411324695,S3-97933587,S3-299576808,S3-921372917,S3-585479914,S3-961916983,S3-519350515,S3-354096900,S3-369130400,S3-889312836,S3-510778048,S3-81161554,S3-903416633,S3-80323204,S3-8222959,S3-257771188,S3-775274701,S3-783906913,S3-289677596,S3-325999314,S3-975051187,S3-49672113,S3-951624052,S3-532479968,S3-593749288,S3-240930945,S3-966369596,S3-861155049,S3-331595551,S3-81212547,S3-800499462,S3-642917160,S3-300224532,S3-789929510
S1-177375169	S2-138046867,S2-721031885,S2-868087865,S2-795141272,S2-953098128,S2-54307441,S2-208005980,S2-125007797,S2-187379771,S2-705827573,S2-689674207,S2-265287731,S2-622773844,S2-333785505,S2-556543773,S2-152030787,S2-667620668,S2-968244171,S2-563158163,S2-142962200,S2-468234939,S2-439384858,S2-41847464,S2-475524221,S2-652827281,S2-943996696,S2-878003016,S2-533197229,S2-402804051,S2-450266205,S2-299258785,S2-489049291,S2-756454257,S2-347017935,S2-989100620,S2-663446783,S2-556803824,S2-591536531,S2-1722538,S2-575166296,S2-61330089,S2-790721694,S2-193995593,S2-811863966,S2-438678740,S2-824414038,S2-646516046,S2-828726837,S2-14102665,S2-681609924,S2-323747399,S2-374779945,S2-781397767,S2-857071377,S2-482353871,S2-699301561,S2-241726445,S2-131264573,S2-79905632,S3-22467283,S3-578159284,S3-504183980,S3-118652570,S3-323153716,S3-875583147,S3-444450554,S3-660160649,S3-51937572,S3-411324695,S3-97933587,S3-299576808,S3-921372917,S3-625913156,S3-961916983,S3-519350515,S3-354096900,S3-369130400,S3-341396567,S3-889312836,S3-510778048,S3-81161554,S3-903416633,S3-80323204,S3-257771188,S3-38557301,S3-775274701,S3-783906913,S3-289677596,S3-325999314,S3-975051187,S3-988483404,S3-49672113,S3-951624052,S3-833085447,S3-532479968,S3-593749288,S3-240930945,S3-966369596,S3-861155049,S3-659963286,S3-331595551,S3-81212547,S3-800499462,S3-642917160,S3-300224532,S3-789929510
S1-183363639	S2-764573417,S2-163963287,S2-49942811,S2-669879950,S2-54307441,S2-332014708,S2-257885603,S2-162849450,S2-164086509,S2-871017791,S2-472544795,S2-967974285,S2-736654053,S2-322211984,S2-430379962,S2-648129048,S2-785852339,S2-218208532,S2-236577190,S2-161047745,S2-755671955,S2-173632166,S2-384219063,S2-1722538,S2-232105388,S2-103972023,S2-772997011,S2-876721131,S2-957143385,S2-764430935,S2-519903945,S3-249416830,S3-493572667,S3-44013376,S3-585479914,S3-791460119,S3-161412777,S3-458988960,S3-113462535,S3-6605683,S3-988710395,S3-899583090,S3-536959514,S3-748452890,S3-306897876,S3-393484059,S3-829024295,S3-833085447,S3-564535893,S3-380295664,S3-189240583,S3-946323575,S3-736041086,S3-961058678,S3-201614402,S3-30824703,S3-311526271,S3-82016851,S3-379984324,S3-406009851,S3-390731898,S3-913950232
S1-187558029	S2-868087865,S2-88437832
S1-192327811	S2-684635925,S2-469073813,S2-529867680,S2-895797947,S2-878134898,S2-531458823,S3-10942321,S3-780118815,S3-490973637
S1-19400879	S2-235039028,S2-153334775
S1-19593330	S2-764573417,S2-163963287,S2-49942811,S2-669879950,S2-332014708,S2-257885603,S2-162849450,S2-164086509,S2-871017791,S2-472544795,S2-967974285,S2-322211984,S2-430379962,S2-648129048,S2-218208532,S2-236577190,S2-755671955,S2-173632166,S2-384219063,S2-232105388,S2-103972023,S2-876721131,S2-957143385,S2-519903945,S3-249416830,S3-493572667,S3-44013376,S3-585479914,S3-791460119,S3-161412777,S3-458988960,S3-113462535,S3-6605683,S3-988710395,S3-899583090,S3-536959514,S3-748452890,S3-306897876,S3-393484059,S3-829024295,S3-833085447,S3-564535893,S3-380295664,S3-189240583,S3-946323575,S3-736041086,S3-961058678,S3-201614402,S3-30824703,S3-311526271,S3-82016851,S3-379984324,S3-406009851,S3-390731898,S3-913950232
S1-198026451	S2-277444929,S2-508602797,S2-684635925,S2-91305348,S2-978126813,S2-349287094,S2-163588551,S2-102309877,S2-224839523,S2-829598251,S2-800014563,S2-67505679,S2-59544689,S2-469073813,S2-435778329,S2-190103142,S2-298914373,S2-628335210,S2-757169960,S2-109121051,S2-541414076,S2-891756213,S2-696635067,S2-773208378,S2-971339247,S2-996245861,S2-892923793,S2-308505251,S2-688657051,S2-701787316,S2-709626608,S2-394314645,S2-308510117,S2-708389947,S2-8982199,S2-933278322,S2-131151726,S2-750426664,S2-117672295,S2-549881386,S2-797821871,S2-528205184,S2-516126165,S2-561420173,S2-859321758,S2-37081703,S2-297926319,S2-321398182,S2-554610011,S2-528320338,S2-937703023,S2-679190243,S2-331339262,S2-187514897,S2-946002985,S2-281309190,S2-577969603,S2-449617627,S2-379148212,S2-769858942,S2-532543036,S2-726045392,S2-840538759,S2-898880623,S2-492826161,S2-736787326,S2-382657775,S2-590774517,S2-169597264,S2-165930564,S2-811707035,S2-980846147,S2-252321761,S2-631451351,S2-26324258,S2-100598528,S3-859268022,S3-53737228,S3-45067784,S3-128062172,S3-230314480,S3-878295053,S3-572363539,S3-730662073,S3-891901989,S3-607506773,S3-263247365,S3-232475819,S3-575968805,S3-702183940,S3-244849851,S3-92974238,S3-901865937,S3-566328140,S3-797289734,S3-588120445,S3-426545498,S3-367524706,S3-375023535,S3-331944027,S3-169505996,S3-890922145,S3-891626766,S3-136675280,S3-507578619,S3-836927959,S3-260366126,S3-862789788,S3-714994003,S3-32634960,S3-509442398,S3-976681859,S3-190135542,S3-954711163,S3-393744173,S3-460045321,S3-678683280,S3-302901311,S3-465433588,S3-703821326,S3-829490404,S3-896227623,S3-977086194,S3-891618576,S3-479249803,S3-619115665,S3-91294893,S3-104260598,S3-444600693,S3-123694229,S3-197093940,S3-439655728,S3-210818742,S3-918357967,S3-659206129,S3-275360323,S3-968476116,S3-787353706,S3-833884099,S3-26161361,S3-46768096,S3-126982322,S3-548783787,S3-699643086,S3-803003378,S3-459705885,S3-610402578,S3-308631150,S3-592073516,S3-408212372,S3-728602891,S3-112942354,S3-960875960,S3-354910039,S3-177049334,S3-551580447,S3-179738152,S3-434491965,S3-564043019,S3-523695838,S3-587791501,S3-312442869,S3-444730740,S3-786831449,S3-364420425,S3-548914378,S3-651762109
S1-19868030	S2-669879950,S2-298761341,S2-556543773,S2-254788212,S2-472544795,S2-475524221,S2-175566180,S2-479278257,S2-100101893,S2-755671955,S2-492879191,S2-575166296,S2-175642159,S2-904673479,S2-438678740,S2-957143385,S2-746717750,S2-241726445,S2-444297111,S3-551148968,S3-777257171,S3-940228072,S3-299576808,S3-257771188,S3-14718400,S3-517654841,S3-49672113,S3-393484059,S3-980152742,S3-738588591,S3-506388347,S3-765275693,S3-99505923,S3-390731898,S3-436725377,S3-114276926,S3-245133916,S3-168396245
S1-20267366	S2-721031885,S2-868087865,S2-795141272,S2-953098128,S2-54307441,S2-208005980,S2-187379771,S2-705827573,S2-265287731,S2-622773844,S2-333785505,S2-556543773,S2-152030787,S2-667620668,S2-563158163,S2-983439720,S2-41847464,S2-475524221,S2-652827281,S2-943996696,S2-878003016,S2-533197229,S2-39617527,S2-402804051,S2-299258785,S2-489049291,S2-756454257,S2-347017935,S2-989100620,S2-556803824,S2-1722538,S2-575166296,S2-61330089,S2-790721694,S2-193995593,S2-811863966,S2-438678740,S2-646516046,S2-828726837,S2-14102665,S2-681609924,S2-374779945,S2-781397767,S2-857071377,S2-482353871,S2-699301561,S2-241726445,S2-131264573,S2-79905632,S3-22467283,S3-578159284,S3-504183980,S3-118652570,S3-323153716,S3-875583147,S3-444450554,S3-660160649,S3-51937572,S3-411324695,S3-97933587,S3-299576808,S3-921372917,S3-961916983,S3-519350515,S3-354096900,S3-369130400,S3-889312836,S3-510778048,S3-81161554,S3-903416633,S3-80323204,S3-257771188,S3-775274701,S3-783906913,S3-289677596,S3-325999314,S3-975051187,S3-49672113,S3-951624052,S3-532479968,S3-593749288,S3-240930945,S3-966369596,S3-946323575,S3-861155049,S3-331595551,S3-81212547,S3-800499462,S3-642917160,S3-300224532,S3-789929510
S1-208550511	S2-721031885,S2-868087865,S2-795141272,S2-953098128,S2-54307441,S2-208005980,S2-187379771,S2-705827573,S2-265287731,S2-622773844,S2-333785505,S2-556543773,S2-152030787,S2-667620668,S2-563158163,S2-41847464,S2-475524221,S2-652827281,S2-943996696,S2-878003016,S2-533197229,S2-402804051,S2-299258785,S2-489049291,S2-756454257,S2-347017935,S2-989100620,S2-556803824,S2-1722538,S2-575166296,S2-61330089,S2-790721694,S2-193995593,S2-811863966,S2-438678740,S2-646516046,S2-828726837,S2-14102665,S2-681609924,S2-374779945,S2-781397767,S2-857071377,S2-482353871,S2-699301561,S2-241726445,S2-131264573,S2-79905632,S3-22467283,S3-578159284,S3-504183980,S3-118652570,S3-323153716,S3-875583147,S3-444450554,S3-660160649,S3-51937572,S3-411324695,S3-97933587,S3-299576808,S3-921372917,S3-961916983,S3-519350515,S3-354096900,S3-369130400,S3-889312836,S3-510778048,S3-81161554,S3-903416633,S3-80323204,S3-257771188,S3-775274701,S3-783906913,S3-289677596,S3-325999314,S3-975051187,S3-49672113,S3-951624052,S3-532479968,S3-593749288,S3-240930945,S3-966369596,S3-861155049,S3-331595551,S3-81212547,S3-800499462,S3-642917160,S3-300224532,S3-789929510
S1-208973592	S2-764573417,S2-163963287,S2-49942811,S2-669879950,S2-332014708,S2-257885603,S2-162849450,S2-164086509,S2-871017791,S2-472544795,S2-967974285,S2-322211984,S2-430379962,S2-648129048,S2-218208532,S2-236577190,S2-755671955,S2-173632166,S2-384219063,S2-232105388,S2-103972023,S2-876721131,S2-957143385,S2-519903945,S3-249416830,S3-493572667,S3-44013376,S3-585479914,S3-791460119,S3-161412777,S3-458988960,S3-113462535,S3-6605683,S3-988710395,S3-899583090,S3-536959514,S3-748452890,S3-306897876,S3-393484059,S3-829024295,S3-833085447,S3-564535893,S3-380295664,S3-189240583,S3-946323575,S3-736041086,S3-961058678,S3-201614402,S3-30824703,S3-311526271,S3-82016851,S3-379984324,S3-406009851,S3-390731898,S3-913950232
S1-21084577	S2-705827573,S2-633236997,S3-504183980,S3-188810136,S3-988710395
S1-216181354	S2-277444929,S2-508602797,S2-684635925,S2-91305348,S2-978126813,S2-349287094,S2-163588551,S2-102309877,S2-224839523,S2-829598251,S2-800014563,S2-67505679,S2-59544689,S2-469073813,S2-435778329,S2-190103142,S2-298914373,S2-628335210,S2-757169960,S2-109121051,S2-541414076,S2-891756213,S2-696635067,S2-971339247,S2-996245861,S2-892923793,S2-308505251,S2-688657051,S2-701787316,S2-709626608,S2-394314645,S2-308510117,S2-708389947,S2-8982199,S2-933278322,S2-131151726,S2-750426664,S2-117672295,S2-549881386,S2-797821871,S2-528205184,S2-516126165,S2-561420173,S2-859321758,S2-37081703,S2-297926319,S2-321398182,S2-554610011,S2-528320338,S2-937703023,S2-679190243,S2-761989439,S2-331339262,S2-187514897,S2-946002985,S2-281309190,S2-577969603,S2-449617627,S2-379148212,S2-769858942,S2-532543036,S2-726045392,S2-840538759,S2-898880623,S2-492826161,S2-736787326,S2-382657775,S2-590774517,S2-169597264,S2-165930564,S2-811707035,S2-980846147,S2-252321761,S2-631451351,S2-26324258,S2-100598528,S3-859268022,S3-53737228,S3-45067784,S3-128062172,S3-230314480,S3-878295053,S3-572363539,S3-664253519,S3-730662073,S3-891901989,S3-607506773,S3-263247365,S3-232475819,S3-575968805,S3-702183940,S3-92974238,S3-901865937,S3-566328140,S3-797289734,S3-588120445,S3-426545498,S3-367524706,S3-375023535,S3-331944027,S3-169505996,S3-890922145,S3-891626766,S3-136675280,S3-507578619,S3-836927959,S3-260366126,S3-862789788,S3-714994003,S3-32634960,S3-509442398,S3-976681859,S3-190135542,S3-954711163,S3-393744173,S3-460045321,S3-678683280,S3-302901311,S3-465433588,S3-703821326,S3-829490404,S3-896227623,S3-977086194,S3-891618576,S3-479249803,S3-619115665,S3-91294893,S3-104260598,S3-444600693,S3-123694229,S3-197093940,S3-439655728,S3-210818742,S3-918357967,S3-659206129,S3-275360323,S3-968476116,S3-787353706,S3-833884099,S3-26161361,S3-46768096,S3-126982322,S3-548783787,S3-699643086,S3-803003378,S3-459705885,S3-610402578,S3-308631150,S3-408212372,S3-728602891,S3-112942354,S3-960875960,S3-354910039,S3-177049334,S3-551580447,S3-179738152,S3-434491965,S3-564043019,S3-523695838,S3-587791501,S3-312442869,S3-444730740,S3-786831449,S3-364420425,S3-548914378,S3-651762109
S1-216511119	S2-277444929,S2-508602797,S2-684635925,S2-91305348,S2-978126813,S2-349287094,S2-163588551,S2-102309877,S2-224839523,S2-829598251,S2-800014563,S2-67505679,S2-59544689,S2-469073813,S2-435778329,S2-190103142,S2-298914373,S2-628335210,S2-757169960,S2-109121051,S2-541414076,S2-891756213,S2-696635067,S2-971339247,S2-996245861,S2-892923793,S2-308505251,S2-688657051,S2-701787316,S2-709626608,S2-394314645,S2-308510117,S2-708389947,S2-8982199,S2-933278322,S2-131151726,S2-750426664,S2-117672295,S2-549881386,S2-797821871,S2-528205184,S2-516126165,S2-561420173,S2-859321758,S2-37081703,S2-297926319,S2-321398182,S2-554610011,S2-528320338,S2-937703023,S2-679190243,S2-331339262,S2-187514897,S2-946002985,S2-281309190,S2-577969603,S2-449617627,S2-379148212,S2-769858942,S2-532543036,S2-726045392,S2-840538759,S2-898880623,S2-492826161,S2-736787326,S2-382657775,S2-590774517,S2-169597264,S2-165930564,S2-811707035,S2-980846147,S2-252321761,S2-631451351,S2-26324258,S2-100598528,S3-859268022,S3-53737228,S3-45067784,S3-128062172,S3-230314480,S3-878295053,S3-572363539,S3-730662073,S3-891901989,S3-607506773,S3-263247365,S3-232475819,S3-575968805,S3-702183940,S3-92974238,S3-901865937,S3-566328140,S3-797289734,S3-588120445,S3-426545498,S3-367524706,S3-375023535,S3-331944027,S3-169505996,S3-890922145,S3-891626766,S3-136675280,S3-507578619,S3-836927959,S3-260366126,S3-862789788,S3-714994003,S3-32634960,S3-509442398,S3-976681859,S3-190135542,S3-954711163,S3-393744173,S3-460045321,S3-678683280,S3-302901311,S3-465433588,S3-703821326,S3-829490404,S3-896227623,S3-977086194,S3-891618576,S3-479249803,S3-619115665,S3-91294893,S3-104260598,S3-444600693,S3-123694229,S3-197093940,S3-439655728,S3-210818742,S3-918357967,S3-659206129,S3-275360323,S3-968476116,S3-787353706,S3-833884099,S3-26161361,S3-46768096,S3-126982322,S3-548783787,S3-699643086,S3-803003378,S3-459705885,S3-610402578,S3-308631150,S3-408212372,S3-728602891,S3-112942354,S3-960875960,S3-354910039,S3-177049334,S3-551580447,S3-179738152,S3-434491965,S3-564043019,S3-523695838,S3-587791501,S3-312442869,S3-444730740,S3-786831449,S3-364420425,S3-548914378,S3-651762109
S1-217259238	S2-764573417,S2-163963287,S2-49942811,S2-138046867,S2-669879950,S2-332014708,S2-257885603,S2-125007797,S2-187379771,S2-689674207,S2-162849450,S2-164086509,S2-968244171,S2-142962200,S2-468234939,S2-871017791,S2-472544795,S2-439384858,S2-967974285,S2-322211984,S2-430379962,S2-648129048,S2-450266205,S2-299258785,S2-218208532,S2-236577190,S2-663446783,S2-755671955,S2-173632166,S2-384219063,S2-591536531,S2-824414038,S2-232105388,S2-103972023,S2-323747399,S2-876721131,S2-781397767,S2-957143385,S2-131264573,S2-519903945,S3-249416830,S3-493572667,S3-44013376,S3-585479914,S3-791460119,S3-161412777,S3-625913156,S3-458988960,S3-341396567,S3-113462535,S3-6605683,S3-988710395,S3-38557301,S3-899583090,S3-536959514,S3-975051187,S3-748452890,S3-306897876,S3-988483404,S3-393484059,S3-829024295,S3-833085447,S3-564535893,S3-380295664,S3-189240583,S3-946323575,S3-736041086,S3-961058678,S3-201614402,S3-30824703,S3-311526271,S3-82016851,S3-861155049,S3-379984324,S3-406009851,S3-659963286,S3-390731898,S3-913950232
S1-219548536	S2-332014708,S2-879392749
S1-221443075	S2-747145329,S3-259154367
S1-22305073	S2-235039028,S2-73037424,S2-612169234,S2-785852339,S2-516249560,S2-161047745,S2-1722538,S2-193995593,S2-699301561
S1-223600564	S2-552487507,S2-260885692,S2-60818919
S1-223621109	S2-763108962,S2-223038034,S2-722166534,S2-701477103,S2-605633090,S2-728928259,S2-243813488,S2-34449822,S2-785139940,S2-747145329,S3-891901989,S3-12915038,S3-682142621,S3-461388509,S3-960702922,S3-709021698,S3-995040589
S1-224534945	S2-277444929,S2-508602797,S2-684635925,S2-91305348,S2-978126813,S2-349287094,S2-163588551,S2-102309877,S2-224839523,S2-829598251,S2-800014563,S2-67505679,S2-59544689,S2-469073813,S2-435778329,S2-190103142,S2-298914373,S2-628335210,S2-757169960,S2-109121051,S2-541414076,S2-891756213,S2-696635067,S2-971339247,S2-996245861,S2-892923793,S2-308505251,S2-688657051,S2-701787316,S2-709626608,S2-394314645,S2-308510117,S2-708389947,S2-8982199,S2-933278322,S2-131151726,S2-750426664,S2-117672295,S2-549881386,S2-797821871,S2-528205184,S2-516126165,S2-561420173,S2-859321758,S2-37081703,S2-297926319,S2-321398182,S2-554610011,S2-528320338,S2-937703023,S2-679190243,S2-331339262,S2-187514897,S2-946002985,S2-281309190,S2-577969603,S2-449617627,S2-379148212,S2-769858942,S2-532543036,S2-726045392,S2-840538759,S2-898880623,S2-492826161,S2-736787326,S2-382657775,S2-590774517,S2-169597264,S2-165930564,S2-811707035,S2-980846147,S2-252321761,S2-631451351,S2-26324258,S2-100598528,S3-859268022,S3-53737228,S3-45067784,S3-128062172,S3-230314480,S3-878295053,S3-572363539,S3-730662073,S3-891901989,S3-607506773,S3-263247365,S3-232475819,S3-575968805,S3-702183940,S3-92974238,S3-901865937,S3-566328140,S3-797289734,S3-588120445,S3-426545498,S3-367524706,S3-375023535,S3-331944027,S3-169505996,S3-890922145,S3-891626766,S3-136675280,S3-507578619,S3-836927959,S3-260366126,S3-862789788,S3-714994003,S3-32634960,S3-509442398,S3-976681859,S3-190135542,S3-954711163,S3-393744173,S3-460045321,S3-678683280,S3-302901311,S3-465433588,S3-703821326,S3-829490404,S3-896227623,S3-977086194,S3-891618576,S3-479249803,S3-619115665,S3-91294893,S3-104260598,S3-444600693,S3-123694229,S3-197093940,S3-439655728,S3-210818742,S3-918357967,S3-659206129,S3-275360323,S3-968476116,S3-787353706,S3-833884099,S3-26161361,S3-46768096,S3-126982322,S3-548783787,S3-699643086,S3-803003378,S3-459705885,S3-610402578,S3-308631150,S3-408212372,S3-728602891,S3-112942354,S3-960875960,S3-354910039,S3-177049334,S3-551580447,S3-179738152,S3-434491965,S3-564043019,S3-523695838,S3-587791501,S3-312442869,S3-444730740,S3-786831449,S3-364420425,S3-548914378,S3-651762109
S1-225119054	S2-721031885,S2-868087865,S2-795141272,S2-953098128,S2-944853638,S2-54307441,S2-208005980,S2-187379771,S2-705827573,S2-265287731,S2-622773844,S2-333785505,S2-556543773,S2-152030787,S2-667620668,S2-563158163,S2-41847464,S2-475524221,S2-652827281,S2-943996696,S2-878003016,S2-533197229,S2-402804051,S2-299258785,S2-489049291,S2-756454257,S2-347017935,S2-989100620,S2-556803824,S2-1722538,S2-575166296,S2-61330089,S2-790721694,S2-193995593,S2-811863966,S2-438678740,S2-646516046,S2-828726837,S2-14102665,S2-681609924,S2-374779945,S2-781397767,S2-857071377,S2-482353871,S2-699301561,S2-241726445,S2-131264573,S2-79905632,S3-22467283,S3-578159284,S3-504183980,S3-118652570,S3-323153716,S3-875583147,S3-444450554,S3-660160649,S3-51937572,S3-411324695,S3-97933587,S3-299576808,S3-921372917,S3-961916983,S3-519350515,S3-354096900,S3-369130400,S3-889312836,S3-510778048,S3-81161554,S3-903416633,S3-80323204,S3-257771188,S3-775274701,S3-783906913,S3-289677596,S3-325999314,S3-975051187,S3-49672113,S3-951624052,S3-532479968,S3-593749288,S3-240930945,S3-966369596,S3-861155049,S3-331595551,S3-81212547,S3-800499462,S3-642917160,S3-300224532,S3-789929510
S1-231271132	S2-508602797,S2-684635925,S2-978126813,S2-349287094,S2-102309877,S2-800014563,S2-67505679,S2-70709851,S2-59544689,S2-190103142,S2-298914373,S2-628335210,S2-109121051,S2-541414076,S2-891756213,S2-696635067,S2-971339247,S2-996245861,S2-892923793,S2-308505251,S2-701787316,S2-394314645,S2-8982199,S2-131151726,S2-750426664,S2-117672295,S2-549881386,S2-528205184,S2-561420173,S2-859321758,S2-37081703,S2-321398182,S2-937703023,S2-679190243,S2-331339262,S2-281309190,S2-577969603,S2-840538759,S2-898880623,S2-492826161,S2-736787326,S2-590774517,S2-169597264,S2-631451351,S2-26324258,S3-53737228,S3-45067784,S3-128062172,S3-230314480,S3-878295053,S3-730662073,S3-607506773,S3-263247365,S3-232475819,S3-575968805,S3-92974238,S3-901865937,S3-566328140,S3-797289734,S3-426545498,S3-375023535,S3-331944027,S3-890922145,S3-136675280,S3-507578619,S3-836927959,S3-260366126,S3-862789788,S3-32634960,S3-509442398,S3-460045321,S3-465433588,S3-703821326,S3-829490404,S3-896227623,S3-977086194,S3-479249803,S3-619115665,S3-91294893,S3-104260598,S3-444600693,S3-123694229,S3-197093940,S3-918357967,S3-659206129,S3-275360323,S3-26161361,S3-46768096,S3-126982322,S3-548783787,S3-803003378,S3-459705885,S3-610402578,S3-308631150,S3-408212372,S3-112942354,S3-960875960,S3-177049334,S3-551580447,S3-179738152,S3-434491965,S3-587791501,S3-444730740,S3-786831449,S3-364420425,S3-548914378,S3-651762109
S1-232999426	S2-277444929,S2-508602797,S2-684635925,S2-91305348,S2-978126813,S2-349287094,S2-163588551,S2-102309877,S2-224839523,S2-829598251,S2-800014563,S2-67505679,S2-59544689,S2-469073813,S2-435778329,S2-190103142,S2-298914373,S2-628335210,S2-757169960,S2-109121051,S2-541414076,S2-891756213,S2-696635067,S2-971339247,S2-996245861,S2-892923793,S2-308505251,S2-688657051,S2-701787316,S2-709626608,S2-394314645,S2-308510117,S2-708389947,S2-8982199,S2-933278322,S2-131151726,S2-750426664,S2-117672295,S2-549881386,S2-797821871,S2-528205184,S2-516126165,S2-561420173,S2-859321758,S2-37081703,S2-297926319,S2-321398182,S2-554610011,S2-528320338,S2-937703023,S2-679190243,S2-331339262,S2-187514897,S2-946002985,S2-281309190,S2-577969603,S2-449617627,S2-379148212,S2-769858942,S2-532543036,S2-726045392,S2-840538759,S2-898880623,S2-492826161,S2-736787326,S2-382657775,S2-590774517,S2-169597264,S2-165930564,S2-811707035,S2-980846147,S2-252321761,S2-631451351,S2-26324258,S2-100598528,S3-859268022,S3-53737228,S3-45067784,S3-128062172,S3-230314480,S3-878295053,S3-572363539,S3-730662073,S3-891901989,S3-607506773,S3-263247365,S3-232475819,S3-575968805,S3-702183940,S3-92974238,S3-901865937,S3-566328140,S3-797289734,S3-588120445,S3-426545498,S3-367524706,S3-375023535,S3-331944027,S3-169505996,S3-890922145,S3-891626766,S3-136675280,S3-507578619,S3-836927959,S3-260366126,S3-862789788,S3-714994003,S3-32634960,S3-509442398,S3-976681859,S3-190135542,S3-954711163,S3-393744173,S3-460045321,S3-678683280,S3-302901311,S3-465433588,S3-703821326,S3-829490404,S3-896227623,S3-977086194,S3-891618576,S3-479249803,S3-619115665,S3-91294893,S3-104260598,S3-444600693,S3-123694229,S3-197093940,S3-439655728,S3-210818742,S3-918357967,S3-659206129,S3-275360323,S3-968476116,S3-787353706,S3-833884099,S3-26161361,S3-46768096,S3-126982322,S3-548783787,S3-699643086,S3-803003378,S3-459705885,S3-610402578,S3-308631150,S3-408212372,S3-728602891,S3-112942354,S3-960875960,S3-354910039,S3-177049334,S3-551580447,S3-179738152,S3-434491965,S3-564043019,S3-523695838,S3-587791501,S3-312442869,S3-444730740,S3-786831449,S3-364420425,S3-548914378,S3-651762109
S1-233584777	S2-402816908,S2-290146361,S2-438182503,S2-625682061,S2-516249560,S2-492879191,S2-904673479,S2-508784928,S2-661443009,S3-121412624,S3-8222959,S3-811855637,S3-362638952,S3-112379453,S3-722381828,S3-593749288,S3-164359106
S1-236312382	S2-764573417,S2-163963287,S2-49942811,S2-669879950,S2-332014708,S2-257885603,S2-162849450,S2-164086509,S2-871017791,S2-472544795,S2-967974285,S2-322211984,S2-430379962,S2-648129048,S2-218208532,S2-236577190,S2-755671955,S2-173632166,S2-384219063,S2-232105388,S2-103972023,S2-876721131,S2-957143385,S2-519903945,S3-249416830,S3-493572667,S3-44013376,S3-585479914,S3-791460119,S3-161412777,S3-458988960,S3-113462535,S3-6605683,S3-988710395,S3-899583090,S3-536959514,S3-748452890,S3-306897876,S3-393484059,S3-829024295,S3-833085447,S3-564535893,S3-380295664,S3-189240583,S3-946323575,S3-736041086,S3-961058678,S3-201614402,S3-30824703,S3-311526271,S3-82016851,S3-379984324,S3-406009851,S3-390731898,S3-913950232
S1-241686597	S2-133664209,S2-91704178,S2-879392749,S2-748044572,S2-103317508,S2-640284162,S2-921287883,S2-746717750,S3-476778426,S3-973629095,S3-827924570,S3-617511857,S3-625913156
S1-24519478	S2-277444929,S2-508602797,S2-684635925,S2-91305348,S2-978126813,S2-349287094,S2-163588551,S2-102309877,S2-224839523,S2-829598251,S2-800014563,S2-67505679,S2-59544689,S2-469073813,S2-435778329,S2-190103142,S2-298914373,S2-628335210,S2-757169960,S2-109121051,S2-541414076,S2-891756213,S2-696635067,S2-971339247,S2-996245861,S2-892923793,S2-308505251,S2-688657051,S2-701787316,S2-709626608,S2-394314645,S2-308510117,S2-708389947,S2-8982199,S2-933278322,S2-131151726,S2-750426664,S2-117672295,S2-549881386,S2-797821871,S2-528205184,S2-516126165,S2-561420173,S2-859321758,S2-37081703,S2-297926319,S2-321398182,S2-554610011,S2-528320338,S2-937703023,S2-679190243,S2-895797947,S2-331339262,S2-187514897,S2-946002985,S2-281309190,S2-577969603,S2-449617627,S2-379148212,S2-769858942,S2-532543036,S2-726045392,S2-840538759,S2-898880623,S2-492826161,S2-736787326,S2-382657775,S2-590774517,S2-169597264,S2-165930564,S2-811707035,S2-980846147,S2-252321761,S2-631451351,S2-26324258,S2-100598528,S3-859268022,S3-53737228,S3-45067784,S3-128062172,S3-230314480,S3-878295053,S3-572363539,S3-730662073,S3-891901989,S3-607506773,S3-263247365,S3-232475819,S3-575968805,S3-702183940,S3-92974238,S3-901865937,S3-566328140,S3-797289734,S3-588120445,S3-426545498,S3-367524706,S3-375023535,S3-331944027,S3-169505996,S3-890922145,S3-891626766,S3-136675280,S3-507578619,S3-836927959,S3-260366126,S3-862789788,S3-714994003,S3-32634960,S3-509442398,S3-976681859,S3-190135542,S3-954711163,S3-393744173,S3-460045321,S3-678683280,S3-302901311,S3-465433588,S3-703821326,S3-829490404,S3-896227623,S3-977086194,S3-891618576,S3-479249803,S3-619115665,S3-91294893,S3-104260598,S3-444600693,S3-123694229,S3-197093940,S3-439655728,S3-210818742,S3-918357967,S3-659206129,S3-275360323,S3-968476116,S3-787353706,S3-833884099,S3-26161361,S3-46768096,S3-126982322,S3-548783787,S3-699643086,S3-803003378,S3-459705885,S3-610402578,S3-308631150,S3-408212372,S3-728602891,S3-112942354,S3-960875960,S3-354910039,S3-177049334,S3-551580447,S3-179738152,S3-434491965,S3-564043019,S3-523695838,S3-587791501,S3-312442869,S3-444730740,S3-786831449,S3-364420425,S3-548914378,S3-651762109
S1-252433119	S2-161047745,S2-1722538,S3-975758507,S3-240930945
S1-253986331	S2-721031885,S2-868087865,S2-795141272,S2-953098128,S2-54307441,S2-208005980,S2-257885603,S2-187379771,S2-705827573,S2-265287731,S2-622773844,S2-333785505,S2-556543773,S2-152030787,S2-667620668,S2-563158163,S2-686350780,S2-41847464,S2-475524221,S2-652827281,S2-943996696,S2-878003016,S2-533197229,S2-619844913,S2-402804051,S2-299258785,S2-489049291,S2-756454257,S2-347017935,S2-989100620,S2-556803824,S2-1722538,S2-575166296,S2-61330089,S2-790721694,S2-193995593,S2-811863966,S2-438678740,S2-646516046,S2-828726837,S2-14102665,S2-681609924,S2-374779945,S2-781397767,S2-857071377,S2-482353871,S2-699301561,S2-241726445,S2-131264573,S2-79905632,S3-22467283,S3-578159284,S3-504183980,S3-118652570,S3-323153716,S3-875583147,S3-444450554,S3-660160649,S3-51937572,S3-911307067,S3-411324695,S3-97933587,S3-299576808,S3-921372917,S3-961916983,S3-519350515,S3-354096900,S3-369130400,S3-889312836,S3-510778048,S3-81161554,S3-903416633,S3-80323204,S3-257771188,S3-775274701,S3-783906913,S3-289677596,S3-325999314,S3-975051187,S3-49672113,S3-951624052,S3-532479968,S3-593749288,S3-240930945,S3-966369596,S3-861155049,S3-331595551,S3-81212547,S3-800499462,S3-642917160,S3-300224532,S3-789929510,S3-169638082
S1-258353664	S2-277444929,S2-508602797,S2-684635925,S2-91305348,S2-978126813,S2-349287094,S2-163588551,S2-102309877,S2-224839523,S2-829598251,S2-800014563,S2-67505679,S2-59544689,S2-469073813,S2-435778329,S2-190103142,S2-298914373,S2-628335210,S2-757169960,S2-109121051,S2-541414076,S2-891756213,S2-696635067,S2-971339247,S2-996245861,S2-892923793,S2-308505251,S2-688657051,S2-701787316,S2-709626608,S2-394314645,S2-308510117,S2-708389947,S2-8982199,S2-933278322,S2-131151726,S2-750426664,S2-117672295,S2-549881386,S2-797821871,S2-528205184,S2-516126165,S2-561420173,S2-859321758,S2-37081703,S2-297926319,S2-321398182,S2-554610011,S2-528320338,S2-937703023,S2-679190243,S2-331339262,S2-187514897,S2-946002985,S2-281309190,S2-577969603,S2-449617627,S2-379148212,S2-769858942,S2-532543036,S2-726045392,S2-840538759,S2-898880623,S2-492826161,S2-736787326,S2-382657775,S2-590774517,S2-169597264,S2-165930564,S2-811707035,S2-980846147,S2-252321761,S2-631451351,S2-26324258,S2-100598528,S3-859268022,S3-53737228,S3-45067784,S3-128062172,S3-230314480,S3-878295053,S3-572363539,S3-730662073,S3-891901989,S3-607506773,S3-263247365,S3-232475819,S3-575968805,S3-702183940,S3-92974238,S3-901865937,S3-566328140,S3-797289734,S3-588120445,S3-426545498,S3-367524706,S3-375023535,S3-331944027,S3-169505996,S3-890922145,S3-891626766,S3-136675280,S3-507578619,S3-836927959,S3-260366126,S3-862789788,S3-714994003,S3-32634960,S3-509442398,S3-976681859,S3-190135542,S3-954711163,S3-393744173,S3-460045321,S3-678683280,S3-302901311,S3-465433588,S3-703821326,S3-829490404,S3-896227623,S3-977086194,S3-891618576,S3-479249803,S3-619115665,S3-91294893,S3-104260598,S3-444600693,S3-123694229,S3-197093940,S3-439655728,S3-210818742,S3-918357967,S3-659206129,S3-275360323,S3-968476116,S3-787353706,S3-833884099,S3-26161361,S3-46768096,S3-126982322,S3-548783787,S3-699643086,S3-803003378,S3-459705885,S3-610402578,S3-308631150,S3-408212372,S3-728602891,S3-112942354,S3-960875960,S3-354910039,S3-177049334,S3-551580447,S3-179738152,S3-434491965,S3-564043019,S3-523695838,S3-587791501,S3-312442869,S3-444730740,S3-786831449,S3-364420425,S3-548914378,S3-651762109
S1-259452306	S2-138046867,S2-125007797,S2-187379771,S2-689674207,S2-968244171,S2-142962200,S2-468234939,S2-439384858,S2-450266205,S2-299258785,S2-663446783,S2-591536531,S2-824414038,S2-323747399,S2-781397767,S2-613358495,S2-131264573,S3-625913156,S3-341396567,S3-38557301,S3-975051187,S3-988483404,S3-833085447,S3-861155049,S3-659963286
S1-260530670	S2-721031885,S2-868087865,S2-795141272,S2-953098128,S2-669879950,S2-54307441,S2-208005980,S2-187379771,S2-298761341,S2-705827573,S2-265287731,S2-622773844,S2-333785505,S2-556543773,S2-152030787,S2-667620668,S2-563158163,S2-472544795,S2-41847464,S2-475524221,S2-652827281,S2-943996696,S2-878003016,S2-479278257,S2-100101893,S2-533197229,S2-402804051,S2-299258785,S2-489049291,S2-756454257,S2-347017935,S2-989100620,S2-556803824,S2-492879191,S2-1722538,S2-575166296,S2-61330089,S2-790721694,S2-904673479,S2-193995593,S2-811863966,S2-438678740,S2-646516046,S2-828726837,S2-14102665,S2-681609924,S2-374779945,S2-781397767,S2-957143385,S2-746717750,S2-857071377,S2-482353871,S2-699301561,S2-241726445,S2-131264573,S2-79905632,S3-22467283,S3-578159284,S3-504183980,S3-118652570,S3-551148968,S3-323153716,S3-875583147,S3-444450554,S3-777257171,S3-660160649,S3-51937572,S3-411324695,S3-97933587,S3-940228072,S3-299576808,S3-921372917,S3-961916983,S3-519350515,S3-354096900,S3-369130400,S3-889312836,S3-510778048,S3-81161554,S3-903416633,S3-80323204,S3-257771188,S3-775274701,S3-14718400,S3-783906913,S3-517654841,S3-289677596,S3-325999314,S3-975051187,S3-49672113,S3-980152742,S3-951624052,S3-506388347,S3-532479968,S3-593749288,S3-240930945,S3-966369596,S3-861155049,S3-390731898,S3-436725377,S3-114276926,S3-331595551,S3-81212547,S3-800499462,S3-642917160,S3-245133916,S3-300224532,S3-789929510,S3-168396245
S1-263481527	S2-469073813,S2-109121051,S2-64301738,S2-539779970,S3-878820114,S3-263247365,S3-588120445,S3-284546096,S3-306170136,S3-275360323,S3-803003378
S1-269039848	S2-867614780,S3-568617496,S3-718581280
S1-269656551	S2-508602797,S2-684635925,S2-978126813,S2-349287094,S2-102309877,S2-800014563,S2-67505679,S2-59544689,S2-190103142,S2-298914373,S2-628335210,S2-940708406,S2-109121051,S2-541414076,S2-891756213,S2-696635067,S2-971339247,S2-996245861,S2-892923793,S2-308505251,S2-701787316,S2-394314645,S2-8982199,S2-131151726,S2-750426664,S2-117672295,S2-549881386,S2-528205184,S2-561420173,S2-859321758,S2-37081703,S2-321398182,S2-937703023,S2-679190243,S2-331339262,S2-281309190,S2-577969603,S2-840538759,S2-898880623,S2-492826161,S2-736787326,S2-590774517,S2-169597264,S2-631451351,S2-26324258,S3-53737228,S3-45067784,S3-128062172,S3-230314480,S3-878295053,S3-730662073,S3-607506773,S3-263247365,S3-232475819,S3-575968805,S3-92974238,S3-901865937,S3-566328140,S3-797289734,S3-426545498,S3-375023535,S3-331944027,S3-890922145,S3-136675280,S3-507578619,S3-836927959,S3-81892603,S3-498867067,S3-260366126,S3-862789788,S3-32634960,S3-509442398,S3-460045321,S3-465433588,S3-703821326,S3-829490404,S3-896227623,S3-977086194,S3-479249803,S3-619115665,S3-91294893,S3-104260598,S3-444600693,S3-123694229,S3-197093940,S3-918357967,S3-659206129,S3-275360323,S3-26161361,S3-46768096,S3-126982322,S3-548783787,S3-803003378,S3-459705885,S3-610402578,S3-308631150,S3-408212372,S3-112942354,S3-960875960,S3-177049334,S3-551580447,S3-179738152,S3-434491965,S3-587791501,S3-444730740,S3-786831449,S3-364420425,S3-548914378,S3-651762109
S1-27029362	S2-623817123,S2-537858187,S3-315861895,S3-82016851,S3-31702339
S1-270844042	S2-508602797,S2-684635925,S2-978126813,S2-349287094,S2-102309877,S2-800014563,S2-67505679,S2-59544689,S2-190103142,S2-298914373,S2-628335210,S2-109121051,S2-541414076,S2-891756213,S2-696635067,S2-971339247,S2-996245861,S2-892923793,S2-308505251,S2-701787316,S2-394314645,S2-8982199,S2-131151726,S2-750426664,S2-117672295,S2-549881386,S2-528205184,S2-561420173,S2-859321758,S2-37081703,S2-321398182,S2-937703023,S2-679190243,S2-331339262,S2-281309190,S2-577969603,S2-840538759,S2-898880623,S2-492826161,S2-736787326,S2-590774517,S2-169597264,S2-631451351,S2-26324258,S3-53737228,S3-45067784,S3-128062172,S3-230314480,S3-878295053,S3-730662073,S3-607506773,S3-263247365,S3-232475819,S3-575968805,S3-92974238,S3-901865937,S3-566328140,S3-797289734,S3-426545498,S3-375023535,S3-331944027,S3-890922145,S3-136675280,S3-507578619,S3-836927959,S3-260366126,S3-862789788,S3-32634960,S3-509442398,S3-460045321,S3-465433588,S3-703821326,S3-829490404,S3-896227623,S3-977086194,S3-479249803,S3-619115665,S3-91294893,S3-104260598,S3-444600693,S3-123694229,S3-197093940,S3-918357967,S3-659206129,S3-275360323,S3-26161361,S3-46768096,S3-126982322,S3-548783787,S3-803003378,S3-459705885,S3-610402578,S3-308631150,S3-408212372,S3-112942354,S3-960875960,S3-177049334,S3-551580447,S3-179738152,S3-995040589,S3-434491965,S3-587791501,S3-444730740,S3-786831449,S3-364420425,S3-548914378,S3-651762109
S1-272091966	S2-673704658,S2-457500956,S2-867614780,S2-56744275,S2-5405243,S2-630651352,S2-64137184,S2-103317508,S2-589492301,S2-792661362,S3-161412777,S3-269888656,S3-903416633,S3-80888417,S3-4573520,S3-494118563,S3-11263883,S3-738431506
S1-27541239	S2-673704658,S3-60189393,S3-800499462
S1-276322405	S2-138478502,S2-924946907,S2-248782105
S1-277072715	S2-277444929,S2-508602797,S2-684635925,S2-91305348,S2-978126813,S2-349287094,S2-163588551,S2-102309877,S2-224839523,S2-829598251,S2-800014563,S2-67505679,S2-59544689,S2-469073813,S2-435778329,S2-190103142,S2-298914373,S2-628335210,S2-757169960,S2-109121051,S2-541414076,S2-891756213,S2-696635067,S2-971339247,S2-996245861,S2-892923793,S2-308505251,S2-688657051,S2-701787316,S2-709626608,S2-394314645,S2-308510117,S2-708389947,S2-8982199,S2-933278322,S2-131151726,S2-750426664,S2-117672295,S2-549881386,S2-797821871,S2-528205184,S2-516126165,S2-561420173,S2-859321758,S2-37081703,S2-297926319,S2-321398182,S2-554610011,S2-528320338,S2-937703023,S2-679190243,S2-331339262,S2-187514897,S2-946002985,S2-281309190,S2-577969603,S2-449617627,S2-379148212,S2-769858942,S2-532543036,S2-726045392,S2-840538759,S2-898880623,S2-492826161,S2-736787326,S2-382657775,S2-590774517,S2-169597264,S2-165930564,S2-811707035,S2-980846147,S2-252321761,S2-631451351,S2-26324258,S2-100598528,S3-859268022,S3-53737228,S3-45067784,S3-128062172,S3-230314480,S3-878295053,S3-572363539,S3-730662073,S3-891901989,S3-607506773,S3-263247365,S3-232475819,S3-575968805,S3-702183940,S3-92974238,S3-901865937,S3-566328140,S3-797289734,S3-588120445,S3-426545498,S3-367524706,S3-375023535,S3-331944027,S3-169505996,S3-890922145,S3-891626766,S3-136675280,S3-507578619,S3-836927959,S3-260366126,S3-862789788,S3-714994003,S3-32634960,S3-509442398,S3-976681859,S3-190135542,S3-954711163,S3-393744173,S3-460045321,S3-678683280,S3-302901311,S3-465433588,S3-703821326,S3-829490404,S3-896227623,S3-977086194,S3-891618576,S3-479249803,S3-619115665,S3-91294893,S3-104260598,S3-444600693,S3-123694229,S3-197093940,S3-439655728,S3-210818742,S3-918357967,S3-659206129,S3-275360323,S3-968476116,S3-787353706,S3-833884099,S3-26161361,S3-46768096,S3-126982322,S3-548783787,S3-699643086,S3-803003378,S3-459705885,S3-610402578,S3-308631150,S3-408212372,S3-728602891,S3-112942354,S3-960875960,S3-354910039,S3-177049334,S3-551580447,S3-179738152,S3-995040589,S3-434491965,S3-564043019,S3-523695838,S3-587791501,S3-312442869,S3-444730740,S3-786831449,S3-364420425,S3-548914378,S3-651762109
S1-279661956	S3-593749288
S1-279914306	S2-721031885,S2-868087865,S2-795141272,S2-953098128,S2-526991413,S2-54307441,S2-208005980,S2-187379771,S2-705827573,S2-265287731,S2-622773844,S2-333785505,S2-556543773,S2-152030787,S2-667620668,S2-563158163,S2-41847464,S2-475524221,S2-374185954,S2-652827281,S2-943996696,S2-878003016,S2-533197229,S2-402804051,S2-299258785,S2-489049291,S2-756454257,S2-347017935,S2-989100620,S2-556803824,S2-1722538,S2-575166296,S2-61330089,S2-790721694,S2-193995593,S2-811863966,S2-438678740,S2-646516046,S2-828726837,S2-14102665,S2-681609924,S2-374779945,S2-27324542,S2-781397767,S2-857071377,S2-482353871,S2-699301561,S2-241726445,S2-131264573,S2-325615566,S2-79905632,S3-22467283,S3-578159284,S3-504183980,S3-118652570,S3-323153716,S3-875583147,S3-444450554,S3-660160649,S3-51937572,S3-411324695,S3-97933587,S3-299576808,S3-921372917,S3-961916983,S3-519350515,S3-692514298,S3-105263451,S3-354096900,S3-369130400,S3-889312836,S3-510778048,S3-81161554,S3-903416633,S3-80323204,S3-257771188,S3-775274701,S3-783906913,S3-289677596,S3-325999314,S3-975051187,S3-49672113,S3-951624052,S3-532479968,S3-593749288,S3-240930945,S3-966369596,S3-861155049,S3-331595551,S3-81212547,S3-800499462,S3-642917160,S3-300224532,S3-789929510
S1-280818643	S2-669879950,S2-298761341,S2-472544795,S2-475524221,S2-479278257,S2-100101893,S2-492879191,S2-575166296,S2-904673479,S2-957143385,S2-746717750,S2-241726445,S3-551148968,S3-777257171,S3-940228072,S3-299576808,S3-14718400,S3-517654841,S3-49672113,S3-980152742,S3-390731898,S3-436725377,S3-114276926,S3-245133916,S3-168396245
S1-281051556	S2-764573417,S2-163963287,S2-49942811,S2-669879950,S2-332014708,S2-257885603,S2-162849450,S2-164086509,S2-871017791,S2-472544795,S2-967974285,S2-322211984,S2-430379962,S2-648129048,S2-218208532,S2-236577190,S2-755671955,S2-173632166,S2-384219063,S2-232105388,S2-103972023,S2-876721131,S2-957143385,S2-519903945,S3-249416830,S3-493572667,S3-44013376,S3-585479914,S3-791460119,S3-161412777,S3-458988960,S3-113462535,S3-6605683,S3-988710395,S3-899583090,S3-536959514,S3-748452890,S3-306897876,S3-393484059,S3-829024295,S3-833085447,S3-564535893,S3-380295664,S3-189240583,S3-946323575,S3-736041086,S3-961058678,S3-201614402,S3-30824703,S3-311526271,S3-82016851,S3-379984324,S3-406009851,S3-390731898,S3-913950232
S1-281356776	S2-763108962,S2-970843942
S1-284209086	S2-552487507,S2-826030024,S2-260885692,S2-785139940,S2-60818919,S3-335805814,S3-244849851,S3-60787735,S3-465433588,S3-829490404,S3-918357967,S3-325154278,S3-126982322,S3-604536112
S1-284710338	S2-800014563,S2-187514897,S3-797756565,S3-753125827,S3-587791501
S1-287666599	S2-721031885,S2-868087865,S2-795141272,S2-953098128,S2-54307441,S2-208005980,S2-187379771,S2-705827573,S2-265287731,S2-622773844,S2-333785505,S2-556543773,S2-152030787,S2-667620668,S2-563158163,S2-41847464,S2-475524221,S2-652827281,S2-943996696,S2-878003016,S2-533197229,S2-402804051,S2-299258785,S2-489049291,S2-756454257,S2-347017935,S2-989100620,S2-556803824,S2-1722538,S2-575166296,S2-61330089,S2-790721694,S2-193995593,S2-811863966,S2-438678740,S2-646516046,S2-828726837,S2-14102665,S2-681609924,S2-374779945,S2-781397767,S2-857071377,S2-482353871,S2-699301561,S2-241726445,S2-131264573,S2-79905632,S3-22467283,S3-578159284,S3-504183980,S3-118652570,S3-323153716,S3-875583147,S3-444450554,S3-660160649,S3-51937572,S3-411324695,S3-97933587,S3-299576808,S3-921372917,S3-961916983,S3-519350515,S3-354096900,S3-369130400,S3-889312836,S3-510778048,S3-81161554,S3-903416633,S3-80323204,S3-257771188,S3-775274701,S3-783906913,S3-289677596,S3-325999314,S3-975051187,S3-49672113,S3-951624052,S3-532479968,S3-593749288,S3-240930945,S3-966369596,S3-861155049,S3-331595551,S3-81212547,S3-800499462,S3-642917160,S3-300224532,S3-789929510
S1-29354465	S2-721031885,S2-868087865,S2-795141272,S2-953098128,S2-54307441,S2-208005980,S2-187379771,S2-705827573,S2-265287731,S2-622773844,S2-333785505,S2-556543773,S2-152030787,S2-667620668,S2-563158163,S2-946872072,S2-41847464,S2-475524221,S2-652827281,S2-943996696,S2-878003016,S2-533197229,S2-402804051,S2-299258785,S2-489049291,S2-756454257,S2-347017935,S2-989100620,S2-938612654,S2-556803824,S2-1722538,S2-575166296,S2-61330089,S2-790721694,S2-193995593,S2-811863966,S2-438678740,S2-646516046,S2-828726837,S2-14102665,S2-681609924,S2-374779945,S2-781397767,S2-308734653,S2-857071377,S2-482353871,S2-699301561,S2-241726445,S2-131264573,S2-79905632,S3-22467283,S3-578159284,S3-504183980,S3-118652570,S3-326049086,S3-323153716,S3-875583147,S3-444450554,S3-660160649,S3-51937572,S3-411324695,S3-97933587,S3-299576808,S3-921372917,S3-474790592,S3-961916983,S3-519350515,S3-354096900,S3-369130400,S3-889312836,S3-510778048,S3-81161554,S3-903416633,S3-80323204,S3-257771188,S3-775274701,S3-783906913,S3-289677596,S3-325999314,S3-975051187,S3-49672113,S3-951624052,S3-532479968,S3-593749288,S3-401540298,S3-240930945,S3-966369596,S3-861155049,S3-331595551,S3-182177107,S3-81212547,S3-800499462,S3-642917160,S3-300224532,S3-789929510
S1-294547159	S2-721031885,S2-868087865,S2-795141272,S2-953098128,S2-54307441,S2-208005980,S2-187379771,S2-705827573,S2-265287731,S2-622773844,S2-333785505,S2-556543773,S2-152030787,S2-667620668,S2-563158163,S2-41847464,S2-475524221,S2-652827281,S2-943996696,S2-878003016,S2-533197229,S2-402804051,S2-299258785,S2-489049291,S2-756454257,S2-347017935,S2-989100620,S2-556803824,S2-1722538,S2-575166296,S2-61330089,S2-790721694,S2-193995593,S2-811863966,S2-438678740,S2-646516046,S2-828726837,S2-14102665,S2-681609924,S2-374779945,S2-781397767,S2-857071377,S2-482353871,S2-699301561,S2-241726445,S2-131264573,S2-79905632,S3-22467283,S3-578159284,S3-504183980,S3-118652570,S3-323153716,S3-875583147,S3-444450554,S3-660160649,S3-51937572,S3-411324695,S3-97933587,S3-299576808,S3-921372917,S3-961916983,S3-519350515,S3-354096900,S3-369130400,S3-889312836,S3-510778048,S3-81161554,S3-903416633,S3-80323204,S3-257771188,S3-775274701,S3-783906913,S3-289677596,S3-325999314,S3-975051187,S3-49672113,S3-951624052,S3-532479968,S3-593749288,S3-240930945,S3-966369596,S3-861155049,S3-331595551,S3-81212547,S3-800499462,S3-642917160,S3-300224532,S3-789929510
S1-29696416	S2-277444929,S2-508602797,S2-684635925,S2-91305348,S2-978126813,S2-349287094,S2-163588551,S2-102309877,S2-224839523,S2-829598251,S2-800014563,S2-67505679,S2-59544689,S2-469073813,S2-435778329,S2-190103142,S2-298914373,S2-628335210,S2-757169960,S2-109121051,S2-541414076,S2-891756213,S2-696635067,S2-971339247,S2-996245861,S2-892923793,S2-308505251,S2-663852317,S2-688657051,S2-701787316,S2-709626608,S2-394314645,S2-308510117,S2-708389947,S2-8982199,S2-933278322,S2-131151726,S2-750426664,S2-117672295,S2-549881386,S2-797821871,S2-528205184,S2-516126165,S2-561420173,S2-859321758,S2-37081703,S2-297926319,S2-321398182,S2-554610011,S2-528320338,S2-937703023,S2-679190243,S2-331339262,S2-187514897,S2-946002985,S2-281309190,S2-577969603,S2-637500424,S2-449617627,S2-379148212,S2-769858942,S2-532543036,S2-726045392,S2-840538759,S2-898880623,S2-492826161,S2-736787326,S2-382657775,S2-590774517,S2-169597264,S2-165930564,S2-811707035,S2-980846147,S2-252321761,S2-631451351,S2-26324258,S2-100598528,S3-859268022,S3-53737228,S3-45067784,S3-128062172,S3-230314480,S3-878295053,S3-572363539,S3-730662073,S3-891901989,S3-607506773,S3-263247365,S3-232475819,S3-575968805,S3-702183940,S3-92974238,S3-901865937,S3-566328140,S3-797289734,S3-588120445,S3-426545498,S3-367524706,S3-375023535,S3-331944027,S3-169505996,S3-890922145,S3-891626766,S3-136675280,S3-507578619,S3-836927959,S3-260366126,S3-862789788,S3-714994003,S3-32634960,S3-509442398,S3-976681859,S3-190135542,S3-954711163,S3-393744173,S3-460045321,S3-678683280,S3-302901311,S3-465433588,S3-703821326,S3-829490404,S3-896227623,S3-977086194,S3-891618576,S3-479249803,S3-619115665,S3-91294893,S3-104260598,S3-444600693,S3-35900036,S3-123694229,S3-197093940,S3-439655728,S3-210818742,S3-918357967,S3-659206129,S3-275360323,S3-968476116,S3-787353706,S3-490973637,S3-833884099,S3-26161361,S3-46768096,S3-126982322,S3-548783787,S3-699643086,S3-803003378,S3-459705885,S3-610402578,S3-308631150,S3-408212372,S3-728602891,S3-112942354,S3-960875960,S3-354910039,S3-177049334,S3-551580447,S3-179738152,S3-434491965,S3-564043019,S3-523695838,S3-587791501,S3-312442869,S3-444730740,S3-786831449,S3-364420425,S3-548914378,S3-651762109
S1-297525707	S2-321398182,S3-891626766,S3-977086194
S1-300031623	S2-508602797,S2-684635925,S2-978126813,S2-349287094,S2-102309877,S2-800014563,S2-67505679,S2-59544689,S2-190103142,S2-298914373,S2-628335210,S2-109121051,S2-541414076,S2-891756213,S2-696635067,S2-971339247,S2-996245861,S2-892923793,S2-308505251,S2-701787316,S2-394314645,S2-8982199,S2-131151726,S2-750426664,S2-117672295,S2-549881386,S2-528205184,S2-561420173,S2-859321758,S2-37081703,S2-321398182,S2-937703023,S2-679190243,S2-331339262,S2-281309190,S2-577969603,S2-840538759,S2-898880623,S2-492826161,S2-736787326,S2-590774517,S2-169597264,S2-560043342,S2-631451351,S2-26324258,S3-53737228,S3-45067784,S3-128062172,S3-230314480,S3-878295053,S3-730662073,S3-607506773,S3-263247365,S3-232475819,S3-575968805,S3-92974238,S3-901865937,S3-566328140,S3-797289734,S3-426545498,S3-375023535,S3-331944027,S3-890922145,S3-136675280,S3-507578619,S3-836927959,S3-260366126,S3-862789788,S3-32634960,S3-509442398,S3-460045321,S3-465433588,S3-703821326,S3-829490404,S3-896227623,S3-977086194,S3-479249803,S3-619115665,S3-91294893,S3-104260598,S3-444600693,S3-123694229,S3-197093940,S3-918357967,S3-659206129,S3-275360323,S3-26161361,S3-46768096,S3-126982322,S3-548783787,S3-803003378,S3-459705885,S3-610402578,S3-308631150,S3-408212372,S3-454085095,S3-112942354,S3-960875960,S3-177049334,S3-551580447,S3-179738152,S3-434491965,S3-587791501,S3-444730740,S3-786831449,S3-364420425,S3-548914378,S3-651762109
S1-300609714	S2-235039028,S2-153334775
S1-302710833	S2-402816014,S2-811863966,S3-181819854,S3-299576808,S3-161412777,S3-269888656,S3-75056814,S3-69171474
S1-304785953	S2-838526909,S2-630651352,S2-736654053,S2-784715242,S2-716687956,S2-114121811,S2-772997011,S3-244694796,S3-804770389,S3-712441242,S3-211164327,S3-180062010,S3-109335189,S3-94880110,S3-330036890,S3-245133916,S3-69171474
S1-305403960	S2-277444929,S2-508602797,S2-684635925,S2-91305348,S2-978126813,S2-349287094,S2-163588551,S2-102309877,S2-224839523,S2-829598251,S2-800014563,S2-67505679,S2-59544689,S2-469073813,S2-435778329,S2-190103142,S2-298914373,S2-628335210,S2-757169960,S2-109121051,S2-541414076,S2-891756213,S2-696635067,S2-971339247,S2-996245861,S2-892923793,S2-308505251,S2-688657051,S2-701787316,S2-709626608,S2-394314645,S2-308510117,S2-708389947,S2-8982199,S2-933278322,S2-131151726,S2-750426664,S2-117672295,S2-549881386,S2-797821871,S2-528205184,S2-516126165,S2-561420173,S2-859321758,S2-37081703,S2-297926319,S2-321398182,S2-554610011,S2-528320338,S2-937703023,S2-679190243,S2-331339262,S2-187514897,S2-946002985,S2-281309190,S2-577969603,S2-449617627,S2-379148212,S2-769858942,S2-532543036,S2-726045392,S2-840538759,S2-898880623,S2-492826161,S2-736787326,S2-382657775,S2-590774517,S2-169597264,S2-165930564,S2-811707035,S2-980846147,S2-252321761,S2-631451351,S2-26324258,S2-100598528,S3-859268022,S3-53737228,S3-45067784,S3-128062172,S3-230314480,S3-878295053,S3-572363539,S3-730662073,S3-891901989,S3-607506773,S3-263247365,S3-232475819,S3-575968805,S3-702183940,S3-92974238,S3-901865937,S3-566328140,S3-797289734,S3-588120445,S3-426545498,S3-367524706,S3-375023535,S3-331944027,S3-169505996,S3-890922145,S3-891626766,S3-136675280,S3-507578619,S3-836927959,S3-260366126,S3-862789788,S3-714994003,S3-32634960,S3-509442398,S3-976681859,S3-190135542,S3-954711163,S3-393744173,S3-460045321,S3-678683280,S3-302901311,S3-465433588,S3-703821326,S3-829490404,S3-896227623,S3-977086194,S3-891618576,S3-479249803,S3-619115665,S3-91294893,S3-104260598,S3-444600693,S3-123694229,S3-197093940,S3-439655728,S3-210818742,S3-918357967,S3-659206129,S3-275360323,S3-968476116,S3-787353706,S3-833884099,S3-26161361,S3-46768096,S3-126982322,S3-548783787,S3-699643086,S3-803003378,S3-459705885,S3-610402578,S3-308631150,S3-408212372,S3-728602891,S3-112942354,S3-960875960,S3-354910039,S3-177049334,S3-551580447,S3-179738152,S3-434491965,S3-564043019,S3-523695838,S3-587791501,S3-312442869,S3-444730740,S3-786831449,S3-364420425,S3-548914378,S3-651762109
S1-305440895	S2-528205184
S1-306095185	S2-895797947,S2-34449822,S2-726045392,S3-859268022,S3-566328140,S3-498867067,S3-496785125
S1-309349399	S2-764573417,S2-163963287,S2-49942811,S2-669879950,S2-332014708,S2-257885603,S2-298761341,S2-162849450,S2-164086509,S2-871017791,S2-472544795,S2-967974285,S2-475524221,S2-322211984,S2-430379962,S2-479278257,S2-100101893,S2-648129048,S2-218208532,S2-236577190,S2-755671955,S2-173632166,S2-384219063,S2-492879191,S2-575166296,S2-904673479,S2-232105388,S2-103972023,S2-876721131,S2-957143385,S2-746717750,S2-241726445,S2-519903945,S3-249416830,S3-551148968,S3-777257171,S3-493572667,S3-940228072,S3-299576808,S3-44013376,S3-585479914,S3-791460119,S3-161412777,S3-458988960,S3-113462535,S3-6605683,S3-988710395,S3-14718400,S3-899583090,S3-536959514,S3-517654841,S3-748452890,S3-306897876,S3-49672113,S3-393484059,S3-980152742,S3-829024295,S3-833085447,S3-564535893,S3-380295664,S3-189240583,S3-946323575,S3-736041086,S3-961058678,S3-201614402,S3-30824703,S3-311526271,S3-82016851,S3-379984324,S3-406009851,S3-390731898,S3-436725377,S3-114276926,S3-245133916,S3-168396245,S3-913950232
S1-31205819	S2-277444929,S2-91305348,S2-428899461,S2-224839523,S2-168770832,S2-895116270,S2-635228641,S2-952329168,S2-784592218,S2-280702058,S2-709626608,S2-394314645,S2-308510117,S2-708389947,S2-789302288,S2-797821871,S2-897475107,S2-297926319,S2-679190243,S2-539779970,S2-187514897,S2-946002985,S2-539414515,S2-560043342,S2-268932954,S2-548542163,S2-492786272,S2-100598528,S3-859268022,S3-776815069,S3-298996001,S3-572363539,S3-314969122,S3-335805814,S3-987031930,S3-260366126,S3-447961633,S3-60787735,S3-284546096,S3-301461097,S3-35900036,S3-304581702,S3-787353706,S3-833884099,S3-325154278,S3-451480230,S3-463723999,S3-431503485,S3-604536112,S3-728602891,S3-150068856,S3-564043019,S3-523695838,S3-489913201,S3-552320642,S3-651762109
S1-314045617	S2-265287731,S2-532353401
S1-314962839	S2-6795460,S2-467948188,S2-275401270,S2-990119436,S2-930194769,S2-539414515,S2-331142396,S3-960981775,S3-783004558,S3-797756565,S3-886815845
S1-315450523	S2-764573417,S2-163963287,S2-49942811,S2-669879950,S2-332014708,S2-257885603,S2-162849450,S2-164086509,S2-623817123,S2-34975790,S2-537858187,S2-871017791,S2-472544795,S2-967974285,S2-41847464,S2-322211984,S2-430379962,S2-648129048,S2-218208532,S2-236577190,S2-755671955,S2-173632166,S2-384219063,S2-232105388,S2-103972023,S2-876721131,S2-957143385,S2-519903945,S3-249416830,S3-315861895,S3-493572667,S3-44013376,S3-585479914,S3-791460119,S3-161412777,S3-458988960,S3-113462535,S3-6605683,S3-988710395,S3-899583090,S3-536959514,S3-748452890,S3-306897876,S3-393484059,S3-829024295,S3-833085447,S3-564535893,S3-380295664,S3-189240583,S3-946323575,S3-736041086,S3-961058678,S3-201614402,S3-30824703,S3-311526271,S3-82016851,S3-379984324,S3-406009851,S3-390731898,S3-913950232
S1-318218643	S2-721031885,S2-868087865,S2-795141272,S2-953098128,S2-54307441,S2-208005980,S2-187379771,S2-705827573,S2-265287731,S2-622773844,S2-333785505,S2-556543773,S2-152030787,S2-667620668,S2-563158163,S2-41847464,S2-475524221,S2-652827281,S2-943996696,S2-878003016,S2-533197229,S2-402804051,S2-299258785,S2-489049291,S2-756454257,S2-347017935,S2-989100620,S2-556803824,S2-1722538,S2-575166296,S2-61330089,S2-790721694,S2-193995593,S2-811863966,S2-438678740,S2-646516046,S2-828726837,S2-14102665,S2-681609924,S2-374779945,S2-781397767,S2-857071377,S2-482353871,S2-699301561,S2-241726445,S2-131264573,S2-79905632,S3-22467283,S3-578159284,S3-504183980,S3-118652570,S3-323153716,S3-875583147,S3-444450554,S3-660160649,S3-51937572,S3-411324695,S3-97933587,S3-299576808,S3-921372917,S3-961916983,S3-519350515,S3-354096900,S3-369130400,S3-889312836,S3-510778048,S3-81161554,S3-903416633,S3-80323204,S3-257771188,S3-775274701,S3-783906913,S3-289677596,S3-325999314,S3-975051187,S3-49672113,S3-951624052,S3-532479968,S3-593749288,S3-240930945,S3-966369596,S3-861155049,S3-331595551,S3-81212547,S3-800499462,S3-642917160,S3-300224532,S3-789929510
S1-323747485	S2-721031885,S2-868087865,S2-795141272,S2-953098128,S2-669879950,S2-54307441,S2-208005980,S2-187379771,S2-298761341,S2-705827573,S2-265287731,S2-622773844,S2-333785505,S2-556543773,S2-152030787,S2-667620668,S2-563158163,S2-472544795,S2-41847464,S2-475524221,S2-652827281,S2-943996696,S2-878003016,S2-479278257,S2-100101893,S2-533197229,S2-402804051,S2-299258785,S2-489049291,S2-756454257,S2-347017935,S2-989100620,S2-556803824,S2-173632166,S2-492879191,S2-1722538,S2-575166296,S2-61330089,S2-790721694,S2-904673479,S2-193995593,S2-811863966,S2-438678740,S2-646516046,S2-828726837,S2-14102665,S2-681609924,S2-374779945,S2-781397767,S2-957143385,S2-746717750,S2-857071377,S2-482353871,S2-699301561,S2-241726445,S2-131264573,S2-79905632,S3-22467283,S3-578159284,S3-504183980,S3-118652570,S3-551148968,S3-323153716,S3-875583147,S3-444450554,S3-777257171,S3-660160649,S3-51937572,S3-411324695,S3-97933587,S3-940228072,S3-299576808,S3-921372917,S3-961916983,S3-519350515,S3-354096900,S3-369130400,S3-889312836,S3-510778048,S3-81161554,S3-903416633,S3-80323204,S3-257771188,S3-775274701,S3-14718400,S3-783906913,S3-517654841,S3-289677596,S3-325999314,S3-975051187,S3-49672113,S3-980152742,S3-951624052,S3-532479968,S3-593749288,S3-240930945,S3-966369596,S3-861155049,S3-390731898,S3-436725377,S3-114276926,S3-331595551,S3-81212547,S3-800499462,S3-642917160,S3-245133916,S3-300224532,S3-789929510,S3-168396245
S1-324674388	S2-721031885,S2-868087865,S2-795141272,S2-953098128,S2-54307441,S2-208005980,S2-187379771,S2-705827573,S2-265287731,S2-622773844,S2-333785505,S2-556543773,S2-152030787,S2-667620668,S2-563158163,S2-41847464,S2-475524221,S2-652827281,S2-943996696,S2-878003016,S2-533197229,S2-402804051,S2-299258785,S2-489049291,S2-756454257,S2-347017935,S2-989100620,S2-556803824,S2-1722538,S2-575166296,S2-61330089,S2-790721694,S2-193995593,S2-811863966,S2-438678740,S2-646516046,S2-828726837,S2-14102665,S2-681609924,S2-374779945,S2-781397767,S2-857071377,S2-482353871,S2-699301561,S2-241726445,S2-131264573,S2-79905632,S3-22467283,S3-578159284,S3-121412624,S3-504183980,S3-118652570,S3-323153716,S3-875583147,S3-444450554,S3-660160649,S3-51937572,S3-411324695,S3-97933587,S3-299576808,S3-921372917,S3-961916983,S3-519350515,S3-354096900,S3-369130400,S3-889312836,S3-510778048,S3-81161554,S3-903416633,S3-80323204,S3-257771188,S3-775274701,S3-783906913,S3-289677596,S3-325999314,S3-975051187,S3-49672113,S3-951624052,S3-532479968,S3-593749288,S3-240930945,S3-966369596,S3-861155049,S3-738431506,S3-331595551,S3-81212547,S3-800499462,S3-642917160,S3-300224532,S3-789929510
S1-326704888	S2-669879950,S2-298761341,S2-857681318,S2-402816014,S2-472544795,S2-475524221,S2-479278257,S2-100101893,S2-492879191,S2-575166296,S2-904673479,S2-811863966,S2-957143385,S2-746717750,S2-241726445,S3-181819854,S3-551148968,S3-875583147,S3-777257171,S3-940228072,S3-299576808,S3-161412777,S3-269888656,S3-14718400,S3-517654841,S3-49672113,S3-980152742,S3-75056814,S3-896638301,S3-390731898,S3-436725377,S3-114276926,S3-245133916,S3-490078702,S3-168396245
S1-328371553	S2-682660453,S3-575167920,S3-74613320,S3-498867067,S3-957756328,S3-753125827
S1-330281696	S2-277444929,S2-508602797,S2-684635925,S2-91305348,S2-978126813,S2-349287094,S2-163588551,S2-102309877,S2-224839523,S2-829598251,S2-800014563,S2-67505679,S2-59544689,S2-469073813,S2-435778329,S2-190103142,S2-298914373,S2-628335210,S2-757169960,S2-109121051,S2-541414076,S2-891756213,S2-696635067,S2-971339247,S2-996245861,S2-892923793,S2-308505251,S2-688657051,S2-701787316,S2-709626608,S2-394314645,S2-308510117,S2-708389947,S2-8982199,S2-933278322,S2-131151726,S2-750426664,S2-117672295,S2-549881386,S2-797821871,S2-528205184,S2-516126165,S2-561420173,S2-859321758,S2-37081703,S2-297926319,S2-321398182,S2-554610011,S2-528320338,S2-937703023,S2-679190243,S2-895797947,S2-331339262,S2-187514897,S2-946002985,S2-281309190,S2-577969603,S2-449617627,S2-34449822,S2-379148212,S2-769858942,S2-532543036,S2-726045392,S2-840538759,S2-898880623,S2-492826161,S2-736787326,S2-382657775,S2-590774517,S2-169597264,S2-165930564,S2-811707035,S2-980846147,S2-252321761,S2-631451351,S2-26324258,S2-100598528,S3-859268022,S3-53737228,S3-45067784,S3-128062172,S3-230314480,S3-878295053,S3-572363539,S3-730662073,S3-891901989,S3-607506773,S3-263247365,S3-232475819,S3-575968805,S3-702183940,S3-92974238,S3-901865937,S3-566328140,S3-797289734,S3-588120445,S3-426545498,S3-367524706,S3-375023535,S3-331944027,S3-169505996,S3-890922145,S3-891626766,S3-136675280,S3-507578619,S3-836927959,S3-260366126,S3-862789788,S3-714994003,S3-32634960,S3-509442398,S3-976681859,S3-190135542,S3-954711163,S3-393744173,S3-460045321,S3-496785125,S3-678683280,S3-302901311,S3-465433588,S3-703821326,S3-829490404,S3-896227623,S3-977086194,S3-891618576,S3-479249803,S3-619115665,S3-91294893,S3-104260598,S3-444600693,S3-123694229,S3-197093940,S3-439655728,S3-210818742,S3-918357967,S3-659206129,S3-275360323,S3-968476116,S3-787353706,S3-833884099,S3-26161361,S3-46768096,S3-126982322,S3-548783787,S3-699643086,S3-803003378,S3-459705885,S3-610402578,S3-308631150,S3-408212372,S3-728602891,S3-112942354,S3-960875960,S3-354910039,S3-177049334,S3-551580447,S3-179738152,S3-434491965,S3-564043019,S3-523695838,S3-587791501,S3-312442869,S3-444730740,S3-786831449,S3-364420425,S3-548914378,S3-651762109
S1-332388880	S2-867614780,S2-888440125,S2-625831173,S2-464291399,S2-402816908,S2-269084113,S2-801373301,S2-716687956,S2-938612654,S2-629499045,S2-589492301,S2-993723166,S2-661443009,S2-308734653,S2-764430935,S2-325615566,S3-121412624,S3-533193854,S3-838486566,S3-568617496,S3-718581280,S3-417218868,S3-896638301,S3-659963286,S3-182177107,S3-863237476
S1-332410345	S2-277444929,S2-91305348,S2-428899461,S2-224839523,S2-895116270,S2-635228641,S2-952329168,S2-784592218,S2-280702058,S2-709626608,S2-394314645,S2-308510117,S2-708389947,S2-789302288,S2-797821871,S2-897475107,S2-297926319,S2-679190243,S2-539779970,S2-187514897,S2-946002985,S2-539414515,S2-560043342,S2-268932954,S2-548542163,S2-492786272,S2-100598528,S3-859268022,S3-776815069,S3-298996001,S3-572363539,S3-314969122,S3-335805814,S3-987031930,S3-331944027,S3-260366126,S3-447961633,S3-60787735,S3-284546096,S3-301461097,S3-35900036,S3-304581702,S3-787353706,S3-833884099,S3-325154278,S3-451480230,S3-463723999,S3-431503485,S3-604536112,S3-728602891,S3-150068856,S3-564043019,S3-523695838,S3-489913201,S3-552320642,S3-651762109
S1-336308856	S2-277444929,S2-508602797,S2-684635925,S2-91305348,S2-978126813,S2-349287094,S2-163588551,S2-102309877,S2-224839523,S2-829598251,S2-800014563,S2-67505679,S2-59544689,S2-469073813,S2-435778329,S2-190103142,S2-298914373,S2-628335210,S2-757169960,S2-109121051,S2-541414076,S2-891756213,S2-696635067,S2-971339247,S2-996245861,S2-892923793,S2-308505251,S2-688657051,S2-701787316,S2-709626608,S2-394314645,S2-308510117,S2-708389947,S2-8982199,S2-933278322,S2-131151726,S2-750426664,S2-117672295,S2-549881386,S2-797821871,S2-528205184,S2-516126165,S2-561420173,S2-859321758,S2-37081703,S2-297926319,S2-321398182,S2-554610011,S2-528320338,S2-937703023,S2-679190243,S2-331339262,S2-187514897,S2-946002985,S2-281309190,S2-577969603,S2-449617627,S2-379148212,S2-769858942,S2-532543036,S2-726045392,S2-840538759,S2-898880623,S2-492826161,S2-736787326,S2-382657775,S2-590774517,S2-169597264,S2-165930564,S2-811707035,S2-980846147,S2-252321761,S2-631451351,S2-26324258,S2-100598528,S3-859268022,S3-53737228,S3-45067784,S3-128062172,S3-230314480,S3-878295053,S3-572363539,S3-730662073,S3-891901989,S3-607506773,S3-263247365,S3-232475819,S3-575968805,S3-702183940,S3-92974238,S3-901865937,S3-566328140,S3-797289734,S3-588120445,S3-426545498,S3-367524706,S3-375023535,S3-331944027,S3-169505996,S3-890922145,S3-891626766,S3-136675280,S3-507578619,S3-836927959,S3-260366126,S3-862789788,S3-714994003,S3-32634960,S3-509442398,S3-976681859,S3-190135542,S3-954711163,S3-393744173,S3-460045321,S3-678683280,S3-302901311,S3-465433588,S3-703821326,S3-829490404,S3-896227623,S3-977086194,S3-891618576,S3-479249803,S3-619115665,S3-91294893,S3-104260598,S3-444600693,S3-123694229,S3-197093940,S3-439655728,S3-210818742,S3-918357967,S3-659206129,S3-275360323,S3-968476116,S3-787353706,S3-833884099,S3-26161361,S3-46768096,S3-126982322,S3-548783787,S3-699643086,S3-803003378,S3-459705885,S3-610402578,S3-308631150,S3-408212372,S3-728602891,S3-112942354,S3-960875960,S3-354910039,S3-177049334,S3-551580447,S3-179738152,S3-434491965,S3-564043019,S3-523695838,S3-587791501,S3-312442869,S3-444730740,S3-786831449,S3-364420425,S3-548914378,S3-651762109
S1-338441694	S2-508602797,S2-684635925,S2-978126813,S2-349287094,S2-102309877,S2-800014563,S2-67505679,S2-59544689,S2-190103142,S2-298914373,S2-628335210,S2-109121051,S2-541414076,S2-891756213,S2-696635067,S2-971339247,S2-996245861,S2-892923793,S2-308505251,S2-701787316,S2-394314645,S2-8982199,S2-131151726,S2-750426664,S2-117672295,S2-549881386,S2-528205184,S2-561420173,S2-859321758,S2-37081703,S2-321398182,S2-937703023,S2-679190243,S2-331339262,S2-281309190,S2-577969603,S2-840538759,S2-898880623,S2-492826161,S2-736787326,S2-590774517,S2-169597264,S2-631451351,S2-26324258,S3-53737228,S3-45067784,S3-128062172,S3-230314480,S3-878295053,S3-730662073,S3-607506773,S3-263247365,S3-232475819,S3-575968805,S3-92974238,S3-901865937,S3-566328140,S3-797289734,S3-426545498,S3-375023535,S3-331944027,S3-890922145,S3-136675280,S3-507578619,S3-836927959,S3-260366126,S3-862789788,S3-32634960,S3-509442398,S3-460045321,S3-302901311,S3-465433588,S3-703821326,S3-829490404,S3-896227623,S3-977086194,S3-479249803,S3-619115665,S3-91294893,S3-104260598,S3-444600693,S3-123694229,S3-197093940,S3-918357967,S3-659206129,S3-275360323,S3-325154278,S3-26161361,S3-46768096,S3-126982322,S3-548783787,S3-803003378,S3-459705885,S3-610402578,S3-308631150,S3-408212372,S3-112942354,S3-960875960,S3-177049334,S3-551580447,S3-179738152,S3-434491965,S3-587791501,S3-444730740,S3-786831449,S3-364420425,S3-548914378,S3-651762109
S1-338840619	S2-721031885,S2-868087865,S2-795141272,S2-953098128,S2-54307441,S2-208005980,S2-187379771,S2-705827573,S2-265287731,S2-622773844,S2-333785505,S2-556543773,S2-152030787,S2-667620668,S2-563158163,S2-41847464,S2-475524221,S2-652827281,S2-943996696,S2-878003016,S2-533197229,S2-402804051,S2-299258785,S2-489049291,S2-756454257,S2-347017935,S2-989100620,S2-556803824,S2-1722538,S2-575166296,S2-61330089,S2-790721694,S2-193995593,S2-811863966,S2-438678740,S2-646516046,S2-828726837,S2-14102665,S2-681609924,S2-374779945,S2-781397767,S2-857071377,S2-482353871,S2-699301561,S2-241726445,S2-131264573,S2-79905632,S3-22467283,S3-578159284,S3-504183980,S3-118652570,S3-323153716,S3-875583147,S3-444450554,S3-660160649,S3-51937572,S3-411324695,S3-97933587,S3-299576808,S3-921372917,S3-961916983,S3-519350515,S3-354096900,S3-369130400,S3-889312836,S3-510778048,S3-81161554,S3-903416633,S3-80323204,S3-257771188,S3-775274701,S3-783906913,S3-289677596,S3-325999314,S3-975051187,S3-49672113,S3-951624052,S3-532479968,S3-593749288,S3-240930945,S3-966369596,S3-861155049,S3-331595551,S3-81212547,S3-800499462,S3-642917160,S3-300224532,S3-789929510
S1-341506266	S2-277444929,S2-508602797,S2-684635925,S2-91305348,S2-978126813,S2-349287094,S2-163588551,S2-102309877,S2-224839523,S2-829598251,S2-800014563,S2-67505679,S2-59544689,S2-469073813,S2-435778329,S2-190103142,S2-298914373,S2-628335210,S2-757169960,S2-109121051,S2-541414076,S2-891756213,S2-696635067,S2-971339247,S2-996245861,S2-892923793,S2-308505251,S2-688657051,S2-701787316,S2-709626608,S2-394314645,S2-308510117,S2-708389947,S2-8982199,S2-933278322,S2-131151726,S2-750426664,S2-117672295,S2-549881386,S2-797821871,S2-528205184,S2-516126165,S2-561420173,S2-859321758,S2-37081703,S2-297926319,S2-321398182,S2-554610011,S2-528320338,S2-937703023,S2-679190243,S2-331339262,S2-187514897,S2-946002985,S2-281309190,S2-577969603,S2-449617627,S2-379148212,S2-769858942,S2-532543036,S2-726045392,S2-840538759,S2-898880623,S2-492826161,S2-736787326,S2-382657775,S2-590774517,S2-169597264,S2-165930564,S2-811707035,S2-980846147,S2-252321761,S2-631451351,S2-26324258,S2-100598528,S3-859268022,S3-53737228,S3-45067784,S3-128062172,S3-230314480,S3-878295053,S3-572363539,S3-730662073,S3-891901989,S3-607506773,S3-263247365,S3-232475819,S3-575968805,S3-702183940,S3-92974238,S3-901865937,S3-566328140,S3-797289734,S3-588120445,S3-426545498,S3-367524706,S3-375023535,S3-331944027,S3-169505996,S3-890922145,S3-891626766,S3-136675280,S3-507578619,S3-836927959,S3-260366126,S3-862789788,S3-714994003,S3-32634960,S3-509442398,S3-976681859,S3-190135542,S3-954711163,S3-393744173,S3-460045321,S3-678683280,S3-302901311,S3-465433588,S3-703821326,S3-829490404,S3-896227623,S3-977086194,S3-891618576,S3-479249803,S3-619115665,S3-91294893,S3-797756565,S3-104260598,S3-444600693,S3-123694229,S3-197093940,S3-439655728,S3-210818742,S3-918357967,S3-659206129,S3-275360323,S3-968476116,S3-787353706,S3-833884099,S3-26161361,S3-46768096,S3-126982322,S3-548783787,S3-699643086,S3-803003378,S3-459705885,S3-610402578,S3-308631150,S3-408212372,S3-728602891,S3-112942354,S3-960875960,S3-354910039,S3-177049334,S3-551580447,S3-179738152,S3-434491965,S3-564043019,S3-523695838,S3-587791501,S3-312442869,S3-444730740,S3-786831449,S3-364420425,S3-548914378,S3-651762109
S1-342754370	S2-277444929,S2-508602797,S2-684635925,S2-91305348,S2-978126813,S2-349287094,S2-163588551,S2-102309877,S2-224839523,S2-829598251,S2-800014563,S2-67505679,S2-59544689,S2-469073813,S2-435778329,S2-190103142,S2-298914373,S2-628335210,S2-757169960,S2-109121051,S2-541414076,S2-891756213,S2-696635067,S2-971339247,S2-996245861,S2-892923793,S2-308505251,S2-688657051,S2-701787316,S2-709626608,S2-394314645,S2-308510117,S2-708389947,S2-8982199,S2-933278322,S2-131151726,S2-750426664,S2-117672295,S2-549881386,S2-797821871,S2-528205184,S2-516126165,S2-561420173,S2-859321758,S2-37081703,S2-297926319,S2-321398182,S2-554610011,S2-528320338,S2-937703023,S2-679190243,S2-331339262,S2-187514897,S2-946002985,S2-281309190,S2-577969603,S2-449617627,S2-379148212,S2-769858942,S2-532543036,S2-726045392,S2-840538759,S2-898880623,S2-492826161,S2-736787326,S2-382657775,S2-590774517,S2-169597264,S2-165930564,S2-811707035,S2-980846147,S2-252321761,S2-631451351,S2-26324258,S2-100598528,S3-859268022,S3-53737228,S3-45067784,S3-128062172,S3-230314480,S3-878295053,S3-572363539,S3-783004558,S3-730662073,S3-891901989,S3-607506773,S3-263247365,S3-232475819,S3-575968805,S3-702183940,S3-92974238,S3-901865937,S3-566328140,S3-797289734,S3-588120445,S3-426545498,S3-367524706,S3-375023535,S3-331944027,S3-169505996,S3-890922145,S3-891626766,S3-136675280,S3-507578619,S3-836927959,S3-260366126,S3-862789788,S3-714994003,S3-32634960,S3-509442398,S3-976681859,S3-190135542,S3-954711163,S3-393744173,S3-460045321,S3-678683280,S3-786009122,S3-302901311,S3-465433588,S3-703821326,S3-829490404,S3-896227623,S3-977086194,S3-891618576,S3-479249803,S3-619115665,S3-518679355,S3-91294893,S3-104260598,S3-444600693,S3-123694229,S3-197093940,S3-439655728,S3-210818742,S3-918357967,S3-659206129,S3-275360323,S3-968476116,S3-787353706,S3-833884099,S3-26161361,S3-46768096,S3-126982322,S3-548783787,S3-699643086,S3-803003378,S3-459705885,S3-709021698,S3-610402578,S3-308631150,S3-408212372,S3-728602891,S3-112942354,S3-960875960,S3-354910039,S3-177049334,S3-551580447,S3-179738152,S3-434491965,S3-564043019,S3-523695838,S3-587791501,S3-312442869,S3-444730740,S3-786831449,S3-364420425,S3-548914378,S3-651762109
S1-346603579	S2-721031885,S2-868087865,S2-795141272,S2-953098128,S2-54307441,S2-208005980,S2-187379771,S2-705827573,S2-265287731,S2-622773844,S2-333785505,S2-556543773,S2-152030787,S2-667620668,S2-563158163,S2-41847464,S2-475524221,S2-652827281,S2-943996696,S2-878003016,S2-533197229,S2-402804051,S2-299258785,S2-489049291,S2-756454257,S2-347017935,S2-989100620,S2-556803824,S2-1722538,S2-575166296,S2-61330089,S2-790721694,S2-508784928,S2-193995593,S2-811863966,S2-438678740,S2-646516046,S2-828726837,S2-14102665,S2-681609924,S2-374779945,S2-781397767,S2-857071377,S2-482353871,S2-699301561,S2-241726445,S2-131264573,S2-79905632,S3-22467283,S3-578159284,S3-504183980,S3-118652570,S3-323153716,S3-875583147,S3-444450554,S3-660160649,S3-51937572,S3-411324695,S3-97933587,S3-299576808,S3-921372917,S3-961916983,S3-519350515,S3-354096900,S3-369130400,S3-429776213,S3-889312836,S3-510778048,S3-81161554,S3-903416633,S3-80323204,S3-257771188,S3-775274701,S3-783906913,S3-289677596,S3-325999314,S3-975051187,S3-49672113,S3-951624052,S3-532479968,S3-593749288,S3-913436639,S3-240930945,S3-966369596,S3-861155049,S3-379984324,S3-331595551,S3-81212547,S3-800499462,S3-642917160,S3-300224532,S3-789929510
S1-349873839	S2-721031885,S2-868087865,S2-795141272,S2-953098128,S2-54307441,S2-208005980,S2-187379771,S2-705827573,S2-265287731,S2-622773844,S2-333785505,S2-556543773,S2-152030787,S2-667620668,S2-563158163,S2-41847464,S2-475524221,S2-652827281,S2-943996696,S2-878003016,S2-533197229,S2-39617527,S2-402804051,S2-299258785,S2-489049291,S2-756454257,S2-347017935,S2-989100620,S2-556803824,S2-1722538,S2-575166296,S2-61330089,S2-790721694,S2-193995593,S2-811863966,S2-438678740,S2-646516046,S2-828726837,S2-14102665,S2-681609924,S2-374779945,S2-781397767,S2-857071377,S2-482353871,S2-699301561,S2-241726445,S2-131264573,S2-79905632,S3-22467283,S3-578159284,S3-504183980,S3-118652570,S3-323153716,S3-875583147,S3-444450554,S3-660160649,S3-51937572,S3-411324695,S3-97933587,S3-299576808,S3-921372917,S3-961916983,S3-519350515,S3-354096900,S3-369130400,S3-889312836,S3-510778048,S3-81161554,S3-903416633,S3-80323204,S3-257771188,S3-775274701,S3-783906913,S3-289677596,S3-325999314,S3-975051187,S3-49672113,S3-951624052,S3-532479968,S3-593749288,S3-240930945,S3-966369596,S3-946323575,S3-861155049,S3-331595551,S3-81212547,S3-800499462,S3-642917160,S3-300224532,S3-789929510
S1-352234501	S2-634015823,S2-556543773,S2-254788212,S2-175566180,S2-755671955,S2-175642159,S2-438678740,S2-764430935,S2-444297111,S3-608740521,S3-565165190,S3-257771188,S3-393484059,S3-738588591,S3-506388347,S3-765275693,S3-99505923
S1-353948236	S2-721031885,S2-868087865,S2-795141272,S2-953098128,S2-54307441,S2-208005980,S2-187379771,S2-705827573,S2-265287731,S2-622773844,S2-333785505,S2-556543773,S2-152030787,S2-667620668,S2-563158163,S2-41847464,S2-475524221,S2-652827281,S2-943996696,S2-878003016,S2-533197229,S2-402804051,S2-299258785,S2-489049291,S2-756454257,S2-347017935,S2-989100620,S2-556803824,S2-1722538,S2-575166296,S2-61330089,S2-790721694,S2-193995593,S2-811863966,S2-438678740,S2-646516046,S2-828726837,S2-14102665,S2-681609924,S2-374779945,S2-781397767,S2-857071377,S2-482353871,S2-699301561,S2-241726445,S2-131264573,S2-79905632,S3-22467283,S3-578159284,S3-504183980,S3-118652570,S3-323153716,S3-875583147,S3-444450554,S3-660160649,S3-51937572,S3-411324695,S3-97933587,S3-299576808,S3-921372917,S3-961916983,S3-519350515,S3-608740521,S3-354096900,S3-369130400,S3-889312836,S3-510778048,S3-81161554,S3-903416633,S3-80323204,S3-257771188,S3-775274701,S3-783906913,S3-289677596,S3-325999314,S3-975051187,S3-49672113,S3-951624052,S3-532479968,S3-593749288,S3-656934246,S3-240930945,S3-966369596,S3-861155049,S3-331595551,S3-81212547,S3-800499462,S3-642917160,S3-300224532,S3-789929510
S1-356020591	S2-721031885,S2-868087865,S2-795141272,S2-953098128,S2-526991413,S2-54307441,S2-208005980,S2-187379771,S2-705827573,S2-265287731,S2-622773844,S2-333785505,S2-556543773,S2-152030787,S2-667620668,S2-563158163,S2-41847464,S2-475524221,S2-652827281,S2-943996696,S2-878003016,S2-533197229,S2-402804051,S2-299258785,S2-489049291,S2-756454257,S2-347017935,S2-989100620,S2-556803824,S2-1722538,S2-575166296,S2-61330089,S2-790721694,S2-193995593,S2-811863966,S2-438678740,S2-646516046,S2-828726837,S2-14102665,S2-681609924,S2-374779945,S2-27324542,S2-781397767,S2-857071377,S2-482353871,S2-699301561,S2-241726445,S2-131264573,S2-325615566,S2-79905632,S3-22467283,S3-578159284,S3-504183980,S3-118652570,S3-323153716,S3-875583147,S3-444450554,S3-660160649,S3-51937572,S3-411324695,S3-97933587,S3-299576808,S3-921372917,S3-961916983,S3-519350515,S3-105263451,S3-354096900,S3-369130400,S3-889312836,S3-510778048,S3-81161554,S3-903416633,S3-80323204,S3-257771188,S3-775274701,S3-783906913,S3-289677596,S3-325999314,S3-975051187,S3-49672113,S3-951624052,S3-532479968,S3-593749288,S3-240930945,S3-966369596,S3-861155049,S3-331595551,S3-81212547,S3-800499462,S3-642917160,S3-300224532,S3-789929510
S1-356319224	S2-673704658,S2-457500956,S2-867614780,S2-56744275,S2-5405243,S2-630651352,S2-64137184,S2-103317508,S2-589492301,S2-792661362,S2-716961117,S3-161412777,S3-269888656,S3-903416633,S3-80888417,S3-4573520,S3-896638301,S3-11263883,S3-406009851,S3-738431506
S1-362880192	S2-721031885,S2-868087865,S2-795141272,S2-953098128,S2-54307441,S2-208005980,S2-257885603,S2-187379771,S2-705827573,S2-265287731,S2-622773844,S2-333785505,S2-556543773,S2-152030787,S2-667620668,S2-563158163,S2-686350780,S2-41847464,S2-475524221,S2-652827281,S2-943996696,S2-878003016,S2-533197229,S2-619844913,S2-402804051,S2-299258785,S2-489049291,S2-756454257,S2-347017935,S2-989100620,S2-556803824,S2-1722538,S2-575166296,S2-61330089,S2-790721694,S2-193995593,S2-811863966,S2-438678740,S2-646516046,S2-828726837,S2-14102665,S2-681609924,S2-374779945,S2-781397767,S2-857071377,S2-482353871,S2-699301561,S2-241726445,S2-131264573,S2-79905632,S3-22467283,S3-578159284,S3-504183980,S3-118652570,S3-323153716,S3-875583147,S3-444450554,S3-660160649,S3-51937572,S3-911307067,S3-411324695,S3-97933587,S3-299576808,S3-921372917,S3-961916983,S3-519350515,S3-354096900,S3-369130400,S3-889312836,S3-510778048,S3-81161554,S3-903416633,S3-80323204,S3-257771188,S3-775274701,S3-783906913,S3-289677596,S3-325999314,S3-975051187,S3-49672113,S3-951624052,S3-532479968,S3-593749288,S3-240930945,S3-966369596,S3-861155049,S3-331595551,S3-81212547,S3-800499462,S3-642917160,S3-300224532,S3-789929510,S3-169638082
S1-363414052	S2-764573417,S2-163963287,S2-49942811,S2-669879950,S2-332014708,S2-257885603,S2-162849450,S2-164086509,S2-871017791,S2-472544795,S2-967974285,S2-322211984,S2-430379962,S2-648129048,S2-218208532,S2-236577190,S2-755671955,S2-173632166,S2-384219063,S2-232105388,S2-103972023,S2-876721131,S2-957143385,S2-519903945,S3-249416830,S3-493572667,S3-44013376,S3-585479914,S3-791460119,S3-161412777,S3-458988960,S3-113462535,S3-6605683,S3-988710395,S3-899583090,S3-536959514,S3-748452890,S3-306897876,S3-393484059,S3-829024295,S3-833085447,S3-564535893,S3-380295664,S3-189240583,S3-946323575,S3-736041086,S3-961058678,S3-201614402,S3-30824703,S3-311526271,S3-82016851,S3-379984324,S3-406009851,S3-390731898,S3-913950232
S1-366329737	S2-763108962,S2-223038034,S2-722166534,S2-701477103,S2-605633090,S2-728928259,S2-243813488,S2-281309190,S2-34449822,S2-785139940,S2-747145329,S2-60818919,S3-12915038,S3-682142621,S3-461388509,S3-659206129,S3-960702922,S3-709021698,S3-995040589
S1-368348061	S2-764573417,S2-163963287,S2-49942811,S2-669879950,S2-332014708,S2-257885603,S2-162849450,S2-164086509,S2-871017791,S2-472544795,S2-967974285,S2-322211984,S2-430379962,S2-648129048,S2-218208532,S2-236577190,S2-755671955,S2-173632166,S2-384219063,S2-232105388,S2-103972023,S2-876721131,S2-957143385,S2-519903945,S3-249416830,S3-493572667,S3-44013376,S3-585479914,S3-791460119,S3-161412777,S3-458988960,S3-113462535,S3-6605683,S3-988710395,S3-899583090,S3-536959514,S3-748452890,S3-306897876,S3-393484059,S3-561696284,S3-829024295,S3-833085447,S3-564535893,S3-380295664,S3-189240583,S3-946323575,S3-736041086,S3-961058678,S3-201614402,S3-30824703,S3-311526271,S3-82016851,S3-379984324,S3-406009851,S3-390731898,S3-913950232
S1-369711048	S2-721031885,S2-868087865,S2-795141272,S2-953098128,S2-54307441,S2-208005980,S2-187379771,S2-705827573,S2-265287731,S2-622773844,S2-333785505,S2-556543773,S2-152030787,S2-667620668,S2-563158163,S2-41847464,S2-475524221,S2-652827281,S2-943996696,S2-878003016,S2-533197229,S2-402804051,S2-299258785,S2-489049291,S2-756454257,S2-347017935,S2-989100620,S2-556803824,S2-1722538,S2-575166296,S2-61330089,S2-790721694,S2-193995593,S2-811863966,S2-438678740,S2-646516046,S2-828726837,S2-14102665,S2-681609924,S2-374779945,S2-781397767,S2-857071377,S2-482353871,S2-699301561,S2-241726445,S2-131264573,S2-79905632,S3-22467283,S3-578159284,S3-504183980,S3-118652570,S3-323153716,S3-875583147,S3-444450554,S3-660160649,S3-51937572,S3-411324695,S3-97933587,S3-299576808,S3-921372917,S3-961916983,S3-519350515,S3-354096900,S3-369130400,S3-889312836,S3-510778048,S3-81161554,S3-903416633,S3-80323204,S3-257771188,S3-775274701,S3-783906913,S3-289677596,S3-325999314,S3-975051187,S3-49672113,S3-951624052,S3-532479968,S3-593749288,S3-240930945,S3-966369596,S3-861155049,S3-331595551,S3-81212547,S3-800499462,S3-642917160,S3-300224532,S3-789929510
S1-370715897	S2-673704658,S2-838526909,S2-457500956,S2-867614780,S2-56744275,S2-5405243,S2-630651352,S2-736654053,S2-784715242,S2-64137184,S2-785852339,S2-103317508,S2-716687956,S2-114121811,S2-589492301,S2-792661362,S2-772997011,S3-244694796,S3-804770389,S3-161412777,S3-712441242,S3-269888656,S3-903416633,S3-211164327,S3-180062010,S3-109335189,S3-80888417,S3-4573520,S3-94880110,S3-330036890,S3-11263883,S3-738431506,S3-245133916,S3-69171474
S1-3732976	S2-721031885,S2-868087865,S2-795141272,S2-953098128,S2-54307441,S2-208005980,S2-187379771,S2-705827573,S2-769808418,S2-56744275,S2-265287731,S2-622773844,S2-333785505,S2-556543773,S2-152030787,S2-667620668,S2-563158163,S2-41847464,S2-616836723,S2-475524221,S2-652827281,S2-479331549,S2-943996696,S2-878003016,S2-533197229,S2-402804051,S2-299258785,S2-489049291,S2-756454257,S2-347017935,S2-989100620,S2-556803824,S2-1722538,S2-575166296,S2-61330089,S2-790721694,S2-193995593,S2-811863966,S2-438678740,S2-646516046,S2-828726837,S2-14102665,S2-681609924,S2-374779945,S2-781397767,S2-857071377,S2-482353871,S2-699301561,S2-241726445,S2-131264573,S2-79905632,S3-22467283,S3-578159284,S3-504183980,S3-118652570,S3-323153716,S3-875583147,S3-444450554,S3-660160649,S3-51937572,S3-411324695,S3-97933587,S3-299576808,S3-921372917,S3-961916983,S3-519350515,S3-354096900,S3-369130400,S3-889312836,S3-510778048,S3-81161554,S3-903416633,S3-80323204,S3-257771188,S3-775274701,S3-783906913,S3-289677596,S3-325999314,S3-975051187,S3-49672113,S3-951624052,S3-532479968,S3-593749288,S3-240930945,S3-966369596,S3-861155049,S3-331595551,S3-81212547,S3-800499462,S3-642917160,S3-300224532,S3-789929510
S1-374959431	S2-764573417,S2-163963287,S2-49942811,S2-669879950,S2-332014708,S2-257885603,S2-553620620,S2-162849450,S2-625831173,S2-164086509,S2-871017791,S2-472544795,S2-967974285,S2-374185954,S2-322211984,S2-430379962,S2-648129048,S2-218208532,S2-236577190,S2-755671955,S2-173632166,S2-384219063,S2-715243543,S2-232105388,S2-103972023,S2-876721131,S2-957143385,S2-519903945,S3-249416830,S3-493572667,S3-44013376,S3-585479914,S3-791460119,S3-161412777,S3-458988960,S3-113462535,S3-6605683,S3-988710395,S3-899583090,S3-536959514,S3-783906913,S3-748452890,S3-306897876,S3-393484059,S3-829024295,S3-833085447,S3-564535893,S3-380295664,S3-401540298,S3-189240583,S3-946323575,S3-736041086,S3-961058678,S3-201614402,S3-30824703,S3-311526271,S3-82016851,S3-979234382,S3-379984324,S3-406009851,S3-390731898,S3-913950232
S1-376690332	S2-277444929,S2-508602797,S2-684635925,S2-91305348,S2-978126813,S2-349287094,S2-163588551,S2-102309877,S2-224839523,S2-829598251,S2-800014563,S2-67505679,S2-59544689,S2-469073813,S2-435778329,S2-190103142,S2-298914373,S2-628335210,S2-757169960,S2-109121051,S2-541414076,S2-891756213,S2-696635067,S2-971339247,S2-996245861,S2-892923793,S2-308505251,S2-688657051,S2-701787316,S2-709626608,S2-394314645,S2-308510117,S2-708389947,S2-8982199,S2-933278322,S2-131151726,S2-750426664,S2-117672295,S2-549881386,S2-797821871,S2-528205184,S2-516126165,S2-561420173,S2-859321758,S2-37081703,S2-297926319,S2-321398182,S2-554610011,S2-528320338,S2-937703023,S2-679190243,S2-331339262,S2-187514897,S2-946002985,S2-281309190,S2-577969603,S2-449617627,S2-379148212,S2-769858942,S2-532543036,S2-726045392,S2-840538759,S2-898880623,S2-492826161,S2-736787326,S2-382657775,S2-590774517,S2-169597264,S2-165930564,S2-811707035,S2-980846147,S2-252321761,S2-631451351,S2-26324258,S2-100598528,S3-859268022,S3-53737228,S3-45067784,S3-128062172,S3-230314480,S3-878295053,S3-572363539,S3-730662073,S3-891901989,S3-607506773,S3-263247365,S3-232475819,S3-575968805,S3-702183940,S3-92974238,S3-901865937,S3-566328140,S3-797289734,S3-588120445,S3-426545498,S3-367524706,S3-375023535,S3-331944027,S3-169505996,S3-890922145,S3-891626766,S3-136675280,S3-507578619,S3-836927959,S3-260366126,S3-862789788,S3-714994003,S3-32634960,S3-509442398,S3-976681859,S3-190135542,S3-954711163,S3-393744173,S3-460045321,S3-678683280,S3-302901311,S3-465433588,S3-703821326,S3-829490404,S3-896227623,S3-977086194,S3-891618576,S3-479249803,S3-619115665,S3-91294893,S3-104260598,S3-444600693,S3-123694229,S3-197093940,S3-439655728,S3-210818742,S3-918357967,S3-659206129,S3-275360323,S3-968476116,S3-787353706,S3-833884099,S3-26161361,S3-46768096,S3-126982322,S3-548783787,S3-699643086,S3-803003378,S3-459705885,S3-610402578,S3-308631150,S3-408212372,S3-728602891,S3-112942354,S3-960875960,S3-354910039,S3-177049334,S3-551580447,S3-179738152,S3-434491965,S3-564043019,S3-523695838,S3-587791501,S3-312442869,S3-444730740,S3-786831449,S3-364420425,S3-548914378,S3-651762109
S1-377745466	S2-764573417,S2-163963287,S2-49942811,S2-669879950,S2-332014708,S2-257885603,S2-162849450,S2-164086509,S2-477675434,S2-871017791,S2-472544795,S2-967974285,S2-322211984,S2-430379962,S2-648129048,S2-218208532,S2-236577190,S2-755671955,S2-173632166,S2-384219063,S2-232105388,S2-103972023,S2-876721131,S2-957143385,S2-519903945,S2-325615566,S3-249416830,S3-493572667,S3-44013376,S3-585479914,S3-791460119,S3-161412777,S3-458988960,S3-113462535,S3-6605683,S3-988710395,S3-899583090,S3-536959514,S3-748452890,S3-306897876,S3-393484059,S3-829024295,S3-833085447,S3-564535893,S3-380295664,S3-189240583,S3-946323575,S3-736041086,S3-961058678,S3-201614402,S3-30824703,S3-311526271,S3-82016851,S3-379984324,S3-406009851,S3-390731898,S3-913950232
S1-378164861	S3-961916983,S3-561696284
S1-378652653	S2-764573417,S2-163963287,S2-49942811,S2-669879950,S2-332014708,S2-257885603,S2-129228958,S2-162849450,S2-164086509,S2-871017791,S2-472544795,S2-88437832,S2-967974285,S2-322211984,S2-430379962,S2-648129048,S2-218208532,S2-236577190,S2-755671955,S2-173632166,S2-384219063,S2-232105388,S2-103972023,S2-105086356,S2-876721131,S2-957143385,S2-873164808,S2-519903945,S3-249416830,S3-493572667,S3-44013376,S3-585479914,S3-791460119,S3-161412777,S3-458988960,S3-113462535,S3-6605683,S3-988710395,S3-899583090,S3-536959514,S3-748452890,S3-306897876,S3-393484059,S3-829024295,S3-833085447,S3-564535893,S3-380295664,S3-189240583,S3-946323575,S3-736041086,S3-961058678,S3-201614402,S3-30824703,S3-311526271,S3-82016851,S3-379984324,S3-406009851,S3-390731898,S3-913950232
S1-378978603	S2-944853638,S2-968244171,S2-374185954,S2-100101893,S2-440137459,S2-532353401,S2-568026492,S2-918763928,S2-934037681,S2-867034949,S3-431610666,S3-192817070,S3-14718400,S3-37104459,S3-7812561,S3-913436639
S1-379918793	S2-912941112,S2-91704178,S2-322211984,S2-450266205,S2-716687956,S2-956608424,S2-713920891,S2-193995593,S2-14102665,S2-772997011,S2-131264573,S2-519903945,S3-22467283,S3-973629095,S3-8222959,S3-568617496,S3-899583090,S3-180062010,S3-532479968,S3-390090152,S3-210476563,S3-330036890,S3-754421830
S1-381957415	S2-508602797,S2-684635925,S2-978126813,S2-349287094,S2-102309877,S2-800014563,S2-67505679,S2-59544689,S2-190103142,S2-298914373,S2-628335210,S2-102286733,S2-109121051,S2-541414076,S2-891756213,S2-696635067,S2-971339247,S2-996245861,S2-892923793,S2-308505251,S2-701787316,S2-394314645,S2-8982199,S2-131151726,S2-750426664,S2-117672295,S2-549881386,S2-528205184,S2-561420173,S2-859321758,S2-37081703,S2-321398182,S2-937703023,S2-679190243,S2-331339262,S2-281309190,S2-577969603,S2-840538759,S2-898880623,S2-492826161,S2-736787326,S2-590774517,S2-169597264,S2-631451351,S2-26324258,S3-53737228,S3-45067784,S3-128062172,S3-230314480,S3-878295053,S3-730662073,S3-607506773,S3-263247365,S3-232475819,S3-575968805,S3-92974238,S3-901865937,S3-566328140,S3-797289734,S3-426545498,S3-375023535,S3-331944027,S3-890922145,S3-136675280,S3-507578619,S3-836927959,S3-260366126,S3-862789788,S3-32634960,S3-509442398,S3-460045321,S3-786009122,S3-465433588,S3-703821326,S3-829490404,S3-896227623,S3-977086194,S3-479249803,S3-619115665,S3-91294893,S3-104260598,S3-444600693,S3-123694229,S3-197093940,S3-918357967,S3-659206129,S3-275360323,S3-26161361,S3-46768096,S3-126982322,S3-548783787,S3-803003378,S3-459705885,S3-610402578,S3-308631150,S3-408212372,S3-112942354,S3-960875960,S3-177049334,S3-551580447,S3-179738152,S3-434491965,S3-587791501,S3-444730740,S3-786831449,S3-364420425,S3-548914378,S3-651762109
S1-382435344	S2-721031885,S2-868087865,S2-795141272,S2-953098128,S2-54307441,S2-208005980,S2-187379771,S2-705827573,S2-265287731,S2-622773844,S2-333785505,S2-556543773,S2-152030787,S2-667620668,S2-563158163,S2-41847464,S2-475524221,S2-652827281,S2-943996696,S2-878003016,S2-533197229,S2-402804051,S2-299258785,S2-489049291,S2-756454257,S2-347017935,S2-989100620,S2-556803824,S2-1722538,S2-575166296,S2-61330089,S2-790721694,S2-193995593,S2-811863966,S2-438678740,S2-646516046,S2-828726837,S2-14102665,S2-681609924,S2-374779945,S2-781397767,S2-857071377,S2-482353871,S2-699301561,S2-241726445,S2-131264573,S2-79905632,S3-22467283,S3-578159284,S3-504183980,S3-118652570,S3-323153716,S3-875583147,S3-444450554,S3-660160649,S3-51937572,S3-411324695,S3-97933587,S3-299576808,S3-921372917,S3-961916983,S3-519350515,S3-354096900,S3-369130400,S3-889312836,S3-510778048,S3-81161554,S3-903416633,S3-80323204,S3-257771188,S3-775274701,S3-783906913,S3-289677596,S3-325999314,S3-975051187,S3-49672113,S3-951624052,S3-532479968,S3-593749288,S3-240930945,S3-966369596,S3-861155049,S3-331595551,S3-81212547,S3-800499462,S3-642917160,S3-300224532,S3-789929510
S1-386654734	S2-469073813,S2-109121051,S2-64301738,S2-539779970,S3-878820114,S3-263247365,S3-588120445,S3-786009122,S3-284546096,S3-682142621,S3-306170136,S3-275360323,S3-803003378
S1-387008828	S2-277444929,S2-508602797,S2-684635925,S2-91305348,S2-978126813,S2-349287094,S2-163588551,S2-102309877,S2-224839523,S2-829598251,S2-800014563,S2-67505679,S2-59544689,S2-469073813,S2-435778329,S2-190103142,S2-298914373,S2-628335210,S2-757169960,S2-109121051,S2-541414076,S2-891756213,S2-696635067,S2-971339247,S2-996245861,S2-892923793,S2-308505251,S2-688657051,S2-701787316,S2-709626608,S2-394314645,S2-308510117,S2-708389947,S2-8982199,S2-933278322,S2-131151726,S2-750426664,S2-117672295,S2-549881386,S2-797821871,S2-528205184,S2-516126165,S2-561420173,S2-859321758,S2-37081703,S2-297926319,S2-321398182,S2-554610011,S2-528320338,S2-937703023,S2-679190243,S2-331339262,S2-187514897,S2-946002985,S2-281309190,S2-577969603,S2-449617627,S2-379148212,S2-769858942,S2-532543036,S2-726045392,S2-840538759,S2-898880623,S2-492826161,S2-736787326,S2-382657775,S2-590774517,S2-169597264,S2-165930564,S2-811707035,S2-980846147,S2-252321761,S2-631451351,S2-26324258,S2-100598528,S3-859268022,S3-53737228,S3-45067784,S3-128062172,S3-230314480,S3-878295053,S3-572363539,S3-730662073,S3-891901989,S3-607506773,S3-263247365,S3-232475819,S3-575968805,S3-702183940,S3-92974238,S3-901865937,S3-566328140,S3-797289734,S3-588120445,S3-426545498,S3-367524706,S3-375023535,S3-331944027,S3-169505996,S3-890922145,S3-891626766,S3-136675280,S3-507578619,S3-836927959,S3-260366126,S3-862789788,S3-714994003,S3-32634960,S3-509442398,S3-976681859,S3-190135542,S3-954711163,S3-393744173,S3-460045321,S3-678683280,S3-302901311,S3-465433588,S3-703821326,S3-829490404,S3-896227623,S3-977086194,S3-891618576,S3-479249803,S3-619115665,S3-91294893,S3-104260598,S3-444600693,S3-123694229,S3-197093940,S3-439655728,S3-210818742,S3-918357967,S3-659206129,S3-275360323,S3-968476116,S3-787353706,S3-833884099,S3-26161361,S3-46768096,S3-126982322,S3-548783787,S3-699643086,S3-803003378,S3-459705885,S3-610402578,S3-308631150,S3-408212372,S3-728602891,S3-112942354,S3-960875960,S3-354910039,S3-177049334,S3-551580447,S3-179738152,S3-434491965,S3-564043019,S3-523695838,S3-587791501,S3-312442869,S3-444730740,S3-786831449,S3-364420425,S3-548914378,S3-651762109
S1-387418200	S2-838526909,S2-912941112,S2-91704178,S2-630651352,S2-736654053,S2-784715242,S2-322211984,S2-450266205,S2-716687956,S2-956608424,S2-713920891,S2-114121811,S2-193995593,S2-14102665,S2-772997011,S2-131264573,S2-519903945,S3-22467283,S3-504183980,S3-973629095,S3-244694796,S3-804770389,S3-712441242,S3-8222959,S3-568617496,S3-211164327,S3-899583090,S3-180062010,S3-532479968,S3-390090152,S3-109335189,S3-210476563,S3-94880110,S3-330036890,S3-245133916,S3-754421830,S3-69171474
S1-387694500	S2-277444929,S2-508602797,S2-684635925,S2-91305348,S2-978126813,S2-349287094,S2-163588551,S2-102309877,S2-224839523,S2-829598251,S2-800014563,S2-67505679,S2-59544689,S2-469073813,S2-435778329,S2-190103142,S2-298914373,S2-628335210,S2-757169960,S2-109121051,S2-541414076,S2-891756213,S2-696635067,S2-971339247,S2-996245861,S2-892923793,S2-308505251,S2-688657051,S2-701787316,S2-709626608,S2-394314645,S2-308510117,S2-708389947,S2-8982199,S2-933278322,S2-131151726,S2-750426664,S2-117672295,S2-549881386,S2-797821871,S2-528205184,S2-516126165,S2-561420173,S2-859321758,S2-37081703,S2-297926319,S2-321398182,S2-554610011,S2-528320338,S2-937703023,S2-679190243,S2-331339262,S2-187514897,S2-946002985,S2-281309190,S2-577969603,S2-449617627,S2-379148212,S2-769858942,S2-532543036,S2-726045392,S2-840538759,S2-898880623,S2-492826161,S2-736787326,S2-382657775,S2-590774517,S2-169597264,S2-165930564,S2-811707035,S2-980846147,S2-252321761,S2-631451351,S2-26324258,S2-100598528,S3-859268022,S3-53737228,S3-45067784,S3-128062172,S3-230314480,S3-878295053,S3-572363539,S3-730662073,S3-891901989,S3-607506773,S3-263247365,S3-232475819,S3-575968805,S3-702183940,S3-92974238,S3-901865937,S3-566328140,S3-797289734,S3-588120445,S3-426545498,S3-367524706,S3-375023535,S3-331944027,S3-169505996,S3-890922145,S3-891626766,S3-136675280,S3-507578619,S3-836927959,S3-260366126,S3-862789788,S3-714994003,S3-32634960,S3-509442398,S3-976681859,S3-190135542,S3-954711163,S3-393744173,S3-460045321,S3-678683280,S3-302901311,S3-465433588,S3-703821326,S3-829490404,S3-896227623,S3-977086194,S3-891618576,S3-479249803,S3-619115665,S3-91294893,S3-104260598,S3-444600693,S3-123694229,S3-197093940,S3-439655728,S3-210818742,S3-918357967,S3-659206129,S3-275360323,S3-968476116,S3-787353706,S3-833884099,S3-26161361,S3-46768096,S3-126982322,S3-548783787,S3-699643086,S3-803003378,S3-459705885,S3-610402578,S3-308631150,S3-408212372,S3-728602891,S3-112942354,S3-960875960,S3-354910039,S3-177049334,S3-551580447,S3-179738152,S3-434491965,S3-564043019,S3-523695838,S3-587791501,S3-312442869,S3-444730740,S3-786831449,S3-364420425,S3-548914378,S3-651762109
S1-391248994	S2-277444929,S2-91305348,S2-428899461,S2-224839523,S2-895116270,S2-635228641,S2-952329168,S2-784592218,S2-375938862,S2-280702058,S2-709626608,S2-394314645,S2-308510117,S2-708389947,S2-789302288,S2-529867680,S2-797821871,S2-897475107,S2-243813488,S2-297926319,S2-679190243,S2-539779970,S2-187514897,S2-946002985,S2-150348786,S2-539414515,S2-560043342,S2-268932954,S2-548542163,S2-492786272,S2-100598528,S3-859268022,S3-776815069,S3-298996001,S3-572363539,S3-314969122,S3-335805814,S3-987031930,S3-260366126,S3-447961633,S3-60787735,S3-284546096,S3-301461097,S3-35900036,S3-304581702,S3-787353706,S3-833884099,S3-325154278,S3-451480230,S3-463723999,S3-431503485,S3-604536112,S3-728602891,S3-150068856,S3-434491965,S3-564043019,S3-523695838,S3-489913201,S3-552320642,S3-651762109
S1-395813861	S2-277444929,S2-508602797,S2-684635925,S2-91305348,S2-978126813,S2-349287094,S2-163588551,S2-102309877,S2-224839523,S2-44100844,S2-829598251,S2-800014563,S2-67505679,S2-59544689,S2-469073813,S2-435778329,S2-190103142,S2-298914373,S2-628335210,S2-757169960,S2-109121051,S2-541414076,S2-891756213,S2-696635067,S2-971339247,S2-996245861,S2-892923793,S2-308505251,S2-688657051,S2-701787316,S2-709626608,S2-394314645,S2-308510117,S2-708389947,S2-8982199,S2-933278322,S2-131151726,S2-750426664,S2-117672295,S2-549881386,S2-797821871,S2-528205184,S2-516126165,S2-561420173,S2-859321758,S2-37081703,S2-297926319,S2-321398182,S2-554610011,S2-528320338,S2-937703023,S2-679190243,S2-331339262,S2-187514897,S2-946002985,S2-281309190,S2-577969603,S2-449617627,S2-379148212,S2-769858942,S2-532543036,S2-726045392,S2-840538759,S2-898880623,S2-492826161,S2-736787326,S2-382657775,S2-590774517,S2-169597264,S2-165930564,S2-811707035,S2-980846147,S2-252321761,S2-631451351,S2-26324258,S2-100598528,S3-859268022,S3-960981775,S3-53737228,S3-45067784,S3-128062172,S3-230314480,S3-878295053,S3-572363539,S3-755888332,S3-730662073,S3-891901989,S3-607506773,S3-263247365,S3-232475819,S3-987031930,S3-575968805,S3-702183940,S3-92974238,S3-901865937,S3-566328140,S3-797289734,S3-588120445,S3-426545498,S3-367524706,S3-375023535,S3-331944027,S3-169505996,S3-890922145,S3-891626766,S3-136675280,S3-507578619,S3-836927959,S3-260366126,S3-862789788,S3-714994003,S3-32634960,S3-509442398,S3-976681859,S3-190135542,S3-954711163,S3-393744173,S3-460045321,S3-678683280,S3-302901311,S3-465433588,S3-703821326,S3-829490404,S3-896227623,S3-977086194,S3-891618576,S3-479249803,S3-619115665,S3-91294893,S3-104260598,S3-444600693,S3-123694229,S3-197093940,S3-439655728,S3-210818742,S3-918357967,S3-659206129,S3-275360323,S3-968476116,S3-787353706,S3-833884099,S3-26161361,S3-46768096,S3-126982322,S3-548783787,S3-699643086,S3-803003378,S3-459705885,S3-610402578,S3-308631150,S3-408212372,S3-728602891,S3-112942354,S3-960875960,S3-354910039,S3-177049334,S3-551580447,S3-179738152,S3-434491965,S3-564043019,S3-523695838,S3-587791501,S3-312442869,S3-444730740,S3-786831449,S3-364420425,S3-548914378,S3-651762109
S1-396759763	S2-673704658,S2-457500956,S2-867614780,S2-769808418,S2-56744275,S2-5405243,S2-630651352,S2-616836723,S2-479331549,S2-64137184,S2-103317508,S2-589492301,S2-792661362,S3-161412777,S3-269888656,S3-903416633,S3-80888417,S3-4573520,S3-11263883,S3-738431506,S3-800499462
S1-401372098	S2-764573417,S2-163963287,S2-49942811,S2-669879950,S2-332014708,S2-257885603,S2-162849450,S2-164086509,S2-871017791,S2-472544795,S2-967974285,S2-686350780,S2-322211984,S2-430379962,S2-619844913,S2-648129048,S2-218208532,S2-236577190,S2-755671955,S2-173632166,S2-384219063,S2-232105388,S2-103972023,S2-876721131,S2-957143385,S2-519903945,S3-249416830,S3-493572667,S3-911307067,S3-44013376,S3-585479914,S3-791460119,S3-161412777,S3-458988960,S3-113462535,S3-6605683,S3-988710395,S3-257771188,S3-899583090,S3-536959514,S3-748452890,S3-306897876,S3-393484059,S3-829024295,S3-833085447,S3-564535893,S3-380295664,S3-189240583,S3-946323575,S3-736041086,S3-961058678,S3-201614402,S3-30824703,S3-311526271,S3-82016851,S3-379984324,S3-406009851,S3-390731898,S3-169638082,S3-913950232
S1-402046621	S2-537858187,S2-857681318,S2-5405243,S2-736654053,S2-589492301,S2-945842043,S3-51937572,S3-303047307,S3-971943018,S3-96513872
S1-404435514	S2-721031885,S2-868087865,S2-795141272,S2-953098128,S2-54307441,S2-208005980,S2-187379771,S2-705827573,S2-265287731,S2-622773844,S2-333785505,S2-556543773,S2-152030787,S2-667620668,S2-563158163,S2-41847464,S2-475524221,S2-652827281,S2-943996696,S2-878003016,S2-533197229,S2-402804051,S2-299258785,S2-489049291,S2-756454257,S2-347017935,S2-989100620,S2-556803824,S2-1722538,S2-575166296,S2-61330089,S2-790721694,S2-193995593,S2-811863966,S2-438678740,S2-646516046,S2-828726837,S2-14102665,S2-681609924,S2-374779945,S2-781397767,S2-857071377,S2-482353871,S2-699301561,S2-241726445,S2-131264573,S2-79905632,S3-22467283,S3-578159284,S3-504183980,S3-118652570,S3-323153716,S3-875583147,S3-444450554,S3-660160649,S3-51937572,S3-411324695,S3-97933587,S3-299576808,S3-921372917,S3-961916983,S3-519350515,S3-354096900,S3-369130400,S3-889312836,S3-510778048,S3-81161554,S3-903416633,S3-80323204,S3-257771188,S3-775274701,S3-783906913,S3-289677596,S3-325999314,S3-975051187,S3-49672113,S3-951624052,S3-532479968,S3-593749288,S3-240930945,S3-966369596,S3-861155049,S3-331595551,S3-81212547,S3-800499462,S3-642917160,S3-300224532,S3-789929510
S1-405795474	S2-721031885,S2-868087865,S2-795141272,S2-953098128,S2-669879950,S2-54307441,S2-208005980,S2-187379771,S2-298761341,S2-705827573,S2-265287731,S2-622773844,S2-333785505,S2-556543773,S2-152030787,S2-667620668,S2-563158163,S2-472544795,S2-41847464,S2-475524221,S2-652827281,S2-943996696,S2-878003016,S2-479278257,S2-100101893,S2-533197229,S2-402804051,S2-299258785,S2-489049291,S2-756454257,S2-347017935,S2-989100620,S2-556803824,S2-173632166,S2-492879191,S2-1722538,S2-575166296,S2-61330089,S2-790721694,S2-904673479,S2-193995593,S2-811863966,S2-438678740,S2-646516046,S2-828726837,S2-14102665,S2-681609924,S2-374779945,S2-781397767,S2-957143385,S2-746717750,S2-857071377,S2-482353871,S2-699301561,S2-241726445,S2-131264573,S2-79905632,S3-22467283,S3-578159284,S3-504183980,S3-118652570,S3-551148968,S3-323153716,S3-875583147,S3-444450554,S3-777257171,S3-660160649,S3-51937572,S3-411324695,S3-97933587,S3-940228072,S3-299576808,S3-921372917,S3-961916983,S3-519350515,S3-354096900,S3-369130400,S3-889312836,S3-510778048,S3-81161554,S3-903416633,S3-80323204,S3-257771188,S3-775274701,S3-14718400,S3-783906913,S3-517654841,S3-289677596,S3-325999314,S3-975051187,S3-49672113,S3-980152742,S3-951624052,S3-532479968,S3-593749288,S3-240930945,S3-966369596,S3-861155049,S3-390731898,S3-436725377,S3-114276926,S3-331595551,S3-81212547,S3-800499462,S3-642917160,S3-245133916,S3-300224532,S3-789929510,S3-168396245
S1-407730822	S2-277444929,S2-508602797,S2-684635925,S2-91305348,S2-978126813,S2-349287094,S2-163588551,S2-102309877,S2-224839523,S2-829598251,S2-800014563,S2-67505679,S2-59544689,S2-469073813,S2-435778329,S2-190103142,S2-298914373,S2-628335210,S2-757169960,S2-109121051,S2-541414076,S2-891756213,S2-696635067,S2-971339247,S2-996245861,S2-892923793,S2-308505251,S2-688657051,S2-701787316,S2-709626608,S2-394314645,S2-308510117,S2-708389947,S2-8982199,S2-933278322,S2-131151726,S2-750426664,S2-117672295,S2-549881386,S2-797821871,S2-528205184,S2-516126165,S2-561420173,S2-859321758,S2-37081703,S2-297926319,S2-321398182,S2-554610011,S2-528320338,S2-937703023,S2-679190243,S2-331339262,S2-187514897,S2-946002985,S2-281309190,S2-577969603,S2-449617627,S2-379148212,S2-769858942,S2-532543036,S2-726045392,S2-840538759,S2-898880623,S2-492826161,S2-736787326,S2-382657775,S2-590774517,S2-169597264,S2-165930564,S2-811707035,S2-980846147,S2-252321761,S2-631451351,S2-26324258,S2-100598528,S3-859268022,S3-53737228,S3-45067784,S3-128062172,S3-230314480,S3-878295053,S3-572363539,S3-730662073,S3-891901989,S3-607506773,S3-263247365,S3-232475819,S3-575968805,S3-702183940,S3-92974238,S3-901865937,S3-566328140,S3-797289734,S3-588120445,S3-426545498,S3-367524706,S3-375023535,S3-331944027,S3-169505996,S3-890922145,S3-891626766,S3-136675280,S3-507578619,S3-836927959,S3-260366126,S3-862789788,S3-714994003,S3-32634960,S3-509442398,S3-976681859,S3-190135542,S3-954711163,S3-393744173,S3-460045321,S3-678683280,S3-302901311,S3-465433588,S3-703821326,S3-829490404,S3-896227623,S3-977086194,S3-891618576,S3-479249803,S3-619115665,S3-91294893,S3-104260598,S3-444600693,S3-123694229,S3-197093940,S3-439655728,S3-210818742,S3-918357967,S3-659206129,S3-275360323,S3-968476116,S3-787353706,S3-833884099,S3-26161361,S3-46768096,S3-126982322,S3-548783787,S3-699643086,S3-803003378,S3-459705885,S3-610402578,S3-308631150,S3-408212372,S3-728602891,S3-112942354,S3-960875960,S3-354910039,S3-177049334,S3-551580447,S3-179738152,S3-434491965,S3-564043019,S3-523695838,S3-587791501,S3-312442869,S3-444730740,S3-786831449,S3-364420425,S3-548914378,S3-651762109
S1-40830766	S2-763108962,S2-223038034,S2-722166534,S2-701477103,S2-605633090,S2-728928259,S2-243813488,S2-34449822,S2-785139940,S2-747145329,S2-252321761,S3-12915038,S3-682142621,S3-461388509,S3-960702922,S3-709021698,S3-995040589
S1-409451774	S2-795141272,S2-646516046,S2-108630610,S3-405782849,S3-712441242,S3-725340910,S3-536959514,S3-240930945
S1-417074218	S2-277444929,S2-508602797,S2-684635925,S2-91305348,S2-978126813,S2-349287094,S2-163588551,S2-102309877,S2-224839523,S2-829598251,S2-800014563,S2-67505679,S2-59544689,S2-469073813,S2-435778329,S2-190103142,S2-298914373,S2-628335210,S2-757169960,S2-109121051,S2-541414076,S2-891756213,S2-696635067,S2-971339247,S2-996245861,S2-892923793,S2-308505251,S2-688657051,S2-701787316,S2-709626608,S2-394314645,S2-308510117,S2-708389947,S2-8982199,S2-933278322,S2-131151726,S2-750426664,S2-117672295,S2-549881386,S2-797821871,S2-528205184,S2-516126165,S2-561420173,S2-859321758,S2-37081703,S2-297926319,S2-321398182,S2-554610011,S2-528320338,S2-937703023,S2-679190243,S2-331339262,S2-187514897,S2-946002985,S2-281309190,S2-577969603,S2-449617627,S2-379148212,S2-769858942,S2-532543036,S2-726045392,S2-840538759,S2-898880623,S2-492826161,S2-736787326,S2-382657775,S2-590774517,S2-169597264,S2-165930564,S2-811707035,S2-60818919,S2-980846147,S2-252321761,S2-631451351,S2-26324258,S2-100598528,S3-859268022,S3-53737228,S3-45067784,S3-128062172,S3-230314480,S3-878295053,S3-572363539,S3-730662073,S3-891901989,S3-607506773,S3-263247365,S3-232475819,S3-575968805,S3-702183940,S3-92974238,S3-901865937,S3-566328140,S3-797289734,S3-588120445,S3-426545498,S3-367524706,S3-375023535,S3-331944027,S3-169505996,S3-890922145,S3-891626766,S3-136675280,S3-507578619,S3-836927959,S3-260366126,S3-862789788,S3-714994003,S3-32634960,S3-509442398,S3-976681859,S3-190135542,S3-954711163,S3-393744173,S3-460045321,S3-678683280,S3-786009122,S3-302901311,S3-465433588,S3-703821326,S3-829490404,S3-896227623,S3-977086194,S3-891618576,S3-479249803,S3-619115665,S3-91294893,S3-104260598,S3-444600693,S3-682142621,S3-123694229,S3-197093940,S3-439655728,S3-210818742,S3-918357967,S3-659206129,S3-275360323,S3-968476116,S3-787353706,S3-833884099,S3-26161361,S3-46768096,S3-126982322,S3-548783787,S3-699643086,S3-803003378,S3-459705885,S3-610402578,S3-308631150,S3-408212372,S3-728602891,S3-112942354,S3-960875960,S3-354910039,S3-177049334,S3-551580447,S3-179738152,S3-434491965,S3-564043019,S3-523695838,S3-587791501,S3-312442869,S3-444730740,S3-786831449,S3-364420425,S3-548914378,S3-651762109
S1-417526535	S2-764573417,S2-163963287,S2-49942811,S2-669879950,S2-332014708,S2-257885603,S2-162849450,S2-164086509,S2-871017791,S2-472544795,S2-967974285,S2-322211984,S2-430379962,S2-39617527,S2-648129048,S2-218208532,S2-236577190,S2-755671955,S2-173632166,S2-384219063,S2-248782105,S2-232105388,S2-103972023,S2-660059542,S2-876721131,S2-957143385,S2-519903945,S3-249416830,S3-493572667,S3-44013376,S3-585479914,S3-791460119,S3-161412777,S3-458988960,S3-113462535,S3-6605683,S3-988710395,S3-192817070,S3-899583090,S3-536959514,S3-748452890,S3-306897876,S3-393484059,S3-829024295,S3-833085447,S3-564535893,S3-380295664,S3-189240583,S3-946323575,S3-736041086,S3-961058678,S3-201614402,S3-30824703,S3-311526271,S3-82016851,S3-379984324,S3-406009851,S3-390731898,S3-913950232
S1-419483044	S2-721031885,S2-868087865,S2-795141272,S2-953098128,S2-54307441,S2-208005980,S2-187379771,S2-705827573,S2-265287731,S2-622773844,S2-333785505,S2-556543773,S2-152030787,S2-667620668,S2-563158163,S2-41847464,S2-475524221,S2-652827281,S2-943996696,S2-878003016,S2-533197229,S2-402804051,S2-299258785,S2-489049291,S2-756454257,S2-347017935,S2-989100620,S2-556803824,S2-1722538,S2-575166296,S2-61330089,S2-790721694,S2-193995593,S2-811863966,S2-438678740,S2-646516046,S2-828726837,S2-14102665,S2-681609924,S2-374779945,S2-781397767,S2-857071377,S2-482353871,S2-699301561,S2-241726445,S2-131264573,S2-79905632,S3-22467283,S3-578159284,S3-504183980,S3-118652570,S3-323153716,S3-875583147,S3-444450554,S3-660160649,S3-51937572,S3-411324695,S3-97933587,S3-299576808,S3-921372917,S3-961916983,S3-519350515,S3-354096900,S3-369130400,S3-889312836,S3-510778048,S3-81161554,S3-903416633,S3-80323204,S3-257771188,S3-775274701,S3-783906913,S3-289677596,S3-325999314,S3-975051187,S3-49672113,S3-951624052,S3-532479968,S3-593749288,S3-240930945,S3-966369596,S3-861155049,S3-331595551,S3-81212547,S3-800499462,S3-642917160,S3-300224532,S3-789929510
S1-420936510	S2-277444929,S2-508602797,S2-684635925,S2-91305348,S2-978126813,S2-349287094,S2-163588551,S2-102309877,S2-224839523,S2-829598251,S2-800014563,S2-67505679,S2-59544689,S2-469073813,S2-435778329,S2-190103142,S2-298914373,S2-628335210,S2-757169960,S2-109121051,S2-541414076,S2-891756213,S2-696635067,S2-971339247,S2-996245861,S2-892923793,S2-308505251,S2-688657051,S2-701787316,S2-709626608,S2-394314645,S2-308510117,S2-708389947,S2-8982199,S2-933278322,S2-131151726,S2-750426664,S2-117672295,S2-549881386,S2-797821871,S2-528205184,S2-516126165,S2-561420173,S2-859321758,S2-37081703,S2-297926319,S2-321398182,S2-554610011,S2-528320338,S2-937703023,S2-679190243,S2-331339262,S2-187514897,S2-946002985,S2-281309190,S2-577969603,S2-449617627,S2-379148212,S2-769858942,S2-532543036,S2-726045392,S2-840538759,S2-898880623,S2-492826161,S2-736787326,S2-382657775,S2-590774517,S2-169597264,S2-165930564,S2-811707035,S2-980846147,S2-252321761,S2-631451351,S2-26324258,S2-100598528,S3-859268022,S3-53737228,S3-45067784,S3-128062172,S3-230314480,S3-878295053,S3-572363539,S3-730662073,S3-891901989,S3-607506773,S3-263247365,S3-232475819,S3-575968805,S3-702183940,S3-92974238,S3-901865937,S3-566328140,S3-797289734,S3-588120445,S3-426545498,S3-367524706,S3-375023535,S3-331944027,S3-169505996,S3-890922145,S3-891626766,S3-136675280,S3-507578619,S3-836927959,S3-260366126,S3-862789788,S3-714994003,S3-32634960,S3-509442398,S3-976681859,S3-190135542,S3-954711163,S3-393744173,S3-460045321,S3-678683280,S3-302901311,S3-465433588,S3-703821326,S3-829490404,S3-896227623,S3-977086194,S3-891618576,S3-479249803,S3-619115665,S3-91294893,S3-104260598,S3-444600693,S3-123694229,S3-197093940,S3-439655728,S3-210818742,S3-918357967,S3-659206129,S3-275360323,S3-968476116,S3-787353706,S3-833884099,S3-26161361,S3-46768096,S3-126982322,S3-548783787,S3-699643086,S3-803003378,S3-459705885,S3-709021698,S3-610402578,S3-308631150,S3-408212372,S3-728602891,S3-112942354,S3-960875960,S3-354910039,S3-177049334,S3-551580447,S3-179738152,S3-434491965,S3-564043019,S3-523695838,S3-587791501,S3-312442869,S3-444730740,S3-786831449,S3-364420425,S3-548914378,S3-651762109
S1-424529930	S2-912941112,S2-91704178,S2-322211984,S2-450266205,S2-716687956,S2-956608424,S2-713920891,S2-193995593,S2-14102665,S2-772997011,S2-131264573,S2-519903945,S3-22467283,S3-973629095,S3-8222959,S3-568617496,S3-899583090,S3-180062010,S3-532479968,S3-390090152,S3-210476563,S3-7812561,S3-330036890,S3-754421830
S1-432962984	S2-721031885,S2-868087865,S2-795141272,S2-953098128,S2-54307441,S2-208005980,S2-187379771,S2-705827573,S2-265287731,S2-622773844,S2-333785505,S2-556543773,S2-152030787,S2-667620668,S2-563158163,S2-41847464,S2-475524221,S2-652827281,S2-943996696,S2-878003016,S2-533197229,S2-402804051,S2-299258785,S2-489049291,S2-756454257,S2-347017935,S2-989100620,S2-556803824,S2-123409799,S2-1722538,S2-575166296,S2-61330089,S2-790721694,S2-193995593,S2-811863966,S2-438678740,S2-646516046,S2-828726837,S2-14102665,S2-681609924,S2-374779945,S2-781397767,S2-857071377,S2-482353871,S2-699301561,S2-241726445,S2-131264573,S2-79905632,S3-22467283,S3-578159284,S3-504183980,S3-118652570,S3-323153716,S3-875583147,S3-444450554,S3-660160649,S3-51937572,S3-411324695,S3-97933587,S3-299576808,S3-921372917,S3-961916983,S3-519350515,S3-354096900,S3-369130400,S3-889312836,S3-510778048,S3-81161554,S3-903416633,S3-80323204,S3-257771188,S3-136499130,S3-775274701,S3-783906913,S3-289677596,S3-325999314,S3-975051187,S3-49672113,S3-951624052,S3-532479968,S3-593749288,S3-109335189,S3-240930945,S3-966369596,S3-494118563,S3-861155049,S3-331595551,S3-898310857,S3-81212547,S3-800499462,S3-642917160,S3-300224532,S3-789929510
S1-436307824	S2-888440125,S2-625831173,S2-402816908,S2-269084113,S2-801373301,S2-716687956,S2-938612654,S2-629499045,S2-993723166,S2-661443009,S2-308734653,S2-764430935,S2-325615566,S3-121412624,S3-533193854,S3-911307067,S3-838486566,S3-417218868,S3-896638301,S3-659963286,S3-182177107,S3-863237476
S1-440023753	S2-721031885,S2-868087865,S2-795141272,S2-953098128,S2-944853638,S2-54307441,S2-208005980,S2-187379771,S2-705827573,S2-265287731,S2-622773844,S2-333785505,S2-556543773,S2-152030787,S2-667620668,S2-563158163,S2-41847464,S2-475524221,S2-652827281,S2-943996696,S2-878003016,S2-533197229,S2-402804051,S2-299258785,S2-489049291,S2-756454257,S2-347017935,S2-989100620,S2-556803824,S2-1722538,S2-575166296,S2-61330089,S2-790721694,S2-193995593,S2-811863966,S2-438678740,S2-646516046,S2-828726837,S2-14102665,S2-681609924,S2-374779945,S2-781397767,S2-857071377,S2-482353871,S2-699301561,S2-241726445,S2-131264573,S2-79905632,S3-22467283,S3-578159284,S3-504183980,S3-118652570,S3-323153716,S3-875583147,S3-444450554,S3-660160649,S3-51937572,S3-411324695,S3-97933587,S3-299576808,S3-921372917,S3-961916983,S3-519350515,S3-354096900,S3-369130400,S3-889312836,S3-510778048,S3-81161554,S3-903416633,S3-80323204,S3-257771188,S3-775274701,S3-783906913,S3-289677596,S3-325999314,S3-975051187,S3-49672113,S3-951624052,S3-532479968,S3-593749288,S3-240930945,S3-966369596,S3-861155049,S3-331595551,S3-81212547,S3-800499462,S3-642917160,S3-300224532,S3-789929510
S1-446787657	S2-721031885,S2-868087865,S2-795141272,S2-953098128,S2-669879950,S2-54307441,S2-208005980,S2-187379771,S2-298761341,S2-705827573,S2-265287731,S2-622773844,S2-333785505,S2-556543773,S2-152030787,S2-667620668,S2-563158163,S2-472544795,S2-41847464,S2-475524221,S2-652827281,S2-943996696,S2-878003016,S2-479278257,S2-100101893,S2-533197229,S2-402804051,S2-299258785,S2-489049291,S2-756454257,S2-347017935,S2-989100620,S2-556803824,S2-492879191,S2-1722538,S2-575166296,S2-61330089,S2-790721694,S2-904673479,S2-792661362,S2-193995593,S2-811863966,S2-438678740,S2-646516046,S2-828726837,S2-14102665,S2-681609924,S2-772997011,S2-374779945,S2-781397767,S2-957143385,S2-746717750,S2-857071377,S2-482353871,S2-699301561,S2-241726445,S2-131264573,S2-79905632,S3-22467283,S3-578159284,S3-504183980,S3-118652570,S3-551148968,S3-323153716,S3-875583147,S3-444450554,S3-777257171,S3-660160649,S3-51937572,S3-411324695,S3-97933587,S3-940228072,S3-299576808,S3-921372917,S3-961916983,S3-519350515,S3-354096900,S3-369130400,S3-889312836,S3-510778048,S3-81161554,S3-903416633,S3-80323204,S3-257771188,S3-775274701,S3-14718400,S3-783906913,S3-517654841,S3-289677596,S3-325999314,S3-975051187,S3-49672113,S3-980152742,S3-75056814,S3-951624052,S3-532479968,S3-593749288,S3-240930945,S3-966369596,S3-861155049,S3-390731898,S3-436725377,S3-114276926,S3-331595551,S3-81212547,S3-800499462,S3-642917160,S3-245133916,S3-300224532,S3-789929510,S3-168396245
S1-447103941	S2-277444929,S2-508602797,S2-684635925,S2-91305348,S2-978126813,S2-349287094,S2-163588551,S2-102309877,S2-224839523,S2-829598251,S2-800014563,S2-67505679,S2-59544689,S2-895116270,S2-469073813,S2-435778329,S2-190103142,S2-298914373,S2-628335210,S2-757169960,S2-109121051,S2-541414076,S2-891756213,S2-696635067,S2-971339247,S2-996245861,S2-892923793,S2-308505251,S2-688657051,S2-701787316,S2-709626608,S2-394314645,S2-308510117,S2-708389947,S2-8982199,S2-933278322,S2-131151726,S2-750426664,S2-117672295,S2-549881386,S2-797821871,S2-528205184,S2-516126165,S2-561420173,S2-859321758,S2-37081703,S2-297926319,S2-321398182,S2-554610011,S2-528320338,S2-937703023,S2-679190243,S2-331339262,S2-187514897,S2-946002985,S2-281309190,S2-577969603,S2-449617627,S2-379148212,S2-769858942,S2-532543036,S2-726045392,S2-840538759,S2-898880623,S2-492826161,S2-736787326,S2-382657775,S2-590774517,S2-169597264,S2-165930564,S2-811707035,S2-980846147,S2-252321761,S2-631451351,S2-26324258,S2-100598528,S3-859268022,S3-53737228,S3-45067784,S3-128062172,S3-230314480,S3-878295053,S3-572363539,S3-730662073,S3-891901989,S3-607506773,S3-263247365,S3-232475819,S3-575968805,S3-702183940,S3-92974238,S3-901865937,S3-566328140,S3-797289734,S3-588120445,S3-426545498,S3-367524706,S3-375023535,S3-331944027,S3-169505996,S3-890922145,S3-891626766,S3-136675280,S3-507578619,S3-836927959,S3-260366126,S3-862789788,S3-714994003,S3-32634960,S3-509442398,S3-976681859,S3-190135542,S3-954711163,S3-393744173,S3-460045321,S3-678683280,S3-302901311,S3-465433588,S3-703821326,S3-829490404,S3-896227623,S3-977086194,S3-891618576,S3-479249803,S3-619115665,S3-91294893,S3-104260598,S3-444600693,S3-123694229,S3-197093940,S3-439655728,S3-210818742,S3-918357967,S3-659206129,S3-275360323,S3-968476116,S3-787353706,S3-833884099,S3-26161361,S3-46768096,S3-126982322,S3-548783787,S3-699643086,S3-803003378,S3-459705885,S3-610402578,S3-308631150,S3-408212372,S3-728602891,S3-112942354,S3-960875960,S3-354910039,S3-177049334,S3-551580447,S3-179738152,S3-434491965,S3-564043019,S3-523695838,S3-587791501,S3-312442869,S3-444730740,S3-786831449,S3-364420425,S3-548914378,S3-651762109
S1-447452795	S2-129228958,S2-142962200,S2-88437832,S2-326195146,S2-105086356,S2-27324542,S2-873164808,S3-566665563,S3-710694466,S3-148895274,S3-999637845,S3-725340910,S3-490078702
S1-448166395	S2-673704658,S2-457500956,S2-867614780,S2-56744275,S2-5405243,S2-630651352,S2-64137184,S2-103317508,S2-589492301,S2-792661362,S3-161412777,S3-269888656,S3-903416633,S3-80888417,S3-4573520,S3-11263883,S3-738431506
S1-448345019	S2-277444929,S2-508602797,S2-684635925,S2-91305348,S2-978126813,S2-349287094,S2-163588551,S2-102309877,S2-224839523,S2-829598251,S2-800014563,S2-67505679,S2-59544689,S2-469073813,S2-435778329,S2-190103142,S2-298914373,S2-628335210,S2-757169960,S2-109121051,S2-541414076,S2-891756213,S2-696635067,S2-971339247,S2-996245861,S2-892923793,S2-308505251,S2-688657051,S2-701787316,S2-709626608,S2-394314645,S2-308510117,S2-708389947,S2-8982199,S2-933278322,S2-131151726,S2-750426664,S2-117672295,S2-549881386,S2-797821871,S2-528205184,S2-516126165,S2-561420173,S2-859321758,S2-37081703,S2-297926319,S2-321398182,S2-554610011,S2-528320338,S2-937703023,S2-679190243,S2-331339262,S2-187514897,S2-946002985,S2-281309190,S2-577969603,S2-449617627,S2-379148212,S2-769858942,S2-532543036,S2-726045392,S2-840538759,S2-898880623,S2-492826161,S2-736787326,S2-382657775,S2-590774517,S2-169597264,S2-165930564,S2-811707035,S2-980846147,S2-252321761,S2-631451351,S2-26324258,S2-100598528,S3-859268022,S3-53737228,S3-45067784,S3-128062172,S3-230314480,S3-878295053,S3-572363539,S3-730662073,S3-891901989,S3-607506773,S3-263247365,S3-232475819,S3-575968805,S3-702183940,S3-92974238,S3-901865937,S3-566328140,S3-797289734,S3-588120445,S3-426545498,S3-367524706,S3-375023535,S3-331944027,S3-169505996,S3-890922145,S3-891626766,S3-136675280,S3-507578619,S3-836927959,S3-260366126,S3-862789788,S3-714994003,S3-32634960,S3-509442398,S3-976681859,S3-190135542,S3-954711163,S3-393744173,S3-460045321,S3-678683280,S3-302901311,S3-465433588,S3-703821326,S3-829490404,S3-896227623,S3-977086194,S3-891618576,S3-479249803,S3-619115665,S3-12915038,S3-91294893,S3-104260598,S3-444600693,S3-123694229,S3-197093940,S3-439655728,S3-210818742,S3-918357967,S3-659206129,S3-275360323,S3-968476116,S3-787353706,S3-833884099,S3-26161361,S3-46768096,S3-126982322,S3-548783787,S3-699643086,S3-803003378,S3-459705885,S3-610402578,S3-308631150,S3-408212372,S3-728602891,S3-112942354,S3-960875960,S3-354910039,S3-177049334,S3-551580447,S3-179738152,S3-434491965,S3-564043019,S3-523695838,S3-587791501,S3-312442869,S3-444730740,S3-786831449,S3-364420425,S3-548914378,S3-651762109
S1-451077707	S2-763108962,S2-223038034,S2-722166534,S2-952329168,S2-701477103,S2-605633090,S2-728928259,S2-529867680,S2-243813488,S2-990119436,S2-761989439,S2-34449822,S2-379148212,S2-726045392,S2-785139940,S2-930194769,S2-747145329,S2-210903973,S3-776815069,S3-730662073,S3-207262214,S3-211882578,S3-447961633,S3-786009122,S3-479249803,S3-12915038,S3-682142621,S3-461388509,S3-210818742,S3-659206129,S3-960702922,S3-405553422,S3-709021698,S3-592073516,S3-262158504,S3-150068856,S3-354910039,S3-995040589,S3-587791501
S1-451892808	S2-764573417,S2-163963287,S2-49942811,S2-669879950,S2-332014708,S2-257885603,S2-162849450,S2-164086509,S2-871017791,S2-472544795,S2-967974285,S2-322211984,S2-430379962,S2-648129048,S2-218208532,S2-236577190,S2-755671955,S2-173632166,S2-384219063,S2-232105388,S2-103972023,S2-876721131,S2-957143385,S2-519903945,S3-249416830,S3-493572667,S3-44013376,S3-585479914,S3-791460119,S3-161412777,S3-458988960,S3-113462535,S3-6605683,S3-988710395,S3-899583090,S3-536959514,S3-748452890,S3-306897876,S3-393484059,S3-829024295,S3-833085447,S3-564535893,S3-380295664,S3-189240583,S3-946323575,S3-736041086,S3-961058678,S3-201614402,S3-30824703,S3-311526271,S3-82016851,S3-379984324,S3-406009851,S3-390731898,S3-913950232
S1-452308590	S2-868087865,S2-944555126,S2-792661362,S2-193995593,S3-572598570,S3-775274701
S1-454111437	S2-277444929,S2-508602797,S2-684635925,S2-91305348,S2-978126813,S2-349287094,S2-163588551,S2-102309877,S2-224839523,S2-829598251,S2-800014563,S2-67505679,S2-59544689,S2-469073813,S2-435778329,S2-190103142,S2-298914373,S2-628335210,S2-757169960,S2-109121051,S2-541414076,S2-891756213,S2-696635067,S2-971339247,S2-996245861,S2-892923793,S2-308505251,S2-688657051,S2-701787316,S2-709626608,S2-394314645,S2-308510117,S2-708389947,S2-8982199,S2-933278322,S2-131151726,S2-750426664,S2-117672295,S2-549881386,S2-797821871,S2-528205184,S2-516126165,S2-561420173,S2-859321758,S2-37081703,S2-297926319,S2-321398182,S2-554610011,S2-528320338,S2-937703023,S2-679190243,S2-331339262,S2-187514897,S2-946002985,S2-281309190,S2-577969603,S2-449617627,S2-379148212,S2-769858942,S2-532543036,S2-726045392,S2-840538759,S2-898880623,S2-492826161,S2-736787326,S2-382657775,S2-590774517,S2-169597264,S2-165930564,S2-811707035,S2-980846147,S2-252321761,S2-631451351,S2-26324258,S2-100598528,S3-859268022,S3-53737228,S3-45067784,S3-128062172,S3-230314480,S3-878295053,S3-572363539,S3-730662073,S3-891901989,S3-607506773,S3-263247365,S3-232475819,S3-575968805,S3-702183940,S3-92974238,S3-901865937,S3-566328140,S3-797289734,S3-588120445,S3-426545498,S3-367524706,S3-375023535,S3-331944027,S3-169505996,S3-890922145,S3-891626766,S3-136675280,S3-507578619,S3-836927959,S3-260366126,S3-862789788,S3-714994003,S3-32634960,S3-509442398,S3-976681859,S3-190135542,S3-954711163,S3-393744173,S3-460045321,S3-678683280,S3-302901311,S3-465433588,S3-703821326,S3-829490404,S3-896227623,S3-977086194,S3-891618576,S3-479249803,S3-619115665,S3-91294893,S3-104260598,S3-444600693,S3-123694229,S3-197093940,S3-439655728,S3-210818742,S3-918357967,S3-659206129,S3-275360323,S3-968476116,S3-787353706,S3-833884099,S3-26161361,S3-46768096,S3-126982322,S3-548783787,S3-699643086,S3-803003378,S3-459705885,S3-610402578,S3-308631150,S3-408212372,S3-728602891,S3-112942354,S3-960875960,S3-354910039,S3-177049334,S3-551580447,S3-179738152,S3-434491965,S3-564043019,S3-523695838,S3-587791501,S3-312442869,S3-444730740,S3-786831449,S3-364420425,S3-548914378,S3-651762109
S1-457615425	S2-630651352,S2-461563520,S2-430367614,S2-228779604,S3-533193854,S3-145119058,S3-234114420
S1-457935815	S2-857681318,S2-61330089,S2-53273621,S2-589492301,S2-232105388,S3-51937572,S3-411324695,S3-303047307,S3-38557301,S3-980152742,S3-971943018,S3-376509191
S1-459696014	S2-277444929,S2-508602797,S2-684635925,S2-91305348,S2-978126813,S2-349287094,S2-163588551,S2-102309877,S2-224839523,S2-829598251,S2-800014563,S2-67505679,S2-59544689,S2-895116270,S2-469073813,S2-435778329,S2-190103142,S2-298914373,S2-628335210,S2-757169960,S2-109121051,S2-541414076,S2-891756213,S2-696635067,S2-971339247,S2-996245861,S2-892923793,S2-308505251,S2-688657051,S2-701787316,S2-709626608,S2-394314645,S2-308510117,S2-708389947,S2-8982199,S2-933278322,S2-131151726,S2-750426664,S2-117672295,S2-549881386,S2-797821871,S2-528205184,S2-516126165,S2-561420173,S2-859321758,S2-37081703,S2-297926319,S2-321398182,S2-554610011,S2-528320338,S2-937703023,S2-679190243,S2-331339262,S2-187514897,S2-946002985,S2-281309190,S2-577969603,S2-449617627,S2-379148212,S2-769858942,S2-532543036,S2-726045392,S2-840538759,S2-898880623,S2-492826161,S2-736787326,S2-382657775,S2-590774517,S2-169597264,S2-165930564,S2-811707035,S2-980846147,S2-252321761,S2-631451351,S2-26324258,S2-100598528,S3-859268022,S3-53737228,S3-45067784,S3-128062172,S3-230314480,S3-878295053,S3-572363539,S3-730662073,S3-891901989,S3-607506773,S3-263247365,S3-232475819,S3-575968805,S3-702183940,S3-92974238,S3-901865937,S3-566328140,S3-797289734,S3-588120445,S3-426545498,S3-367524706,S3-375023535,S3-331944027,S3-169505996,S3-890922145,S3-891626766,S3-136675280,S3-507578619,S3-836927959,S3-260366126,S3-862789788,S3-714994003,S3-32634960,S3-509442398,S3-976681859,S3-190135542,S3-954711163,S3-393744173,S3-460045321,S3-678683280,S3-302901311,S3-465433588,S3-703821326,S3-829490404,S3-896227623,S3-977086194,S3-891618576,S3-479249803,S3-619115665,S3-91294893,S3-104260598,S3-444600693,S3-123694229,S3-197093940,S3-439655728,S3-210818742,S3-918357967,S3-659206129,S3-275360323,S3-968476116,S3-787353706,S3-833884099,S3-26161361,S3-46768096,S3-126982322,S3-548783787,S3-699643086,S3-803003378,S3-459705885,S3-610402578,S3-308631150,S3-408212372,S3-728602891,S3-112942354,S3-960875960,S3-354910039,S3-177049334,S3-551580447,S3-179738152,S3-434491965,S3-564043019,S3-523695838,S3-587791501,S3-312442869,S3-444730740,S3-489913201,S3-786831449,S3-364420425,S3-548914378,S3-651762109
S1-460136045	S2-277444929,S2-508602797,S2-684635925,S2-91305348,S2-978126813,S2-349287094,S2-163588551,S2-102309877,S2-224839523,S2-829598251,S2-800014563,S2-67505679,S2-59544689,S2-469073813,S2-435778329,S2-190103142,S2-298914373,S2-628335210,S2-757169960,S2-109121051,S2-541414076,S2-891756213,S2-696635067,S2-971339247,S2-996245861,S2-892923793,S2-308505251,S2-688657051,S2-701787316,S2-709626608,S2-394314645,S2-308510117,S2-708389947,S2-8982199,S2-933278322,S2-131151726,S2-750426664,S2-117672295,S2-549881386,S2-797821871,S2-528205184,S2-516126165,S2-561420173,S2-859321758,S2-37081703,S2-297926319,S2-321398182,S2-554610011,S2-528320338,S2-937703023,S2-679190243,S2-331339262,S2-187514897,S2-946002985,S2-281309190,S2-577969603,S2-449617627,S2-379148212,S2-769858942,S2-532543036,S2-726045392,S2-840538759,S2-898880623,S2-492826161,S2-736787326,S2-382657775,S2-590774517,S2-169597264,S2-560043342,S2-165930564,S2-811707035,S2-980846147,S2-252321761,S2-631451351,S2-26324258,S2-100598528,S3-859268022,S3-53737228,S3-45067784,S3-128062172,S3-230314480,S3-878295053,S3-572363539,S3-755888332,S3-730662073,S3-891901989,S3-607506773,S3-263247365,S3-232475819,S3-575968805,S3-702183940,S3-92974238,S3-901865937,S3-566328140,S3-797289734,S3-588120445,S3-426545498,S3-367524706,S3-375023535,S3-331944027,S3-169505996,S3-890922145,S3-891626766,S3-136675280,S3-507578619,S3-836927959,S3-260366126,S3-862789788,S3-714994003,S3-32634960,S3-509442398,S3-976681859,S3-190135542,S3-954711163,S3-393744173,S3-460045321,S3-678683280,S3-302901311,S3-465433588,S3-703821326,S3-829490404,S3-896227623,S3-977086194,S3-891618576,S3-479249803,S3-619115665,S3-91294893,S3-104260598,S3-444600693,S3-123694229,S3-197093940,S3-439655728,S3-210818742,S3-918357967,S3-659206129,S3-275360323,S3-968476116,S3-787353706,S3-833884099,S3-26161361,S3-46768096,S3-126982322,S3-548783787,S3-699643086,S3-803003378,S3-459705885,S3-610402578,S3-308631150,S3-408212372,S3-728602891,S3-112942354,S3-960875960,S3-354910039,S3-177049334,S3-551580447,S3-179738152,S3-434491965,S3-564043019,S3-523695838,S3-587791501,S3-312442869,S3-444730740,S3-786831449,S3-364420425,S3-548914378,S3-651762109
S1-460845609	S2-983439720,S2-173632166,S2-716961117,S3-761966080,S3-412607073,S3-937604614
S1-464105135	S2-591536531,S2-1722538,S3-975758507
S1-464797359	S2-721031885,S2-868087865,S2-795141272,S2-953098128,S2-54307441,S2-208005980,S2-187379771,S2-705827573,S2-265287731,S2-622773844,S2-333785505,S2-556543773,S2-152030787,S2-667620668,S2-563158163,S2-41847464,S2-475524221,S2-652827281,S2-943996696,S2-878003016,S2-533197229,S2-402804051,S2-299258785,S2-489049291,S2-756454257,S2-347017935,S2-989100620,S2-556803824,S2-1722538,S2-575166296,S2-61330089,S2-790721694,S2-193995593,S2-811863966,S2-438678740,S2-646516046,S2-828726837,S2-14102665,S2-681609924,S2-374779945,S2-781397767,S2-857071377,S2-482353871,S2-699301561,S2-241726445,S2-131264573,S2-79905632,S3-22467283,S3-578159284,S3-504183980,S3-118652570,S3-323153716,S3-875583147,S3-444450554,S3-660160649,S3-51937572,S3-411324695,S3-97933587,S3-299576808,S3-921372917,S3-961916983,S3-519350515,S3-96036271,S3-354096900,S3-369130400,S3-889312836,S3-510778048,S3-81161554,S3-903416633,S3-80323204,S3-257771188,S3-775274701,S3-783906913,S3-289677596,S3-325999314,S3-975051187,S3-49672113,S3-951624052,S3-58442757,S3-532479968,S3-593749288,S3-240930945,S3-966369596,S3-861155049,S3-331595551,S3-81212547,S3-800499462,S3-642917160,S3-300224532,S3-789929510
S1-465739288	S2-721031885,S2-868087865,S2-795141272,S2-953098128,S2-54307441,S2-208005980,S2-187379771,S2-705827573,S2-265287731,S2-622773844,S2-333785505,S2-556543773,S2-152030787,S2-667620668,S2-563158163,S2-41847464,S2-475524221,S2-652827281,S2-943996696,S2-878003016,S2-533197229,S2-402804051,S2-299258785,S2-489049291,S2-756454257,S2-347017935,S2-989100620,S2-556803824,S2-1722538,S2-575166296,S2-61330089,S2-790721694,S2-193995593,S2-811863966,S2-438678740,S2-646516046,S2-828726837,S2-14102665,S2-681609924,S2-374779945,S2-781397767,S2-857071377,S2-482353871,S2-699301561,S2-241726445,S2-131264573,S2-79905632,S3-22467283,S3-578159284,S3-504183980,S3-118652570,S3-323153716,S3-875583147,S3-444450554,S3-660160649,S3-51937572,S3-411324695,S3-97933587,S3-299576808,S3-921372917,S3-961916983,S3-519350515,S3-354096900,S3-369130400,S3-282015823,S3-889312836,S3-510778048,S3-81161554,S3-903416633,S3-80323204,S3-257771188,S3-775274701,S3-783906913,S3-289677596,S3-325999314,S3-975051187,S3-310758212,S3-49672113,S3-951624052,S3-532479968,S3-593749288,S3-240930945,S3-966369596,S3-861155049,S3-331595551,S3-81212547,S3-800499462,S3-642917160,S3-300224532,S3-789929510
S1-46716098	S2-764573417,S2-163963287,S2-49942811,S2-138046867,S2-669879950,S2-332014708,S2-257885603,S2-125007797,S2-187379771,S2-689674207,S2-162849450,S2-164086509,S2-968244171,S2-142962200,S2-468234939,S2-871017791,S2-472544795,S2-439384858,S2-967974285,S2-322211984,S2-430379962,S2-648129048,S2-450266205,S2-299258785,S2-218208532,S2-236577190,S2-663446783,S2-755671955,S2-173632166,S2-384219063,S2-591536531,S2-824414038,S2-232105388,S2-103972023,S2-323747399,S2-876721131,S2-781397767,S2-957143385,S2-131264573,S2-519903945,S3-249416830,S3-493572667,S3-44013376,S3-585479914,S3-791460119,S3-161412777,S3-625913156,S3-458988960,S3-341396567,S3-113462535,S3-6605683,S3-988710395,S3-38557301,S3-899583090,S3-536959514,S3-975051187,S3-748452890,S3-306897876,S3-988483404,S3-393484059,S3-829024295,S3-833085447,S3-564535893,S3-380295664,S3-189240583,S3-946323575,S3-736041086,S3-961058678,S3-201614402,S3-30824703,S3-311526271,S3-82016851,S3-861155049,S3-379984324,S3-406009851,S3-659963286,S3-390731898,S3-300224532,S3-913950232
S1-468339122	S2-374185954,S3-692514298
S1-472232440	S2-138046867,S2-125007797,S2-187379771,S2-689674207,S2-968244171,S2-142962200,S2-468234939,S2-439384858,S2-450266205,S2-299258785,S2-663446783,S2-591536531,S2-824414038,S2-323747399,S2-781397767,S2-131264573,S3-625913156,S3-341396567,S3-38557301,S3-975051187,S3-988483404,S3-833085447,S3-861155049,S3-659963286
S1-477458226	S2-277444929,S2-508602797,S2-684635925,S2-91305348,S2-978126813,S2-349287094,S2-163588551,S2-102309877,S2-224839523,S2-829598251,S2-800014563,S2-67505679,S2-59544689,S2-469073813,S2-435778329,S2-190103142,S2-298914373,S2-628335210,S2-757169960,S2-109121051,S2-375938862,S2-541414076,S2-891756213,S2-696635067,S2-971339247,S2-996245861,S2-892923793,S2-308505251,S2-688657051,S2-701787316,S2-709626608,S2-394314645,S2-308510117,S2-708389947,S2-8982199,S2-933278322,S2-131151726,S2-750426664,S2-529867680,S2-117672295,S2-549881386,S2-797821871,S2-528205184,S2-516126165,S2-243813488,S2-561420173,S2-859321758,S2-37081703,S2-297926319,S2-321398182,S2-554610011,S2-528320338,S2-937703023,S2-679190243,S2-331339262,S2-187514897,S2-946002985,S2-281309190,S2-577969603,S2-449617627,S2-379148212,S2-769858942,S2-532543036,S2-726045392,S2-840538759,S2-898880623,S2-492826161,S2-736787326,S2-382657775,S2-590774517,S2-169597264,S2-165930564,S2-811707035,S2-980846147,S2-252321761,S2-631451351,S2-26324258,S2-100598528,S3-859268022,S3-53737228,S3-45067784,S3-128062172,S3-230314480,S3-878295053,S3-572363539,S3-730662073,S3-891901989,S3-607506773,S3-263247365,S3-232475819,S3-575968805,S3-702183940,S3-92974238,S3-901865937,S3-566328140,S3-797289734,S3-588120445,S3-426545498,S3-367524706,S3-375023535,S3-331944027,S3-169505996,S3-890922145,S3-891626766,S3-136675280,S3-507578619,S3-836927959,S3-260366126,S3-862789788,S3-714994003,S3-32634960,S3-509442398,S3-976681859,S3-190135542,S3-954711163,S3-393744173,S3-460045321,S3-678683280,S3-302901311,S3-465433588,S3-703821326,S3-829490404,S3-896227623,S3-977086194,S3-891618576,S3-479249803,S3-619115665,S3-91294893,S3-104260598,S3-444600693,S3-123694229,S3-197093940,S3-439655728,S3-210818742,S3-918357967,S3-659206129,S3-275360323,S3-968476116,S3-787353706,S3-833884099,S3-26161361,S3-46768096,S3-126982322,S3-548783787,S3-699643086,S3-803003378,S3-459705885,S3-610402578,S3-308631150,S3-408212372,S3-728602891,S3-112942354,S3-960875960,S3-354910039,S3-177049334,S3-551580447,S3-179738152,S3-434491965,S3-564043019,S3-523695838,S3-587791501,S3-312442869,S3-444730740,S3-786831449,S3-364420425,S3-548914378,S3-651762109
S1-483140947	S2-838526909,S2-623164214,S2-630651352,S2-736654053,S2-784715242,S2-533197229,S2-716687956,S2-114121811,S2-772997011,S3-244694796,S3-372045674,S3-804770389,S3-712441242,S3-211164327,S3-761438523,S3-899583090,S3-289677596,S3-180062010,S3-109335189,S3-94880110,S3-330036890,S3-245133916,S3-69171474
S1-483281264	S2-888440125,S2-625831173,S2-402816908,S2-269084113,S2-801373301,S2-716687956,S2-938612654,S2-629499045,S2-993723166,S2-661443009,S2-308734653,S2-764430935,S2-325615566,S3-121412624,S3-533193854,S3-838486566,S3-417218868,S3-896638301,S3-659963286,S3-182177107,S3-863237476
S1-4869416	S2-138046867,S2-125007797,S2-187379771,S2-689674207,S2-888440125,S2-625831173,S2-968244171,S2-142962200,S2-468234939,S2-439384858,S2-402816908,S2-269084113,S2-450266205,S2-299258785,S2-801373301,S2-716687956,S2-663446783,S2-938612654,S2-629499045,S2-591536531,S2-993723166,S2-824414038,S2-661443009,S2-323747399,S2-781397767,S2-308734653,S2-764430935,S2-131264573,S2-325615566,S3-121412624,S3-533193854,S3-625913156,S3-838486566,S3-341396567,S3-38557301,S3-975051187,S3-988483404,S3-833085447,S3-417218868,S3-896638301,S3-861155049,S3-659963286,S3-182177107,S3-863237476
S1-488506845	S2-622773844
S1-49032225	S2-277444929,S2-508602797,S2-684635925,S2-91305348,S2-978126813,S2-349287094,S2-163588551,S2-102309877,S2-224839523,S2-829598251,S2-800014563,S2-67505679,S2-59544689,S2-895116270,S2-469073813,S2-435778329,S2-190103142,S2-298914373,S2-628335210,S2-757169960,S2-109121051,S2-541414076,S2-891756213,S2-696635067,S2-971339247,S2-996245861,S2-892923793,S2-308505251,S2-688657051,S2-701787316,S2-709626608,S2-394314645,S2-308510117,S2-708389947,S2-8982199,S2-933278322,S2-131151726,S2-750426664,S2-117672295,S2-549881386,S2-797821871,S2-528205184,S2-516126165,S2-561420173,S2-859321758,S2-37081703,S2-297926319,S2-321398182,S2-554610011,S2-528320338,S2-937703023,S2-679190243,S2-331339262,S2-187514897,S2-946002985,S2-281309190,S2-577969603,S2-449617627,S2-379148212,S2-769858942,S2-532543036,S2-726045392,S2-840538759,S2-898880623,S2-492826161,S2-736787326,S2-382657775,S2-590774517,S2-169597264,S2-165930564,S2-811707035,S2-980846147,S2-252321761,S2-631451351,S2-26324258,S2-100598528,S3-859268022,S3-53737228,S3-45067784,S3-128062172,S3-230314480,S3-878295053,S3-572363539,S3-755888332,S3-730662073,S3-891901989,S3-607506773,S3-263247365,S3-232475819,S3-575968805,S3-702183940,S3-92974238,S3-901865937,S3-566328140,S3-797289734,S3-588120445,S3-426545498,S3-367524706,S3-375023535,S3-331944027,S3-169505996,S3-890922145,S3-891626766,S3-136675280,S3-507578619,S3-836927959,S3-260366126,S3-862789788,S3-714994003,S3-32634960,S3-509442398,S3-976681859,S3-190135542,S3-954711163,S3-393744173,S3-460045321,S3-678683280,S3-302901311,S3-465433588,S3-703821326,S3-829490404,S3-896227623,S3-977086194,S3-891618576,S3-479249803,S3-619115665,S3-91294893,S3-104260598,S3-444600693,S3-123694229,S3-197093940,S3-439655728,S3-210818742,S3-918357967,S3-659206129,S3-275360323,S3-968476116,S3-787353706,S3-833884099,S3-26161361,S3-46768096,S3-126982322,S3-548783787,S3-699643086,S3-803003378,S3-459705885,S3-610402578,S3-308631150,S3-408212372,S3-728602891,S3-112942354,S3-960875960,S3-354910039,S3-177049334,S3-551580447,S3-179738152,S3-434491965,S3-564043019,S3-523695838,S3-587791501,S3-312442869,S3-444730740,S3-489913201,S3-786831449,S3-364420425,S3-548914378,S3-651762109
S1-491925427	S2-721031885,S2-868087865,S2-795141272,S2-953098128,S2-54307441,S2-208005980,S2-187379771,S2-705827573,S2-265287731,S2-622773844,S2-333785505,S2-556543773,S2-152030787,S2-667620668,S2-563158163,S2-41847464,S2-475524221,S2-652827281,S2-943996696,S2-878003016,S2-533197229,S2-402804051,S2-299258785,S2-489049291,S2-756454257,S2-347017935,S2-989100620,S2-556803824,S2-1722538,S2-575166296,S2-61330089,S2-790721694,S2-193995593,S2-811863966,S2-438678740,S2-646516046,S2-828726837,S2-14102665,S2-681609924,S2-374779945,S2-781397767,S2-857071377,S2-482353871,S2-699301561,S2-241726445,S2-131264573,S2-79905632,S3-22467283,S3-578159284,S3-504183980,S3-118652570,S3-323153716,S3-875583147,S3-444450554,S3-660160649,S3-51937572,S3-411324695,S3-97933587,S3-299576808,S3-921372917,S3-961916983,S3-519350515,S3-354096900,S3-369130400,S3-889312836,S3-510778048,S3-81161554,S3-903416633,S3-80323204,S3-257771188,S3-775274701,S3-783906913,S3-289677596,S3-325999314,S3-975051187,S3-49672113,S3-951624052,S3-532479968,S3-593749288,S3-240930945,S3-966369596,S3-861155049,S3-331595551,S3-81212547,S3-800499462,S3-642917160,S3-300224532,S3-789929510
S1-492467148	S2-418551982,S3-190231775,S3-452675423
S1-493059116	S2-669879950,S2-838526909,S2-298761341,S2-472544795,S2-630651352,S2-475524221,S2-736654053,S2-784715242,S2-479278257,S2-100101893,S2-716687956,S2-492879191,S2-114121811,S2-575166296,S2-904673479,S2-772997011,S2-957143385,S2-746717750,S2-241726445,S3-551148968,S3-244694796,S3-777257171,S3-940228072,S3-299576808,S3-804770389,S3-712441242,S3-211164327,S3-14718400,S3-517654841,S3-180062010,S3-49672113,S3-980152742,S3-109335189,S3-94880110,S3-330036890,S3-390731898,S3-436725377,S3-114276926,S3-245133916,S3-69171474,S3-168396245
S1-493363382	S2-721031885,S2-868087865,S2-795141272,S2-953098128,S2-235039028,S2-401480583,S2-54307441,S2-208005980,S2-187379771,S2-705827573,S2-265287731,S2-622773844,S2-333785505,S2-556543773,S2-152030787,S2-667620668,S2-563158163,S2-464291399,S2-41847464,S2-475524221,S2-652827281,S2-943996696,S2-878003016,S2-533197229,S2-402804051,S2-785852339,S2-299258785,S2-103317508,S2-489049291,S2-756454257,S2-347017935,S2-989100620,S2-556803824,S2-1722538,S2-575166296,S2-61330089,S2-589492301,S2-790721694,S2-193995593,S2-811863966,S2-438678740,S2-646516046,S2-828726837,S2-14102665,S2-681609924,S2-934037681,S2-374779945,S2-781397767,S2-857071377,S2-482353871,S2-699301561,S2-241726445,S2-131264573,S2-79905632,S3-22467283,S3-578159284,S3-504183980,S3-118652570,S3-323153716,S3-875583147,S3-397939007,S3-444450554,S3-777257171,S3-660160649,S3-51937572,S3-411324695,S3-97933587,S3-299576808,S3-921372917,S3-585479914,S3-36683911,S3-961916983,S3-519350515,S3-354096900,S3-369130400,S3-889312836,S3-510778048,S3-81161554,S3-903416633,S3-80323204,S3-257771188,S3-761438523,S3-775274701,S3-783906913,S3-289677596,S3-325999314,S3-975051187,S3-49672113,S3-75056814,S3-951624052,S3-532479968,S3-898251122,S3-593749288,S3-762825829,S3-240930945,S3-966369596,S3-494118563,S3-861155049,S3-331595551,S3-81212547,S3-800499462,S3-642917160,S3-300224532,S3-789929510
S1-498738124	S2-235039028,S2-673704658,S2-73037424,S2-457500956,S2-867614780,S2-56744275,S2-5405243,S2-630651352,S2-64137184,S2-103317508,S2-516249560,S2-589492301,S2-792661362,S2-699301561,S3-161412777,S3-269888656,S3-903416633,S3-80888417,S3-4573520,S3-11263883,S3-738431506
S1-499302167	S2-277444929,S2-508602797,S2-684635925,S2-91305348,S2-978126813,S2-349287094,S2-163588551,S2-102309877,S2-224839523,S2-829598251,S2-800014563,S2-67505679,S2-59544689,S2-778736994,S2-469073813,S2-435778329,S2-190103142,S2-298914373,S2-628335210,S2-757169960,S2-109121051,S2-970843942,S2-541414076,S2-891756213,S2-696635067,S2-971339247,S2-996245861,S2-892923793,S2-308505251,S2-688657051,S2-701787316,S2-709626608,S2-394314645,S2-308510117,S2-708389947,S2-8982199,S2-933278322,S2-131151726,S2-750426664,S2-117672295,S2-549881386,S2-797821871,S2-528205184,S2-516126165,S2-561420173,S2-859321758,S2-37081703,S2-297926319,S2-321398182,S2-554610011,S2-528320338,S2-937703023,S2-679190243,S2-331339262,S2-187514897,S2-946002985,S2-281309190,S2-577969603,S2-449617627,S2-379148212,S2-769858942,S2-532543036,S2-726045392,S2-840538759,S2-898880623,S2-492826161,S2-736787326,S2-382657775,S2-590774517,S2-169597264,S2-165930564,S2-811707035,S2-980846147,S2-252321761,S2-631451351,S2-26324258,S2-100598528,S3-859268022,S3-53737228,S3-45067784,S3-128062172,S3-230314480,S3-878295053,S3-572363539,S3-783004558,S3-730662073,S3-891901989,S3-607506773,S3-263247365,S3-232475819,S3-575968805,S3-702183940,S3-92974238,S3-901865937,S3-566328140,S3-797289734,S3-588120445,S3-426545498,S3-367524706,S3-375023535,S3-331944027,S3-169505996,S3-890922145,S3-891626766,S3-136675280,S3-507578619,S3-836927959,S3-260366126,S3-211882578,S3-862789788,S3-714994003,S3-32634960,S3-509442398,S3-976681859,S3-190135542,S3-954711163,S3-393744173,S3-460045321,S3-678683280,S3-302901311,S3-465433588,S3-703821326,S3-829490404,S3-896227623,S3-977086194,S3-891618576,S3-479249803,S3-619115665,S3-518679355,S3-91294893,S3-104260598,S3-444600693,S3-123694229,S3-197093940,S3-439655728,S3-210818742,S3-918357967,S3-659206129,S3-275360323,S3-968476116,S3-787353706,S3-833884099,S3-26161361,S3-46768096,S3-463723999,S3-126982322,S3-548783787,S3-699643086,S3-803003378,S3-459705885,S3-709021698,S3-610402578,S3-308631150,S3-408212372,S3-728602891,S3-112942354,S3-960875960,S3-354910039,S3-177049334,S3-551580447,S3-179738152,S3-434491965,S3-564043019,S3-523695838,S3-587791501,S3-312442869,S3-444730740,S3-786831449,S3-364420425,S3-552320642,S3-548914378,S3-651762109
S1-499566732	S2-277444929,S2-508602797,S2-684635925,S2-91305348,S2-978126813,S2-349287094,S2-163588551,S2-102309877,S2-224839523,S2-829598251,S2-800014563,S2-67505679,S2-59544689,S2-469073813,S2-435778329,S2-190103142,S2-298914373,S2-628335210,S2-757169960,S2-109121051,S2-541414076,S2-891756213,S2-696635067,S2-971339247,S2-996245861,S2-892923793,S2-308505251,S2-688657051,S2-701787316,S2-709626608,S2-394314645,S2-308510117,S2-708389947,S2-8982199,S2-933278322,S2-131151726,S2-750426664,S2-117672295,S2-549881386,S2-797821871,S2-528205184,S2-516126165,S2-561420173,S2-859321758,S2-37081703,S2-297926319,S2-321398182,S2-554610011,S2-528320338,S2-937703023,S2-679190243,S2-331339262,S2-187514897,S2-946002985,S2-281309190,S2-577969603,S2-449617627,S2-379148212,S2-769858942,S2-532543036,S2-726045392,S2-840538759,S2-898880623,S2-492826161,S2-736787326,S2-382657775,S2-590774517,S2-169597264,S2-165930564,S2-811707035,S2-980846147,S2-252321761,S2-631451351,S2-26324258,S2-100598528,S3-859268022,S3-53737228,S3-45067784,S3-128062172,S3-230314480,S3-878295053,S3-572363539,S3-730662073,S3-891901989,S3-607506773,S3-263247365,S3-232475819,S3-575968805,S3-702183940,S3-92974238,S3-901865937,S3-566328140,S3-797289734,S3-588120445,S3-426545498,S3-367524706,S3-375023535,S3-331944027,S3-169505996,S3-890922145,S3-891626766,S3-136675280,S3-507578619,S3-836927959,S3-260366126,S3-862789788,S3-714994003,S3-32634960,S3-509442398,S3-976681859,S3-190135542,S3-954711163,S3-393744173,S3-460045321,S3-678683280,S3-302901311,S3-465433588,S3-703821326,S3-829490404,S3-896227623,S3-977086194,S3-891618576,S3-479249803,S3-619115665,S3-91294893,S3-104260598,S3-444600693,S3-123694229,S3-197093940,S3-439655728,S3-210818742,S3-918357967,S3-659206129,S3-275360323,S3-968476116,S3-787353706,S3-833884099,S3-26161361,S3-46768096,S3-126982322,S3-548783787,S3-699643086,S3-803003378,S3-459705885,S3-610402578,S3-308631150,S3-408212372,S3-728602891,S3-112942354,S3-960875960,S3-354910039,S3-177049334,S3-551580447,S3-179738152,S3-434491965,S3-564043019,S3-523695838,S3-587791501,S3-312442869,S3-444730740,S3-786831449,S3-364420425,S3-548914378,S3-651762109
S1-500552277	S2-669879950,S2-298761341,S2-472544795,S2-475524221,S2-652827281,S2-479278257,S2-100101893,S2-492879191,S2-575166296,S2-904673479,S2-957143385,S2-746717750,S2-241726445,S3-551148968,S3-777257171,S3-940228072,S3-299576808,S3-14718400,S3-517654841,S3-289677596,S3-49672113,S3-980152742,S3-390731898,S3-436725377,S3-114276926,S3-245133916,S3-168396245
S1-500841209	S2-721031885,S2-868087865,S2-795141272,S2-953098128,S2-54307441,S2-208005980,S2-187379771,S2-705827573,S2-265287731,S2-622773844,S2-333785505,S2-556543773,S2-152030787,S2-667620668,S2-563158163,S2-41847464,S2-475524221,S2-652827281,S2-943996696,S2-878003016,S2-533197229,S2-402804051,S2-299258785,S2-489049291,S2-756454257,S2-347017935,S2-989100620,S2-556803824,S2-1722538,S2-575166296,S2-61330089,S2-790721694,S2-193995593,S2-811863966,S2-438678740,S2-646516046,S2-828726837,S2-14102665,S2-681609924,S2-374779945,S2-781397767,S2-857071377,S2-482353871,S2-699301561,S2-241726445,S2-131264573,S2-79905632,S3-22467283,S3-578159284,S3-504183980,S3-118652570,S3-323153716,S3-875583147,S3-444450554,S3-660160649,S3-51937572,S3-411324695,S3-97933587,S3-299576808,S3-921372917,S3-961916983,S3-519350515,S3-354096900,S3-369130400,S3-889312836,S3-510778048,S3-81161554,S3-903416633,S3-80323204,S3-257771188,S3-775274701,S3-783906913,S3-289677596,S3-325999314,S3-975051187,S3-49672113,S3-951624052,S3-532479968,S3-593749288,S3-240930945,S3-966369596,S3-861155049,S3-331595551,S3-81212547,S3-800499462,S3-642917160,S3-300224532,S3-789929510
S1-500998121	S2-721031885,S2-868087865,S2-795141272,S2-953098128,S2-54307441,S2-208005980,S2-187379771,S2-705827573,S2-265287731,S2-622773844,S2-333785505,S2-556543773,S2-152030787,S2-667620668,S2-563158163,S2-41847464,S2-475524221,S2-652827281,S2-943996696,S2-878003016,S2-533197229,S2-402804051,S2-299258785,S2-489049291,S2-756454257,S2-347017935,S2-989100620,S2-556803824,S2-1722538,S2-575166296,S2-61330089,S2-790721694,S2-193995593,S2-811863966,S2-438678740,S2-646516046,S2-828726837,S2-14102665,S2-681609924,S2-374779945,S2-781397767,S2-857071377,S2-482353871,S2-699301561,S2-241726445,S2-131264573,S2-79905632,S3-22467283,S3-578159284,S3-504183980,S3-118652570,S3-323153716,S3-875583147,S3-444450554,S3-660160649,S3-51937572,S3-411324695,S3-97933587,S3-299576808,S3-921372917,S3-961916983,S3-519350515,S3-354096900,S3-369130400,S3-889312836,S3-510778048,S3-81161554,S3-903416633,S3-80323204,S3-257771188,S3-775274701,S3-783906913,S3-289677596,S3-325999314,S3-975051187,S3-49672113,S3-951624052,S3-532479968,S3-593749288,S3-240930945,S3-966369596,S3-861155049,S3-331595551,S3-81212547,S3-800499462,S3-642917160,S3-300224532,S3-789929510
S1-501296085	S2-829598251,S2-688657051,S2-728928259,S2-258702122,S2-850499815,S2-552487507,S2-698001157,S2-160694137,S2-878134898,S3-92974238,S3-507578619,S3-552320642
S1-504059078	S2-721031885,S2-868087865,S2-795141272,S2-953098128,S2-54307441,S2-208005980,S2-187379771,S2-705827573,S2-265287731,S2-622773844,S2-333785505,S2-556543773,S2-152030787,S2-667620668,S2-563158163,S2-41847464,S2-475524221,S2-652827281,S2-943996696,S2-878003016,S2-533197229,S2-402804051,S2-299258785,S2-489049291,S2-756454257,S2-347017935,S2-989100620,S2-556803824,S2-1722538,S2-575166296,S2-61330089,S2-790721694,S2-193995593,S2-811863966,S2-438678740,S2-646516046,S2-828726837,S2-14102665,S2-681609924,S2-962270896,S2-374779945,S2-781397767,S2-857071377,S2-482353871,S2-699301561,S2-241726445,S2-131264573,S2-79905632,S3-22467283,S3-578159284,S3-504183980,S3-118652570,S3-323153716,S3-875583147,S3-444450554,S3-660160649,S3-51937572,S3-411324695,S3-97933587,S3-299576808,S3-921372917,S3-961916983,S3-519350515,S3-354096900,S3-369130400,S3-889312836,S3-510778048,S3-81161554,S3-903416633,S3-80323204,S3-257771188,S3-775274701,S3-783906913,S3-289677596,S3-325999314,S3-975051187,S3-49672113,S3-951624052,S3-532479968,S3-593749288,S3-240930945,S3-966369596,S3-861155049,S3-331595551,S3-81212547,S3-800499462,S3-642917160,S3-300224532,S3-789929510
S1-504790211	S2-457500956,S2-402816908,S3-893149997,S3-701705967,S3-722381828
S1-505869859	S2-277444929,S2-91305348,S2-428899461,S2-224839523,S2-895116270,S2-635228641,S2-952329168,S2-784592218,S2-280702058,S2-709626608,S2-394314645,S2-308510117,S2-708389947,S2-789302288,S2-797821871,S2-897475107,S2-297926319,S2-679190243,S2-539779970,S2-187514897,S2-946002985,S2-539414515,S2-560043342,S2-268932954,S2-548542163,S2-492786272,S2-26324258,S2-100598528,S3-859268022,S3-776815069,S3-298996001,S3-572363539,S3-314969122,S3-335805814,S3-987031930,S3-260366126,S3-447961633,S3-60787735,S3-284546096,S3-301461097,S3-35900036,S3-304581702,S3-787353706,S3-833884099,S3-325154278,S3-451480230,S3-463723999,S3-431503485,S3-408212372,S3-604536112,S3-728602891,S3-150068856,S3-564043019,S3-523695838,S3-489913201,S3-552320642,S3-8782083,S3-651762109
S1-50643392	S2-764573417,S2-163963287,S2-49942811,S2-669879950,S2-332014708,S2-257885603,S2-162849450,S2-164086509,S2-871017791,S2-472544795,S2-967974285,S2-322211984,S2-430379962,S2-648129048,S2-218208532,S2-236577190,S2-755671955,S2-173632166,S2-384219063,S2-232105388,S2-103972023,S2-876721131,S2-957143385,S2-519903945,S3-249416830,S3-493572667,S3-44013376,S3-585479914,S3-791460119,S3-161412777,S3-458988960,S3-113462535,S3-6605683,S3-988710395,S3-899583090,S3-536959514,S3-748452890,S3-306897876,S3-393484059,S3-829024295,S3-833085447,S3-564535893,S3-380295664,S3-189240583,S3-946323575,S3-736041086,S3-961058678,S3-201614402,S3-30824703,S3-311526271,S3-82016851,S3-379984324,S3-406009851,S3-390731898,S3-913950232
S1-511561869	S2-6795460,S2-467948188,S2-275401270,S2-990119436,S2-281309190,S2-930194769,S2-539414515,S2-331142396,S3-960981775,S3-783004558,S3-797756565,S3-886815845,S3-308631150
S1-512288351	S2-277444929,S2-508602797,S2-684635925,S2-91305348,S2-978126813,S2-349287094,S2-163588551,S2-102309877,S2-224839523,S2-829598251,S2-800014563,S2-67505679,S2-59544689,S2-469073813,S2-435778329,S2-190103142,S2-298914373,S2-628335210,S2-757169960,S2-109121051,S2-541414076,S2-891756213,S2-696635067,S2-971339247,S2-996245861,S2-892923793,S2-308505251,S2-688657051,S2-701787316,S2-709626608,S2-394314645,S2-308510117,S2-708389947,S2-8982199,S2-933278322,S2-131151726,S2-750426664,S2-117672295,S2-549881386,S2-797821871,S2-528205184,S2-516126165,S2-561420173,S2-859321758,S2-37081703,S2-297926319,S2-321398182,S2-554610011,S2-528320338,S2-937703023,S2-679190243,S2-331339262,S2-187514897,S2-946002985,S2-281309190,S2-577969603,S2-449617627,S2-379148212,S2-769858942,S2-532543036,S2-726045392,S2-840538759,S2-898880623,S2-492826161,S2-736787326,S2-382657775,S2-590774517,S2-169597264,S2-165930564,S2-811707035,S2-980846147,S2-252321761,S2-631451351,S2-26324258,S2-100598528,S3-859268022,S3-53737228,S3-45067784,S3-128062172,S3-230314480,S3-878295053,S3-572363539,S3-730662073,S3-891901989,S3-607506773,S3-263247365,S3-232475819,S3-575968805,S3-702183940,S3-92974238,S3-901865937,S3-566328140,S3-797289734,S3-588120445,S3-426545498,S3-367524706,S3-375023535,S3-331944027,S3-169505996,S3-890922145,S3-891626766,S3-136675280,S3-507578619,S3-836927959,S3-260366126,S3-862789788,S3-714994003,S3-32634960,S3-509442398,S3-976681859,S3-190135542,S3-954711163,S3-393744173,S3-460045321,S3-678683280,S3-302901311,S3-465433588,S3-703821326,S3-829490404,S3-896227623,S3-977086194,S3-891618576,S3-479249803,S3-619115665,S3-91294893,S3-104260598,S3-444600693,S3-123694229,S3-197093940,S3-439655728,S3-210818742,S3-918357967,S3-659206129,S3-275360323,S3-968476116,S3-787353706,S3-833884099,S3-26161361,S3-46768096,S3-126982322,S3-548783787,S3-699643086,S3-803003378,S3-459705885,S3-610402578,S3-308631150,S3-408212372,S3-728602891,S3-112942354,S3-960875960,S3-354910039,S3-177049334,S3-551580447,S3-179738152,S3-434491965,S3-564043019,S3-523695838,S3-587791501,S3-312442869,S3-444730740,S3-786831449,S3-364420425,S3-548914378,S3-651762109
S1-513115995	S3-999637845
S1-514155563	S2-721031885,S2-868087865,S2-795141272,S2-953098128,S2-54307441,S2-208005980,S2-187379771,S2-705827573,S2-265287731,S2-622773844,S2-333785505,S2-556543773,S2-152030787,S2-667620668,S2-563158163,S2-946872072,S2-41847464,S2-475524221,S2-652827281,S2-943996696,S2-878003016,S2-533197229,S2-402804051,S2-299258785,S2-489049291,S2-756454257,S2-347017935,S2-989100620,S2-556803824,S2-1722538,S2-575166296,S2-61330089,S2-790721694,S2-193995593,S2-811863966,S2-438678740,S2-646516046,S2-828726837,S2-14102665,S2-681609924,S2-374779945,S2-781397767,S2-308734653,S2-857071377,S2-482353871,S2-699301561,S2-241726445,S2-131264573,S2-79905632,S3-22467283,S3-578159284,S3-504183980,S3-118652570,S3-323153716,S3-875583147,S3-444450554,S3-660160649,S3-51937572,S3-411324695,S3-97933587,S3-299576808,S3-921372917,S3-474790592,S3-961916983,S3-519350515,S3-354096900,S3-369130400,S3-889312836,S3-510778048,S3-81161554,S3-903416633,S3-80323204,S3-257771188,S3-775274701,S3-783906913,S3-289677596,S3-325999314,S3-975051187,S3-49672113,S3-951624052,S3-532479968,S3-593749288,S3-401540298,S3-240930945,S3-966369596,S3-861155049,S3-331595551,S3-182177107,S3-81212547,S3-800499462,S3-642917160,S3-300224532,S3-789929510
S1-522840559	S2-235039028,S2-73037424,S2-457500956,S2-533197229,S2-516249560,S2-716687956,S2-699301561,S2-716961117,S3-372045674,S3-161412777,S3-903416633,S3-80888417
S1-525055772	S2-163963287,S2-129228958,S2-88437832,S2-430379962,S2-105086356,S2-873164808,S3-999637845,S3-879599711
S1-527727380	S2-277444929,S2-508602797,S2-684635925,S2-91305348,S2-978126813,S2-349287094,S2-163588551,S2-102309877,S2-224839523,S2-829598251,S2-800014563,S2-67505679,S2-59544689,S2-469073813,S2-435778329,S2-190103142,S2-298914373,S2-628335210,S2-757169960,S2-109121051,S2-541414076,S2-891756213,S2-696635067,S2-971339247,S2-996245861,S2-892923793,S2-308505251,S2-688657051,S2-701787316,S2-709626608,S2-394314645,S2-308510117,S2-708389947,S2-8982199,S2-933278322,S2-131151726,S2-750426664,S2-117672295,S2-549881386,S2-797821871,S2-528205184,S2-516126165,S2-561420173,S2-859321758,S2-37081703,S2-297926319,S2-321398182,S2-554610011,S2-528320338,S2-937703023,S2-679190243,S2-331339262,S2-187514897,S2-946002985,S2-281309190,S2-577969603,S2-449617627,S2-379148212,S2-769858942,S2-532543036,S2-726045392,S2-840538759,S2-898880623,S2-492826161,S2-736787326,S2-382657775,S2-590774517,S2-169597264,S2-165930564,S2-811707035,S2-980846147,S2-252321761,S2-631451351,S2-26324258,S2-100598528,S3-859268022,S3-53737228,S3-45067784,S3-128062172,S3-230314480,S3-878295053,S3-572363539,S3-730662073,S3-891901989,S3-607506773,S3-263247365,S3-232475819,S3-575968805,S3-702183940,S3-92974238,S3-901865937,S3-566328140,S3-797289734,S3-588120445,S3-426545498,S3-367524706,S3-375023535,S3-331944027,S3-169505996,S3-890922145,S3-891626766,S3-136675280,S3-507578619,S3-836927959,S3-260366126,S3-862789788,S3-714994003,S3-32634960,S3-509442398,S3-976681859,S3-190135542,S3-954711163,S3-393744173,S3-460045321,S3-678683280,S3-302901311,S3-465433588,S3-703821326,S3-829490404,S3-896227623,S3-977086194,S3-891618576,S3-479249803,S3-619115665,S3-91294893,S3-104260598,S3-444600693,S3-123694229,S3-197093940,S3-439655728,S3-210818742,S3-918357967,S3-659206129,S3-275360323,S3-968476116,S3-787353706,S3-833884099,S3-26161361,S3-46768096,S3-126982322,S3-548783787,S3-699643086,S3-803003378,S3-459705885,S3-610402578,S3-308631150,S3-408212372,S3-728602891,S3-112942354,S3-960875960,S3-354910039,S3-177049334,S3-551580447,S3-179738152,S3-434491965,S3-564043019,S3-523695838,S3-587791501,S3-312442869,S3-444730740,S3-786831449,S3-364420425,S3-548914378,S3-651762109
S1-53323215	S2-277444929,S2-91305348,S2-428899461,S2-224839523,S2-895116270,S2-635228641,S2-952329168,S2-784592218,S2-375938862,S2-280702058,S2-709626608,S2-394314645,S2-308510117,S2-708389947,S2-789302288,S2-529867680,S2-797821871,S2-897475107,S2-243813488,S2-297926319,S2-850499815,S2-679190243,S2-539779970,S2-187514897,S2-946002985,S2-539414515,S2-560043342,S2-268932954,S2-548542163,S2-492786272,S2-100598528,S3-859268022,S3-776815069,S3-298996001,S3-572363539,S3-856590607,S3-314969122,S3-335805814,S3-987031930,S3-136675280,S3-260366126,S3-447961633,S3-60787735,S3-284546096,S3-301461097,S3-35900036,S3-304581702,S3-787353706,S3-833884099,S3-325154278,S3-451480230,S3-463723999,S3-431503485,S3-604536112,S3-728602891,S3-150068856,S3-564043019,S3-523695838,S3-489913201,S3-552320642,S3-651762109
S1-535605149	S2-763108962,S2-223038034,S2-722166534,S2-701477103,S2-605633090,S2-728928259,S2-243813488,S2-34449822,S2-785139940,S2-747145329,S3-302901311,S3-12915038,S3-682142621,S3-461388509,S3-960702922,S3-709021698,S3-995040589
S1-536948776	S2-838526909,S2-630651352,S2-736654053,S2-784715242,S2-716687956,S2-114121811,S2-772997011,S3-244694796,S3-804770389,S3-712441242,S3-211164327,S3-180062010,S3-109335189,S3-94880110,S3-330036890,S3-245133916,S3-69171474
S1-537478269	S2-838526909,S2-477675434,S2-630651352,S2-736654053,S2-784715242,S2-716687956,S2-114121811,S2-614260033,S2-772997011,S3-244694796,S3-572598570,S3-288750155,S3-585479914,S3-804770389,S3-712441242,S3-211164327,S3-180062010,S3-109335189,S3-94880110,S3-330036890,S3-245133916,S3-69171474
S1-539197690	S2-508602797,S2-684635925,S2-978126813,S2-349287094,S2-102309877,S2-800014563,S2-67505679,S2-59544689,S2-190103142,S2-298914373,S2-628335210,S2-102286733,S2-109121051,S2-541414076,S2-891756213,S2-696635067,S2-971339247,S2-996245861,S2-892923793,S2-308505251,S2-701787316,S2-394314645,S2-8982199,S2-131151726,S2-750426664,S2-117672295,S2-549881386,S2-528205184,S2-561420173,S2-859321758,S2-37081703,S2-321398182,S2-937703023,S2-679190243,S2-331339262,S2-281309190,S2-577969603,S2-840538759,S2-898880623,S2-492826161,S2-736787326,S2-590774517,S2-169597264,S2-631451351,S2-26324258,S3-53737228,S3-45067784,S3-128062172,S3-230314480,S3-878295053,S3-726575561,S3-730662073,S3-607506773,S3-263247365,S3-232475819,S3-575968805,S3-92974238,S3-901865937,S3-566328140,S3-797289734,S3-426545498,S3-375023535,S3-331944027,S3-890922145,S3-136675280,S3-507578619,S3-836927959,S3-260366126,S3-862789788,S3-32634960,S3-509442398,S3-460045321,S3-465433588,S3-703821326,S3-829490404,S3-896227623,S3-977086194,S3-479249803,S3-619115665,S3-91294893,S3-104260598,S3-444600693,S3-123694229,S3-197093940,S3-918357967,S3-659206129,S3-275360323,S3-26161361,S3-46768096,S3-126982322,S3-548783787,S3-803003378,S3-459705885,S3-610402578,S3-308631150,S3-408212372,S3-112942354,S3-960875960,S3-177049334,S3-551580447,S3-179738152,S3-434491965,S3-587791501,S3-444730740,S3-786831449,S3-364420425,S3-548914378,S3-651762109
S1-543144015	S2-190103142,S2-946002985,S3-434491965
S1-543291404	S2-277444929,S2-508602797,S2-684635925,S2-91305348,S2-978126813,S2-349287094,S2-163588551,S2-102309877,S2-224839523,S2-829598251,S2-800014563,S2-67505679,S2-59544689,S2-469073813,S2-435778329,S2-190103142,S2-298914373,S2-628335210,S2-757169960,S2-109121051,S2-541414076,S2-891756213,S2-696635067,S2-971339247,S2-996245861,S2-892923793,S2-308505251,S2-688657051,S2-701787316,S2-709626608,S2-394314645,S2-308510117,S2-708389947,S2-8982199,S2-933278322,S2-131151726,S2-750426664,S2-117672295,S2-549881386,S2-797821871,S2-528205184,S2-516126165,S2-561420173,S2-859321758,S2-37081703,S2-297926319,S2-321398182,S2-554610011,S2-528320338,S2-937703023,S2-679190243,S2-331339262,S2-187514897,S2-946002985,S2-281309190,S2-577969603,S2-449617627,S2-379148212,S2-769858942,S2-532543036,S2-726045392,S2-840538759,S2-898880623,S2-492826161,S2-736787326,S2-382657775,S2-590774517,S2-169597264,S2-165930564,S2-811707035,S2-980846147,S2-252321761,S2-631451351,S2-26324258,S2-100598528,S3-859268022,S3-53737228,S3-45067784,S3-128062172,S3-230314480,S3-878295053,S3-572363539,S3-730662073,S3-891901989,S3-607506773,S3-263247365,S3-232475819,S3-575968805,S3-702183940,S3-92974238,S3-901865937,S3-566328140,S3-797289734,S3-588120445,S3-426545498,S3-367524706,S3-375023535,S3-331944027,S3-169505996,S3-890922145,S3-891626766,S3-136675280,S3-507578619,S3-836927959,S3-260366126,S3-862789788,S3-714994003,S3-32634960,S3-509442398,S3-976681859,S3-190135542,S3-954711163,S3-393744173,S3-460045321,S3-678683280,S3-302901311,S3-465433588,S3-703821326,S3-829490404,S3-896227623,S3-987949855,S3-977086194,S3-891618576,S3-479249803,S3-619115665,S3-91294893,S3-104260598,S3-444600693,S3-123694229,S3-197093940,S3-439655728,S3-210818742,S3-918357967,S3-659206129,S3-275360323,S3-968476116,S3-787353706,S3-833884099,S3-469798068,S3-26161361,S3-46768096,S3-126982322,S3-548783787,S3-699643086,S3-803003378,S3-459705885,S3-610402578,S3-308631150,S3-408212372,S3-728602891,S3-112942354,S3-960875960,S3-354910039,S3-177049334,S3-551580447,S3-179738152,S3-434491965,S3-564043019,S3-523695838,S3-587791501,S3-312442869,S3-444730740,S3-786831449,S3-364420425,S3-548914378,S3-651762109
S1-544301808	S2-384219063,S2-33267509,S3-510778048,S3-393484059
S1-545582895	S2-508602797,S2-684635925,S2-978126813,S2-349287094,S2-102309877,S2-800014563,S2-67505679,S2-59544689,S2-469073813,S2-190103142,S2-298914373,S2-628335210,S2-102286733,S2-109121051,S2-541414076,S2-891756213,S2-696635067,S2-971339247,S2-996245861,S2-892923793,S2-308505251,S2-701787316,S2-394314645,S2-8982199,S2-131151726,S2-750426664,S2-117672295,S2-549881386,S2-528205184,S2-561420173,S2-859321758,S2-37081703,S2-321398182,S2-937703023,S2-679190243,S2-331339262,S2-281309190,S2-577969603,S2-840538759,S2-898880623,S2-492826161,S2-736787326,S2-531458823,S2-590774517,S2-169597264,S2-631451351,S2-26324258,S3-53737228,S3-45067784,S3-128062172,S3-230314480,S3-878295053,S3-730662073,S3-607506773,S3-263247365,S3-232475819,S3-575968805,S3-92974238,S3-901865937,S3-566328140,S3-797289734,S3-426545498,S3-375023535,S3-331944027,S3-890922145,S3-136675280,S3-507578619,S3-836927959,S3-260366126,S3-862789788,S3-32634960,S3-509442398,S3-460045321,S3-465433588,S3-703821326,S3-829490404,S3-896227623,S3-977086194,S3-479249803,S3-619115665,S3-91294893,S3-104260598,S3-444600693,S3-123694229,S3-197093940,S3-918357967,S3-659206129,S3-275360323,S3-490973637,S3-26161361,S3-46768096,S3-126982322,S3-548783787,S3-803003378,S3-459705885,S3-610402578,S3-308631150,S3-408212372,S3-112942354,S3-960875960,S3-177049334,S3-551580447,S3-179738152,S3-434491965,S3-587791501,S3-444730740,S3-786831449,S3-364420425,S3-548914378,S3-651762109
S1-545601093	S2-764573417,S2-163963287,S2-49942811,S2-138046867,S2-669879950,S2-332014708,S2-257885603,S2-125007797,S2-187379771,S2-689674207,S2-162849450,S2-164086509,S2-968244171,S2-142962200,S2-468234939,S2-871017791,S2-472544795,S2-439384858,S2-967974285,S2-322211984,S2-430379962,S2-648129048,S2-450266205,S2-299258785,S2-218208532,S2-236577190,S2-663446783,S2-755671955,S2-173632166,S2-384219063,S2-591536531,S2-824414038,S2-232105388,S2-103972023,S2-323747399,S2-876721131,S2-781397767,S2-957143385,S2-131264573,S2-519903945,S3-249416830,S3-493572667,S3-44013376,S3-585479914,S3-791460119,S3-161412777,S3-625913156,S3-458988960,S3-341396567,S3-113462535,S3-6605683,S3-988710395,S3-38557301,S3-899583090,S3-536959514,S3-975051187,S3-748452890,S3-306897876,S3-988483404,S3-393484059,S3-829024295,S3-833085447,S3-564535893,S3-380295664,S3-189240583,S3-946323575,S3-736041086,S3-961058678,S3-201614402,S3-30824703,S3-311526271,S3-82016851,S3-861155049,S3-379984324,S3-406009851,S3-659963286,S3-390731898,S3-913950232
S1-548116192	S2-764573417,S2-163963287,S2-49942811,S2-669879950,S2-332014708,S2-257885603,S2-162849450,S2-164086509,S2-871017791,S2-472544795,S2-967974285,S2-322211984,S2-430379962,S2-648129048,S2-218208532,S2-236577190,S2-755671955,S2-173632166,S2-384219063,S2-232105388,S2-103972023,S2-876721131,S2-957143385,S2-519903945,S3-249416830,S3-493572667,S3-44013376,S3-585479914,S3-791460119,S3-161412777,S3-458988960,S3-113462535,S3-6605683,S3-988710395,S3-899583090,S3-536959514,S3-748452890,S3-306897876,S3-393484059,S3-829024295,S3-833085447,S3-564535893,S3-380295664,S3-189240583,S3-946323575,S3-736041086,S3-961058678,S3-201614402,S3-30824703,S3-311526271,S3-82016851,S3-379984324,S3-406009851,S3-390731898,S3-913950232
S1-551688195	S2-277444929,S2-91305348,S2-428899461,S2-224839523,S2-895116270,S2-635228641,S2-952329168,S2-784592218,S2-280702058,S2-709626608,S2-394314645,S2-308510117,S2-708389947,S2-789302288,S2-797821871,S2-897475107,S2-297926319,S2-679190243,S2-539779970,S2-187514897,S2-946002985,S2-539414515,S2-560043342,S2-268932954,S2-548542163,S2-492786272,S2-100598528,S3-859268022,S3-776815069,S3-298996001,S3-572363539,S3-314969122,S3-335805814,S3-987031930,S3-260366126,S3-447961633,S3-60787735,S3-284546096,S3-301461097,S3-35900036,S3-304581702,S3-787353706,S3-833884099,S3-325154278,S3-451480230,S3-463723999,S3-431503485,S3-604536112,S3-728602891,S3-150068856,S3-564043019,S3-523695838,S3-489913201,S3-552320642,S3-651762109
S1-55333937	S2-277444929,S2-91305348,S2-428899461,S2-224839523,S2-895116270,S2-635228641,S2-952329168,S2-784592218,S2-280702058,S2-709626608,S2-394314645,S2-308510117,S2-708389947,S2-789302288,S2-797821871,S2-897475107,S2-297926319,S2-679190243,S2-539779970,S2-187514897,S2-946002985,S2-539414515,S2-560043342,S2-268932954,S2-548542163,S2-492786272,S2-100598528,S3-859268022,S3-776815069,S3-298996001,S3-572363539,S3-314969122,S3-335805814,S3-987031930,S3-260366126,S3-447961633,S3-60787735,S3-284546096,S3-301461097,S3-35900036,S3-304581702,S3-787353706,S3-833884099,S3-325154278,S3-451480230,S3-463723999,S3-431503485,S3-604536112,S3-728602891,S3-150068856,S3-564043019,S3-523695838,S3-489913201,S3-552320642,S3-651762109
S1-557464657	S2-721031885,S2-868087865,S2-795141272,S2-953098128,S2-669879950,S2-54307441,S2-208005980,S2-187379771,S2-298761341,S2-705827573,S2-265287731,S2-622773844,S2-333785505,S2-556543773,S2-152030787,S2-667620668,S2-563158163,S2-472544795,S2-41847464,S2-475524221,S2-652827281,S2-943996696,S2-878003016,S2-479278257,S2-100101893,S2-533197229,S2-402804051,S2-299258785,S2-489049291,S2-756454257,S2-347017935,S2-989100620,S2-556803824,S2-492879191,S2-1722538,S2-575166296,S2-61330089,S2-790721694,S2-904673479,S2-193995593,S2-811863966,S2-438678740,S2-646516046,S2-828726837,S2-14102665,S2-561226892,S2-681609924,S2-374779945,S2-781397767,S2-957143385,S2-746717750,S2-857071377,S2-482353871,S2-699301561,S2-241726445,S2-131264573,S2-79905632,S3-22467283,S3-578159284,S3-504183980,S3-118652570,S3-551148968,S3-323153716,S3-875583147,S3-444450554,S3-777257171,S3-660160649,S3-51937572,S3-411324695,S3-97933587,S3-940228072,S3-299576808,S3-921372917,S3-961916983,S3-519350515,S3-354096900,S3-369130400,S3-889312836,S3-510778048,S3-81161554,S3-903416633,S3-80323204,S3-257771188,S3-775274701,S3-14718400,S3-783906913,S3-517654841,S3-289677596,S3-325999314,S3-975051187,S3-49672113,S3-980152742,S3-951624052,S3-532479968,S3-593749288,S3-240930945,S3-966369596,S3-861155049,S3-390731898,S3-436725377,S3-114276926,S3-331595551,S3-81212547,S3-800499462,S3-642917160,S3-245133916,S3-300224532,S3-789929510,S3-168396245
S1-557783855	S2-277444929,S2-508602797,S2-684635925,S2-91305348,S2-978126813,S2-349287094,S2-163588551,S2-102309877,S2-224839523,S2-829598251,S2-800014563,S2-67505679,S2-59544689,S2-469073813,S2-435778329,S2-190103142,S2-298914373,S2-628335210,S2-757169960,S2-109121051,S2-541414076,S2-891756213,S2-696635067,S2-971339247,S2-996245861,S2-892923793,S2-308505251,S2-688657051,S2-701787316,S2-709626608,S2-394314645,S2-308510117,S2-708389947,S2-8982199,S2-933278322,S2-131151726,S2-750426664,S2-117672295,S2-549881386,S2-797821871,S2-528205184,S2-516126165,S2-561420173,S2-859321758,S2-37081703,S2-297926319,S2-321398182,S2-554610011,S2-528320338,S2-937703023,S2-679190243,S2-331339262,S2-187514897,S2-946002985,S2-281309190,S2-577969603,S2-449617627,S2-379148212,S2-769858942,S2-532543036,S2-726045392,S2-840538759,S2-898880623,S2-492826161,S2-736787326,S2-382657775,S2-590774517,S2-169597264,S2-165930564,S2-811707035,S2-980846147,S2-252321761,S2-631451351,S2-26324258,S2-100598528,S3-859268022,S3-53737228,S3-45067784,S3-128062172,S3-230314480,S3-878295053,S3-572363539,S3-730662073,S3-891901989,S3-607506773,S3-263247365,S3-232475819,S3-575968805,S3-702183940,S3-92974238,S3-901865937,S3-566328140,S3-797289734,S3-588120445,S3-426545498,S3-367524706,S3-375023535,S3-331944027,S3-169505996,S3-890922145,S3-891626766,S3-136675280,S3-507578619,S3-836927959,S3-260366126,S3-862789788,S3-714994003,S3-32634960,S3-509442398,S3-976681859,S3-190135542,S3-954711163,S3-393744173,S3-460045321,S3-678683280,S3-302901311,S3-465433588,S3-703821326,S3-829490404,S3-896227623,S3-977086194,S3-891618576,S3-479249803,S3-619115665,S3-91294893,S3-104260598,S3-444600693,S3-123694229,S3-197093940,S3-439655728,S3-210818742,S3-918357967,S3-659206129,S3-275360323,S3-968476116,S3-787353706,S3-833884099,S3-26161361,S3-46768096,S3-126982322,S3-548783787,S3-699643086,S3-803003378,S3-459705885,S3-610402578,S3-308631150,S3-408212372,S3-728602891,S3-112942354,S3-960875960,S3-354910039,S3-177049334,S3-551580447,S3-179738152,S3-434491965,S3-564043019,S3-523695838,S3-587791501,S3-312442869,S3-444730740,S3-786831449,S3-364420425,S3-8782083,S3-548914378,S3-651762109
S1-559551054	S2-755671955,S3-181819854,S3-97933587
S1-562989120	S2-277444929,S2-508602797,S2-684635925,S2-91305348,S2-978126813,S2-349287094,S2-163588551,S2-102309877,S2-224839523,S2-829598251,S2-800014563,S2-67505679,S2-59544689,S2-469073813,S2-435778329,S2-190103142,S2-298914373,S2-628335210,S2-757169960,S2-109121051,S2-541414076,S2-891756213,S2-696635067,S2-971339247,S2-996245861,S2-892923793,S2-308505251,S2-688657051,S2-701787316,S2-709626608,S2-394314645,S2-308510117,S2-708389947,S2-8982199,S2-933278322,S2-131151726,S2-750426664,S2-117672295,S2-549881386,S2-797821871,S2-528205184,S2-516126165,S2-561420173,S2-859321758,S2-37081703,S2-297926319,S2-321398182,S2-554610011,S2-528320338,S2-937703023,S2-679190243,S2-331339262,S2-187514897,S2-946002985,S2-281309190,S2-577969603,S2-449617627,S2-379148212,S2-769858942,S2-532543036,S2-726045392,S2-840538759,S2-898880623,S2-492826161,S2-736787326,S2-382657775,S2-590774517,S2-169597264,S2-165930564,S2-811707035,S2-980846147,S2-252321761,S2-631451351,S2-26324258,S2-100598528,S3-859268022,S3-53737228,S3-45067784,S3-128062172,S3-230314480,S3-878295053,S3-572363539,S3-730662073,S3-891901989,S3-607506773,S3-263247365,S3-232475819,S3-575968805,S3-702183940,S3-92974238,S3-901865937,S3-566328140,S3-797289734,S3-588120445,S3-426545498,S3-367524706,S3-375023535,S3-331944027,S3-169505996,S3-890922145,S3-891626766,S3-136675280,S3-507578619,S3-836927959,S3-260366126,S3-862789788,S3-714994003,S3-32634960,S3-509442398,S3-976681859,S3-190135542,S3-954711163,S3-393744173,S3-460045321,S3-678683280,S3-302901311,S3-465433588,S3-703821326,S3-829490404,S3-896227623,S3-977086194,S3-891618576,S3-479249803,S3-619115665,S3-91294893,S3-104260598,S3-444600693,S3-123694229,S3-197093940,S3-439655728,S3-210818742,S3-918357967,S3-659206129,S3-275360323,S3-968476116,S3-787353706,S3-833884099,S3-26161361,S3-46768096,S3-126982322,S3-548783787,S3-699643086,S3-803003378,S3-459705885,S3-610402578,S3-308631150,S3-408212372,S3-728602891,S3-112942354,S3-960875960,S3-354910039,S3-177049334,S3-551580447,S3-179738152,S3-434491965,S3-564043019,S3-523695838,S3-587791501,S3-312442869,S3-444730740,S3-786831449,S3-364420425,S3-548914378,S3-651762109
S1-564729135	S2-508602797,S2-684635925,S2-978126813,S2-349287094,S2-102309877,S2-800014563,S2-67505679,S2-59544689,S2-190103142,S2-298914373,S2-628335210,S2-109121051,S2-541414076,S2-891756213,S2-696635067,S2-971339247,S2-996245861,S2-892923793,S2-308505251,S2-701787316,S2-394314645,S2-8982199,S2-131151726,S2-750426664,S2-117672295,S2-549881386,S2-528205184,S2-561420173,S2-859321758,S2-37081703,S2-321398182,S2-937703023,S2-679190243,S2-331339262,S2-281309190,S2-577969603,S2-840538759,S2-898880623,S2-492826161,S2-736787326,S2-590774517,S2-169597264,S2-631451351,S2-26324258,S3-53737228,S3-45067784,S3-128062172,S3-230314480,S3-878295053,S3-730662073,S3-607506773,S3-263247365,S3-232475819,S3-575968805,S3-92974238,S3-901865937,S3-566328140,S3-797289734,S3-426545498,S3-375023535,S3-331944027,S3-890922145,S3-136675280,S3-507578619,S3-836927959,S3-260366126,S3-862789788,S3-32634960,S3-509442398,S3-460045321,S3-465433588,S3-703821326,S3-829490404,S3-896227623,S3-977086194,S3-479249803,S3-619115665,S3-12915038,S3-91294893,S3-104260598,S3-444600693,S3-123694229,S3-197093940,S3-918357967,S3-659206129,S3-275360323,S3-26161361,S3-46768096,S3-126982322,S3-548783787,S3-803003378,S3-459705885,S3-610402578,S3-308631150,S3-408212372,S3-112942354,S3-960875960,S3-177049334,S3-551580447,S3-179738152,S3-434491965,S3-587791501,S3-444730740,S3-786831449,S3-364420425,S3-548914378,S3-651762109
S1-566012078	S2-277444929,S2-508602797,S2-684635925,S2-91305348,S2-978126813,S2-349287094,S2-163588551,S2-102309877,S2-224839523,S2-829598251,S2-800014563,S2-67505679,S2-59544689,S2-469073813,S2-435778329,S2-190103142,S2-298914373,S2-628335210,S2-757169960,S2-109121051,S2-541414076,S2-891756213,S2-696635067,S2-971339247,S2-996245861,S2-892923793,S2-308505251,S2-688657051,S2-701787316,S2-709626608,S2-394314645,S2-308510117,S2-708389947,S2-8982199,S2-933278322,S2-131151726,S2-750426664,S2-117672295,S2-549881386,S2-797821871,S2-528205184,S2-516126165,S2-561420173,S2-859321758,S2-37081703,S2-297926319,S2-321398182,S2-554610011,S2-528320338,S2-937703023,S2-679190243,S2-331339262,S2-187514897,S2-946002985,S2-281309190,S2-577969603,S2-449617627,S2-379148212,S2-769858942,S2-532543036,S2-726045392,S2-840538759,S2-898880623,S2-492826161,S2-736787326,S2-382657775,S2-590774517,S2-169597264,S2-165930564,S2-811707035,S2-980846147,S2-252321761,S2-631451351,S2-26324258,S2-100598528,S3-859268022,S3-53737228,S3-45067784,S3-128062172,S3-230314480,S3-878295053,S3-572363539,S3-730662073,S3-891901989,S3-607506773,S3-263247365,S3-232475819,S3-575968805,S3-702183940,S3-92974238,S3-901865937,S3-566328140,S3-797289734,S3-588120445,S3-426545498,S3-367524706,S3-375023535,S3-331944027,S3-169505996,S3-890922145,S3-891626766,S3-136675280,S3-507578619,S3-836927959,S3-260366126,S3-862789788,S3-714994003,S3-32634960,S3-509442398,S3-976681859,S3-190135542,S3-954711163,S3-393744173,S3-460045321,S3-678683280,S3-302901311,S3-465433588,S3-703821326,S3-829490404,S3-896227623,S3-977086194,S3-891618576,S3-479249803,S3-619115665,S3-91294893,S3-797756565,S3-104260598,S3-444600693,S3-123694229,S3-197093940,S3-439655728,S3-210818742,S3-918357967,S3-659206129,S3-275360323,S3-968476116,S3-787353706,S3-833884099,S3-26161361,S3-46768096,S3-126982322,S3-548783787,S3-699643086,S3-803003378,S3-459705885,S3-753125827,S3-610402578,S3-308631150,S3-408212372,S3-728602891,S3-112942354,S3-960875960,S3-354910039,S3-177049334,S3-551580447,S3-179738152,S3-434491965,S3-564043019,S3-523695838,S3-587791501,S3-312442869,S3-444730740,S3-786831449,S3-364420425,S3-548914378,S3-651762109
S1-566183725	S2-637500424
S1-567349457	S2-133664209,S2-838526909,S2-162849450,S2-630651352,S2-736654053,S2-784715242,S2-785852339,S2-716687956,S2-114121811,S2-772997011,S3-244694796,S3-804770389,S3-712441242,S3-211164327,S3-240414259,S3-180062010,S3-109335189,S3-94880110,S3-330036890,S3-245133916,S3-69171474
S1-56985694	S2-277444929,S2-508602797,S2-684635925,S2-91305348,S2-978126813,S2-349287094,S2-163588551,S2-102309877,S2-224839523,S2-829598251,S2-800014563,S2-67505679,S2-59544689,S2-469073813,S2-435778329,S2-190103142,S2-298914373,S2-628335210,S2-757169960,S2-109121051,S2-541414076,S2-891756213,S2-696635067,S2-971339247,S2-996245861,S2-892923793,S2-308505251,S2-688657051,S2-701787316,S2-709626608,S2-394314645,S2-308510117,S2-708389947,S2-8982199,S2-933278322,S2-131151726,S2-750426664,S2-117672295,S2-549881386,S2-797821871,S2-528205184,S2-516126165,S2-561420173,S2-859321758,S2-37081703,S2-297926319,S2-321398182,S2-554610011,S2-528320338,S2-937703023,S2-679190243,S2-331339262,S2-187514897,S2-946002985,S2-281309190,S2-577969603,S2-449617627,S2-379148212,S2-769858942,S2-532543036,S2-726045392,S2-840538759,S2-898880623,S2-492826161,S2-736787326,S2-382657775,S2-590774517,S2-169597264,S2-165930564,S2-811707035,S2-980846147,S2-252321761,S2-631451351,S2-26324258,S2-100598528,S3-859268022,S3-53737228,S3-45067784,S3-128062172,S3-230314480,S3-878295053,S3-572363539,S3-730662073,S3-891901989,S3-607506773,S3-263247365,S3-232475819,S3-575968805,S3-702183940,S3-92974238,S3-901865937,S3-566328140,S3-797289734,S3-588120445,S3-426545498,S3-367524706,S3-375023535,S3-331944027,S3-169505996,S3-890922145,S3-891626766,S3-136675280,S3-507578619,S3-836927959,S3-260366126,S3-862789788,S3-714994003,S3-32634960,S3-509442398,S3-976681859,S3-190135542,S3-954711163,S3-393744173,S3-460045321,S3-678683280,S3-302901311,S3-465433588,S3-703821326,S3-829490404,S3-896227623,S3-977086194,S3-891618576,S3-479249803,S3-619115665,S3-91294893,S3-104260598,S3-444600693,S3-123694229,S3-197093940,S3-439655728,S3-210818742,S3-918357967,S3-659206129,S3-275360323,S3-968476116,S3-787353706,S3-833884099,S3-26161361,S3-46768096,S3-126982322,S3-548783787,S3-699643086,S3-803003378,S3-459705885,S3-610402578,S3-308631150,S3-408212372,S3-728602891,S3-112942354,S3-960875960,S3-354910039,S3-177049334,S3-551580447,S3-179738152,S3-434491965,S3-564043019,S3-523695838,S3-587791501,S3-312442869,S3-444730740,S3-786831449,S3-364420425,S3-548914378,S3-651762109
S1-572490154	S2-277444929,S2-91305348,S2-428899461,S2-224839523,S2-895116270,S2-635228641,S2-952329168,S2-784592218,S2-971339247,S2-280702058,S2-709626608,S2-308510117,S2-708389947,S2-789302288,S2-797821871,S2-64301738,S2-859321758,S2-297926319,S2-539779970,S2-187514897,S2-946002985,S2-560043342,S2-548542163,S2-492786272,S2-100598528,S3-859268022,S3-776815069,S3-298996001,S3-572363539,S3-314969122,S3-335805814,S3-169505996,S3-284546096,S3-301461097,S3-182906686,S3-104260598,S3-35900036,S3-304581702,S3-787353706,S3-833884099,S3-451480230,S3-431503485,S3-604536112,S3-728602891,S3-150068856,S3-564043019,S3-523695838,S3-552320642
S1-576153543	S2-628335210,S3-74613320,S3-375023535,S3-401809170,S3-190596250
S1-576857452	S2-277444929,S2-508602797,S2-684635925,S2-91305348,S2-978126813,S2-349287094,S2-163588551,S2-102309877,S2-224839523,S2-829598251,S2-800014563,S2-67505679,S2-59544689,S2-469073813,S2-435778329,S2-190103142,S2-298914373,S2-628335210,S2-757169960,S2-109121051,S2-541414076,S2-891756213,S2-696635067,S2-971339247,S2-996245861,S2-892923793,S2-308505251,S2-688657051,S2-701787316,S2-709626608,S2-394314645,S2-308510117,S2-708389947,S2-8982199,S2-933278322,S2-131151726,S2-750426664,S2-117672295,S2-549881386,S2-797821871,S2-528205184,S2-516126165,S2-561420173,S2-859321758,S2-37081703,S2-297926319,S2-321398182,S2-554610011,S2-528320338,S2-937703023,S2-679190243,S2-331339262,S2-187514897,S2-946002985,S2-281309190,S2-577969603,S2-449617627,S2-379148212,S2-769858942,S2-532543036,S2-726045392,S2-840538759,S2-898880623,S2-492826161,S2-736787326,S2-382657775,S2-590774517,S2-169597264,S2-165930564,S2-811707035,S2-980846147,S2-252321761,S2-631451351,S2-26324258,S2-100598528,S3-859268022,S3-53737228,S3-45067784,S3-128062172,S3-230314480,S3-878295053,S3-572363539,S3-730662073,S3-891901989,S3-607506773,S3-263247365,S3-232475819,S3-575968805,S3-702183940,S3-92974238,S3-901865937,S3-566328140,S3-797289734,S3-588120445,S3-426545498,S3-367524706,S3-375023535,S3-331944027,S3-169505996,S3-890922145,S3-891626766,S3-136675280,S3-507578619,S3-836927959,S3-260366126,S3-862789788,S3-714994003,S3-32634960,S3-509442398,S3-976681859,S3-190135542,S3-954711163,S3-393744173,S3-460045321,S3-678683280,S3-302901311,S3-465433588,S3-703821326,S3-829490404,S3-896227623,S3-977086194,S3-891618576,S3-479249803,S3-619115665,S3-91294893,S3-104260598,S3-444600693,S3-123694229,S3-197093940,S3-439655728,S3-210818742,S3-918357967,S3-659206129,S3-275360323,S3-968476116,S3-787353706,S3-833884099,S3-26161361,S3-46768096,S3-126982322,S3-548783787,S3-699643086,S3-803003378,S3-459705885,S3-610402578,S3-308631150,S3-408212372,S3-728602891,S3-112942354,S3-960875960,S3-354910039,S3-177049334,S3-551580447,S3-179738152,S3-434491965,S3-564043019,S3-523695838,S3-587791501,S3-312442869,S3-444730740,S3-786831449,S3-364420425,S3-548914378,S3-651762109
S1-579617619	S2-721031885,S2-868087865,S2-795141272,S2-953098128,S2-54307441,S2-208005980,S2-912941112,S2-187379771,S2-705827573,S2-265287731,S2-622773844,S2-333785505,S2-556543773,S2-91704178,S2-152030787,S2-667620668,S2-563158163,S2-41847464,S2-475524221,S2-736654053,S2-652827281,S2-322211984,S2-943996696,S2-878003016,S2-533197229,S2-402804051,S2-450266205,S2-299258785,S2-489049291,S2-756454257,S2-347017935,S2-716687956,S2-956608424,S2-989100620,S2-556803824,S2-713920891,S2-1722538,S2-575166296,S2-61330089,S2-790721694,S2-193995593,S2-811863966,S2-438678740,S2-646516046,S2-828726837,S2-14102665,S2-681609924,S2-772997011,S2-374779945,S2-781397767,S2-857071377,S2-482353871,S2-699301561,S2-241726445,S2-131264573,S2-519903945,S2-79905632,S3-22467283,S3-578159284,S3-504183980,S3-118652570,S3-973629095,S3-181819854,S3-323153716,S3-875583147,S3-444450554,S3-660160649,S3-51937572,S3-411324695,S3-97933587,S3-299576808,S3-921372917,S3-961916983,S3-519350515,S3-354096900,S3-369130400,S3-889312836,S3-510778048,S3-81161554,S3-903416633,S3-80323204,S3-8222959,S3-257771188,S3-568617496,S3-775274701,S3-899583090,S3-783906913,S3-289677596,S3-325999314,S3-975051187,S3-180062010,S3-49672113,S3-951624052,S3-532479968,S3-390090152,S3-593749288,S3-210476563,S3-240930945,S3-966369596,S3-736041086,S3-330036890,S3-861155049,S3-331595551,S3-81212547,S3-800499462,S3-642917160,S3-754421830,S3-300224532,S3-789929510
S1-580254632	S2-277444929,S2-91305348,S2-428899461,S2-224839523,S2-829598251,S2-895116270,S2-635228641,S2-952329168,S2-784592218,S2-280702058,S2-688657051,S2-709626608,S2-728928259,S2-394314645,S2-308510117,S2-708389947,S2-258702122,S2-789302288,S2-797821871,S2-897475107,S2-297926319,S2-850499815,S2-679190243,S2-552487507,S2-539779970,S2-160694137,S2-187514897,S2-946002985,S2-878134898,S2-539414515,S2-560043342,S2-268932954,S2-548542163,S2-492786272,S2-100598528,S3-859268022,S3-776815069,S3-298996001,S3-572363539,S3-314969122,S3-335805814,S3-987031930,S3-92974238,S3-136675280,S3-507578619,S3-260366126,S3-447961633,S3-60787735,S3-284546096,S3-301461097,S3-35900036,S3-304581702,S3-787353706,S3-833884099,S3-325154278,S3-451480230,S3-463723999,S3-431503485,S3-604536112,S3-728602891,S3-150068856,S3-564043019,S3-523695838,S3-444730740,S3-489913201,S3-552320642,S3-651762109
S1-580966525	S2-277444929,S2-508602797,S2-684635925,S2-91305348,S2-978126813,S2-349287094,S2-163588551,S2-102309877,S2-224839523,S2-829598251,S2-800014563,S2-67505679,S2-59544689,S2-469073813,S2-435778329,S2-190103142,S2-298914373,S2-628335210,S2-757169960,S2-109121051,S2-541414076,S2-891756213,S2-696635067,S2-971339247,S2-996245861,S2-892923793,S2-308505251,S2-688657051,S2-701787316,S2-709626608,S2-394314645,S2-308510117,S2-708389947,S2-8982199,S2-933278322,S2-131151726,S2-750426664,S2-117672295,S2-549881386,S2-797821871,S2-528205184,S2-516126165,S2-561420173,S2-859321758,S2-37081703,S2-297926319,S2-321398182,S2-554610011,S2-528320338,S2-937703023,S2-679190243,S2-331339262,S2-187514897,S2-946002985,S2-281309190,S2-577969603,S2-449617627,S2-379148212,S2-769858942,S2-532543036,S2-726045392,S2-840538759,S2-898880623,S2-492826161,S2-736787326,S2-382657775,S2-590774517,S2-169597264,S2-165930564,S2-811707035,S2-980846147,S2-252321761,S2-631451351,S2-26324258,S2-100598528,S3-859268022,S3-53737228,S3-45067784,S3-128062172,S3-230314480,S3-878295053,S3-572363539,S3-730662073,S3-891901989,S3-607506773,S3-263247365,S3-232475819,S3-575968805,S3-702183940,S3-92974238,S3-901865937,S3-566328140,S3-797289734,S3-588120445,S3-426545498,S3-367524706,S3-375023535,S3-331944027,S3-169505996,S3-890922145,S3-891626766,S3-136675280,S3-507578619,S3-836927959,S3-260366126,S3-862789788,S3-714994003,S3-32634960,S3-509442398,S3-976681859,S3-190135542,S3-954711163,S3-393744173,S3-460045321,S3-678683280,S3-302901311,S3-465433588,S3-703821326,S3-829490404,S3-896227623,S3-977086194,S3-891618576,S3-479249803,S3-619115665,S3-91294893,S3-104260598,S3-444600693,S3-123694229,S3-197093940,S3-439655728,S3-210818742,S3-918357967,S3-659206129,S3-275360323,S3-968476116,S3-787353706,S3-833884099,S3-26161361,S3-46768096,S3-126982322,S3-548783787,S3-699643086,S3-803003378,S3-459705885,S3-610402578,S3-308631150,S3-408212372,S3-728602891,S3-112942354,S3-960875960,S3-354910039,S3-177049334,S3-551580447,S3-179738152,S3-434491965,S3-564043019,S3-523695838,S3-587791501,S3-312442869,S3-444730740,S3-786831449,S3-364420425,S3-548914378,S3-651762109
S1-581797355	S2-277444929,S2-508602797,S2-684635925,S2-91305348,S2-978126813,S2-349287094,S2-163588551,S2-102309877,S2-224839523,S2-829598251,S2-800014563,S2-67505679,S2-59544689,S2-469073813,S2-435778329,S2-190103142,S2-298914373,S2-628335210,S2-757169960,S2-109121051,S2-541414076,S2-891756213,S2-696635067,S2-971339247,S2-996245861,S2-892923793,S2-308505251,S2-688657051,S2-701787316,S2-709626608,S2-394314645,S2-308510117,S2-708389947,S2-8982199,S2-933278322,S2-131151726,S2-750426664,S2-117672295,S2-549881386,S2-797821871,S2-528205184,S2-516126165,S2-561420173,S2-859321758,S2-37081703,S2-297926319,S2-321398182,S2-554610011,S2-528320338,S2-937703023,S2-679190243,S2-331339262,S2-187514897,S2-946002985,S2-281309190,S2-577969603,S2-449617627,S2-379148212,S2-769858942,S2-532543036,S2-726045392,S2-840538759,S2-898880623,S2-492826161,S2-736787326,S2-382657775,S2-590774517,S2-169597264,S2-165930564,S2-811707035,S2-980846147,S2-252321761,S2-631451351,S2-26324258,S2-100598528,S3-859268022,S3-53737228,S3-45067784,S3-128062172,S3-230314480,S3-878295053,S3-572363539,S3-730662073,S3-891901989,S3-607506773,S3-263247365,S3-232475819,S3-575968805,S3-702183940,S3-92974238,S3-901865937,S3-566328140,S3-797289734,S3-588120445,S3-426545498,S3-367524706,S3-375023535,S3-331944027,S3-169505996,S3-890922145,S3-891626766,S3-136675280,S3-507578619,S3-836927959,S3-260366126,S3-862789788,S3-714994003,S3-32634960,S3-509442398,S3-976681859,S3-190135542,S3-954711163,S3-393744173,S3-460045321,S3-678683280,S3-302901311,S3-465433588,S3-703821326,S3-829490404,S3-896227623,S3-977086194,S3-891618576,S3-479249803,S3-619115665,S3-91294893,S3-104260598,S3-444600693,S3-123694229,S3-197093940,S3-439655728,S3-210818742,S3-918357967,S3-659206129,S3-275360323,S3-968476116,S3-787353706,S3-833884099,S3-26161361,S3-46768096,S3-126982322,S3-548783787,S3-699643086,S3-803003378,S3-459705885,S3-610402578,S3-308631150,S3-408212372,S3-728602891,S3-112942354,S3-960875960,S3-354910039,S3-177049334,S3-551580447,S3-179738152,S3-434491965,S3-564043019,S3-523695838,S3-587791501,S3-312442869,S3-444730740,S3-786831449,S3-364420425,S3-548914378,S3-651762109
S1-584442364	S3-306170136
S1-590082446	S2-277444929,S2-508602797,S2-684635925,S2-91305348,S2-978126813,S2-349287094,S2-163588551,S2-102309877,S2-224839523,S2-829598251,S2-800014563,S2-67505679,S2-59544689,S2-469073813,S2-435778329,S2-190103142,S2-298914373,S2-628335210,S2-757169960,S2-109121051,S2-541414076,S2-891756213,S2-696635067,S2-971339247,S2-996245861,S2-892923793,S2-308505251,S2-688657051,S2-701787316,S2-709626608,S2-394314645,S2-308510117,S2-708389947,S2-8982199,S2-933278322,S2-131151726,S2-750426664,S2-117672295,S2-549881386,S2-797821871,S2-528205184,S2-516126165,S2-561420173,S2-859321758,S2-37081703,S2-297926319,S2-321398182,S2-554610011,S2-528320338,S2-937703023,S2-679190243,S2-331339262,S2-187514897,S2-946002985,S2-281309190,S2-577969603,S2-449617627,S2-379148212,S2-769858942,S2-532543036,S2-726045392,S2-840538759,S2-898880623,S2-492826161,S2-736787326,S2-382657775,S2-590774517,S2-169597264,S2-165930564,S2-811707035,S2-980846147,S2-252321761,S2-631451351,S2-26324258,S2-100598528,S3-859268022,S3-53737228,S3-45067784,S3-128062172,S3-230314480,S3-878295053,S3-572363539,S3-730662073,S3-891901989,S3-607506773,S3-263247365,S3-232475819,S3-575968805,S3-702183940,S3-92974238,S3-901865937,S3-566328140,S3-797289734,S3-588120445,S3-426545498,S3-367524706,S3-375023535,S3-331944027,S3-169505996,S3-890922145,S3-891626766,S3-136675280,S3-507578619,S3-836927959,S3-260366126,S3-862789788,S3-714994003,S3-32634960,S3-509442398,S3-976681859,S3-190135542,S3-954711163,S3-393744173,S3-460045321,S3-678683280,S3-302901311,S3-465433588,S3-703821326,S3-829490404,S3-896227623,S3-977086194,S3-891618576,S3-479249803,S3-619115665,S3-91294893,S3-104260598,S3-444600693,S3-123694229,S3-197093940,S3-439655728,S3-210818742,S3-918357967,S3-659206129,S3-275360323,S3-968476116,S3-787353706,S3-833884099,S3-26161361,S3-46768096,S3-126982322,S3-548783787,S3-699643086,S3-803003378,S3-459705885,S3-610402578,S3-308631150,S3-408212372,S3-728602891,S3-112942354,S3-960875960,S3-354910039,S3-177049334,S3-551580447,S3-179738152,S3-434491965,S3-564043019,S3-523695838,S3-587791501,S3-312442869,S3-444730740,S3-786831449,S3-364420425,S3-548914378,S3-651762109
S1-590134263	S2-623817123,S2-537858187,S2-962270896,S3-315861895,S3-82016851
S1-596450212	S2-277444929,S2-508602797,S2-684635925,S2-91305348,S2-978126813,S2-349287094,S2-163588551,S2-102309877,S2-224839523,S2-829598251,S2-800014563,S2-67505679,S2-59544689,S2-469073813,S2-435778329,S2-190103142,S2-298914373,S2-628335210,S2-757169960,S2-109121051,S2-541414076,S2-891756213,S2-696635067,S2-971339247,S2-996245861,S2-892923793,S2-308505251,S2-688657051,S2-701787316,S2-709626608,S2-394314645,S2-308510117,S2-708389947,S2-8982199,S2-933278322,S2-131151726,S2-750426664,S2-117672295,S2-549881386,S2-797821871,S2-528205184,S2-516126165,S2-561420173,S2-859321758,S2-37081703,S2-297926319,S2-321398182,S2-554610011,S2-528320338,S2-937703023,S2-679190243,S2-331339262,S2-187514897,S2-946002985,S2-281309190,S2-577969603,S2-449617627,S2-379148212,S2-769858942,S2-532543036,S2-726045392,S2-840538759,S2-898880623,S2-492826161,S2-736787326,S2-382657775,S2-590774517,S2-169597264,S2-165930564,S2-811707035,S2-980846147,S2-252321761,S2-631451351,S2-26324258,S2-100598528,S3-859268022,S3-53737228,S3-45067784,S3-128062172,S3-230314480,S3-878295053,S3-572363539,S3-730662073,S3-891901989,S3-607506773,S3-263247365,S3-232475819,S3-575968805,S3-702183940,S3-92974238,S3-901865937,S3-566328140,S3-797289734,S3-588120445,S3-426545498,S3-367524706,S3-375023535,S3-331944027,S3-169505996,S3-890922145,S3-891626766,S3-136675280,S3-507578619,S3-836927959,S3-260366126,S3-862789788,S3-714994003,S3-32634960,S3-509442398,S3-976681859,S3-190135542,S3-954711163,S3-393744173,S3-460045321,S3-678683280,S3-302901311,S3-465433588,S3-703821326,S3-829490404,S3-896227623,S3-977086194,S3-891618576,S3-479249803,S3-619115665,S3-91294893,S3-104260598,S3-444600693,S3-123694229,S3-197093940,S3-439655728,S3-210818742,S3-918357967,S3-659206129,S3-275360323,S3-968476116,S3-787353706,S3-833884099,S3-26161361,S3-46768096,S3-126982322,S3-548783787,S3-699643086,S3-803003378,S3-459705885,S3-610402578,S3-308631150,S3-408212372,S3-728602891,S3-112942354,S3-960875960,S3-354910039,S3-177049334,S3-551580447,S3-179738152,S3-995040589,S3-434491965,S3-564043019,S3-523695838,S3-587791501,S3-312442869,S3-444730740,S3-786831449,S3-364420425,S3-548914378,S3-651762109
S1-597762257	S2-277444929,S2-508602797,S2-684635925,S2-91305348,S2-978126813,S2-349287094,S2-163588551,S2-102309877,S2-224839523,S2-829598251,S2-800014563,S2-67505679,S2-59544689,S2-469073813,S2-435778329,S2-190103142,S2-298914373,S2-628335210,S2-757169960,S2-109121051,S2-541414076,S2-891756213,S2-696635067,S2-971339247,S2-996245861,S2-892923793,S2-308505251,S2-688657051,S2-701787316,S2-709626608,S2-394314645,S2-308510117,S2-708389947,S2-8982199,S2-933278322,S2-131151726,S2-750426664,S2-117672295,S2-549881386,S2-797821871,S2-528205184,S2-516126165,S2-561420173,S2-859321758,S2-37081703,S2-297926319,S2-321398182,S2-554610011,S2-528320338,S2-937703023,S2-679190243,S2-331339262,S2-187514897,S2-946002985,S2-281309190,S2-577969603,S2-449617627,S2-379148212,S2-769858942,S2-532543036,S2-726045392,S2-840538759,S2-898880623,S2-492826161,S2-736787326,S2-382657775,S2-590774517,S2-169597264,S2-165930564,S2-811707035,S2-980846147,S2-252321761,S2-631451351,S2-26324258,S2-100598528,S3-859268022,S3-53737228,S3-45067784,S3-128062172,S3-230314480,S3-878295053,S3-726575561,S3-572363539,S3-730662073,S3-891901989,S3-607506773,S3-263247365,S3-232475819,S3-575968805,S3-702183940,S3-92974238,S3-901865937,S3-566328140,S3-797289734,S3-588120445,S3-426545498,S3-367524706,S3-375023535,S3-331944027,S3-169505996,S3-890922145,S3-891626766,S3-136675280,S3-507578619,S3-836927959,S3-260366126,S3-862789788,S3-714994003,S3-32634960,S3-509442398,S3-976681859,S3-190135542,S3-954711163,S3-393744173,S3-460045321,S3-678683280,S3-302901311,S3-465433588,S3-703821326,S3-829490404,S3-896227623,S3-977086194,S3-891618576,S3-479249803,S3-619115665,S3-91294893,S3-104260598,S3-444600693,S3-123694229,S3-197093940,S3-439655728,S3-210818742,S3-918357967,S3-659206129,S3-275360323,S3-968476116,S3-787353706,S3-833884099,S3-26161361,S3-46768096,S3-126982322,S3-548783787,S3-699643086,S3-803003378,S3-459705885,S3-610402578,S3-308631150,S3-408212372,S3-728602891,S3-112942354,S3-960875960,S3-354910039,S3-177049334,S3-551580447,S3-179738152,S3-434491965,S3-564043019,S3-523695838,S3-587791501,S3-312442869,S3-444730740,S3-786831449,S3-364420425,S3-548914378,S3-651762109
S1-599703679	S2-944853638,S2-968244171,S2-374185954,S2-100101893,S2-440137459,S2-532353401,S2-568026492,S2-918763928,S2-934037681,S2-867034949,S3-431610666,S3-192817070,S3-14718400,S3-37104459,S3-7812561,S3-913436639
S1-601945198	S2-763108962,S2-223038034,S2-722166534,S2-701477103,S2-605633090,S2-728928259,S2-243813488,S2-34449822,S2-785139940,S2-747145329,S3-12915038,S3-682142621,S3-461388509,S3-960702922,S3-709021698,S3-995040589
S1-602775749	S2-673704658,S2-457500956,S2-867614780,S2-56744275,S2-537858187,S2-402816014,S2-5405243,S2-630651352,S2-64137184,S2-103317508,S2-589492301,S2-792661362,S2-811863966,S3-181819854,S3-299576808,S3-161412777,S3-269888656,S3-903416633,S3-761438523,S3-637595241,S3-75056814,S3-80888417,S3-4573520,S3-11263883,S3-738431506,S3-913950232
S1-602913883	S2-721031885,S2-868087865,S2-795141272,S2-953098128,S2-54307441,S2-208005980,S2-187379771,S2-705827573,S2-265287731,S2-622773844,S2-333785505,S2-556543773,S2-152030787,S2-667620668,S2-563158163,S2-41847464,S2-475524221,S2-652827281,S2-943996696,S2-878003016,S2-533197229,S2-402804051,S2-299258785,S2-489049291,S2-756454257,S2-347017935,S2-989100620,S2-161047745,S2-556803824,S2-1722538,S2-575166296,S2-61330089,S2-790721694,S2-193995593,S2-811863966,S2-438678740,S2-646516046,S2-828726837,S2-14102665,S2-681609924,S2-374779945,S2-781397767,S2-327203402,S2-857071377,S2-482353871,S2-699301561,S2-241726445,S2-131264573,S2-79905632,S3-22467283,S3-578159284,S3-504183980,S3-118652570,S3-323153716,S3-875583147,S3-444450554,S3-660160649,S3-51937572,S3-411324695,S3-97933587,S3-299576808,S3-921372917,S3-288750155,S3-961916983,S3-519350515,S3-354096900,S3-369130400,S3-889312836,S3-510778048,S3-81161554,S3-903416633,S3-80323204,S3-257771188,S3-775274701,S3-77329533,S3-783906913,S3-289677596,S3-325999314,S3-975051187,S3-112379453,S3-49672113,S3-951624052,S3-532479968,S3-593749288,S3-240930945,S3-966369596,S3-861155049,S3-331595551,S3-81212547,S3-800499462,S3-642917160,S3-300224532,S3-789929510
S1-606480359	S2-277444929,S2-508602797,S2-684635925,S2-91305348,S2-978126813,S2-349287094,S2-163588551,S2-102309877,S2-224839523,S2-829598251,S2-800014563,S2-67505679,S2-59544689,S2-469073813,S2-435778329,S2-190103142,S2-298914373,S2-628335210,S2-757169960,S2-109121051,S2-541414076,S2-891756213,S2-696635067,S2-971339247,S2-996245861,S2-892923793,S2-308505251,S2-688657051,S2-701787316,S2-709626608,S2-394314645,S2-308510117,S2-708389947,S2-8982199,S2-933278322,S2-131151726,S2-750426664,S2-117672295,S2-549881386,S2-797821871,S2-528205184,S2-516126165,S2-64301738,S2-561420173,S2-859321758,S2-37081703,S2-297926319,S2-321398182,S2-554610011,S2-528320338,S2-937703023,S2-679190243,S2-331339262,S2-187514897,S2-946002985,S2-281309190,S2-577969603,S2-449617627,S2-379148212,S2-769858942,S2-532543036,S2-726045392,S2-840538759,S2-898880623,S2-492826161,S2-736787326,S2-382657775,S2-590774517,S2-169597264,S2-165930564,S2-811707035,S2-980846147,S2-252321761,S2-631451351,S2-26324258,S2-100598528,S3-859268022,S3-53737228,S3-45067784,S3-128062172,S3-230314480,S3-878295053,S3-572363539,S3-314969122,S3-730662073,S3-891901989,S3-607506773,S3-263247365,S3-232475819,S3-575968805,S3-702183940,S3-92974238,S3-901865937,S3-566328140,S3-797289734,S3-588120445,S3-426545498,S3-367524706,S3-375023535,S3-331944027,S3-169505996,S3-890922145,S3-891626766,S3-136675280,S3-507578619,S3-836927959,S3-260366126,S3-862789788,S3-714994003,S3-32634960,S3-509442398,S3-976681859,S3-190135542,S3-954711163,S3-393744173,S3-460045321,S3-678683280,S3-302901311,S3-465433588,S3-703821326,S3-829490404,S3-896227623,S3-977086194,S3-891618576,S3-479249803,S3-619115665,S3-91294893,S3-182906686,S3-104260598,S3-444600693,S3-123694229,S3-197093940,S3-439655728,S3-210818742,S3-918357967,S3-659206129,S3-275360323,S3-968476116,S3-787353706,S3-833884099,S3-26161361,S3-46768096,S3-126982322,S3-548783787,S3-699643086,S3-803003378,S3-459705885,S3-610402578,S3-308631150,S3-408212372,S3-728602891,S3-112942354,S3-960875960,S3-354910039,S3-177049334,S3-551580447,S3-179738152,S3-434491965,S3-564043019,S3-523695838,S3-587791501,S3-312442869,S3-444730740,S3-786831449,S3-364420425,S3-548914378,S3-651762109
S1-610266870	S2-508602797,S2-684635925,S2-978126813,S2-349287094,S2-102309877,S2-224839523,S2-800014563,S2-67505679,S2-59544689,S2-190103142,S2-298914373,S2-628335210,S2-109121051,S2-541414076,S2-891756213,S2-696635067,S2-971339247,S2-996245861,S2-892923793,S2-308505251,S2-701787316,S2-394314645,S2-8982199,S2-131151726,S2-750426664,S2-117672295,S2-549881386,S2-528205184,S2-561420173,S2-859321758,S2-37081703,S2-321398182,S2-937703023,S2-679190243,S2-331339262,S2-281309190,S2-577969603,S2-769858942,S2-840538759,S2-898880623,S2-492826161,S2-736787326,S2-590774517,S2-169597264,S2-631451351,S2-26324258,S3-53737228,S3-45067784,S3-128062172,S3-230314480,S3-878295053,S3-730662073,S3-607506773,S3-263247365,S3-232475819,S3-575968805,S3-92974238,S3-901865937,S3-566328140,S3-797289734,S3-426545498,S3-375023535,S3-331944027,S3-890922145,S3-136675280,S3-507578619,S3-836927959,S3-260366126,S3-862789788,S3-32634960,S3-509442398,S3-460045321,S3-465433588,S3-703821326,S3-829490404,S3-896227623,S3-977086194,S3-479249803,S3-619115665,S3-91294893,S3-104260598,S3-444600693,S3-123694229,S3-197093940,S3-918357967,S3-659206129,S3-275360323,S3-26161361,S3-46768096,S3-126982322,S3-548783787,S3-803003378,S3-459705885,S3-610402578,S3-308631150,S3-408212372,S3-112942354,S3-960875960,S3-177049334,S3-551580447,S3-179738152,S3-995040589,S3-434491965,S3-587791501,S3-444730740,S3-786831449,S3-364420425,S3-548914378,S3-651762109
S1-612217752	S2-721031885,S2-868087865,S2-795141272,S2-953098128,S2-54307441,S2-208005980,S2-187379771,S2-705827573,S2-265287731,S2-622773844,S2-333785505,S2-556543773,S2-152030787,S2-667620668,S2-35158435,S2-563158163,S2-41847464,S2-475524221,S2-652827281,S2-149356677,S2-943996696,S2-878003016,S2-533197229,S2-402804051,S2-299258785,S2-489049291,S2-756454257,S2-347017935,S2-989100620,S2-556803824,S2-1722538,S2-575166296,S2-61330089,S2-790721694,S2-193995593,S2-811863966,S2-438678740,S2-646516046,S2-828726837,S2-14102665,S2-681609924,S2-374779945,S2-781397767,S2-857071377,S2-482353871,S2-699301561,S2-241726445,S2-131264573,S2-79905632,S3-22467283,S3-578159284,S3-504183980,S3-118652570,S3-323153716,S3-875583147,S3-444450554,S3-660160649,S3-51937572,S3-411324695,S3-97933587,S3-299576808,S3-921372917,S3-961916983,S3-519350515,S3-354096900,S3-369130400,S3-889312836,S3-510778048,S3-81161554,S3-903416633,S3-80323204,S3-257771188,S3-775274701,S3-783906913,S3-289677596,S3-325999314,S3-975051187,S3-49672113,S3-951624052,S3-532479968,S3-593749288,S3-240930945,S3-966369596,S3-861155049,S3-331595551,S3-81212547,S3-800499462,S3-642917160,S3-300224532,S3-789929510
S1-613598143	S2-764573417,S2-163963287,S2-49942811,S2-669879950,S2-332014708,S2-257885603,S2-162849450,S2-164086509,S2-871017791,S2-472544795,S2-967974285,S2-322211984,S2-430379962,S2-648129048,S2-218208532,S2-236577190,S2-755671955,S2-173632166,S2-384219063,S2-232105388,S2-103972023,S2-876721131,S2-957143385,S2-519903945,S3-249416830,S3-493572667,S3-44013376,S3-585479914,S3-791460119,S3-161412777,S3-458988960,S3-113462535,S3-6605683,S3-988710395,S3-899583090,S3-536959514,S3-748452890,S3-306897876,S3-393484059,S3-829024295,S3-833085447,S3-564535893,S3-380295664,S3-189240583,S3-946323575,S3-736041086,S3-961058678,S3-201614402,S3-30824703,S3-311526271,S3-82016851,S3-379984324,S3-406009851,S3-390731898,S3-913950232
S1-615455408	S2-721031885,S2-868087865,S2-795141272,S2-953098128,S2-669879950,S2-54307441,S2-208005980,S2-187379771,S2-751730544,S2-298761341,S2-705827573,S2-265287731,S2-622773844,S2-333785505,S2-556543773,S2-152030787,S2-667620668,S2-563158163,S2-472544795,S2-41847464,S2-475524221,S2-736654053,S2-652827281,S2-943996696,S2-878003016,S2-479278257,S2-100101893,S2-533197229,S2-402804051,S2-299258785,S2-489049291,S2-756454257,S2-347017935,S2-989100620,S2-556803824,S2-492879191,S2-1722538,S2-575166296,S2-61330089,S2-790721694,S2-904673479,S2-193995593,S2-811863966,S2-438678740,S2-646516046,S2-828726837,S2-14102665,S2-681609924,S2-772997011,S2-374779945,S2-781397767,S2-957143385,S2-746717750,S2-857071377,S2-482353871,S2-764430935,S2-699301561,S2-241726445,S2-131264573,S2-79905632,S3-22467283,S3-578159284,S3-504183980,S3-118652570,S3-551148968,S3-323153716,S3-875583147,S3-444450554,S3-309601238,S3-777257171,S3-660160649,S3-51937572,S3-411324695,S3-97933587,S3-940228072,S3-299576808,S3-921372917,S3-961916983,S3-519350515,S3-354096900,S3-369130400,S3-429776213,S3-889312836,S3-510778048,S3-81161554,S3-903416633,S3-80323204,S3-257771188,S3-775274701,S3-14718400,S3-783906913,S3-517654841,S3-289677596,S3-325999314,S3-975051187,S3-748452890,S3-49672113,S3-980152742,S3-951624052,S3-532479968,S3-593749288,S3-240930945,S3-966369596,S3-861155049,S3-390731898,S3-436725377,S3-114276926,S3-331595551,S3-81212547,S3-800499462,S3-642917160,S3-245133916,S3-300224532,S3-789929510,S3-168396245
S1-615738219	S2-277444929,S2-508602797,S2-684635925,S2-91305348,S2-978126813,S2-349287094,S2-163588551,S2-102309877,S2-224839523,S2-223038034,S2-829598251,S2-800014563,S2-67505679,S2-59544689,S2-469073813,S2-435778329,S2-190103142,S2-298914373,S2-628335210,S2-757169960,S2-109121051,S2-541414076,S2-891756213,S2-696635067,S2-971339247,S2-996245861,S2-892923793,S2-308505251,S2-688657051,S2-701787316,S2-709626608,S2-728928259,S2-394314645,S2-308510117,S2-708389947,S2-8982199,S2-933278322,S2-131151726,S2-750426664,S2-117672295,S2-549881386,S2-797821871,S2-528205184,S2-516126165,S2-561420173,S2-859321758,S2-37081703,S2-297926319,S2-321398182,S2-554610011,S2-528320338,S2-937703023,S2-679190243,S2-331339262,S2-187514897,S2-946002985,S2-281309190,S2-577969603,S2-449617627,S2-379148212,S2-769858942,S2-532543036,S2-726045392,S2-840538759,S2-898880623,S2-492826161,S2-736787326,S2-382657775,S2-590774517,S2-169597264,S2-165930564,S2-811707035,S2-980846147,S2-252321761,S2-631451351,S2-492786272,S2-26324258,S2-100598528,S3-859268022,S3-53737228,S3-45067784,S3-128062172,S3-230314480,S3-878295053,S3-725749046,S3-572363539,S3-730662073,S3-891901989,S3-607506773,S3-263247365,S3-232475819,S3-575968805,S3-702183940,S3-92974238,S3-901865937,S3-566328140,S3-797289734,S3-588120445,S3-426545498,S3-367524706,S3-375023535,S3-331944027,S3-169505996,S3-890922145,S3-891626766,S3-136675280,S3-507578619,S3-836927959,S3-260366126,S3-862789788,S3-714994003,S3-32634960,S3-509442398,S3-976681859,S3-190135542,S3-954711163,S3-393744173,S3-460045321,S3-678683280,S3-302901311,S3-465433588,S3-703821326,S3-829490404,S3-896227623,S3-977086194,S3-891618576,S3-479249803,S3-619115665,S3-91294893,S3-104260598,S3-444600693,S3-123694229,S3-197093940,S3-439655728,S3-210818742,S3-918357967,S3-659206129,S3-275360323,S3-968476116,S3-787353706,S3-833884099,S3-26161361,S3-46768096,S3-126982322,S3-548783787,S3-699643086,S3-803003378,S3-459705885,S3-610402578,S3-308631150,S3-408212372,S3-728602891,S3-112942354,S3-960875960,S3-354910039,S3-177049334,S3-551580447,S3-179738152,S3-434491965,S3-564043019,S3-523695838,S3-587791501,S3-312442869,S3-444730740,S3-786831449,S3-364420425,S3-548914378,S3-651762109
S1-616755144	S2-721031885,S2-868087865,S2-795141272,S2-953098128,S2-54307441,S2-208005980,S2-187379771,S2-705827573,S2-265287731,S2-622773844,S2-333785505,S2-556543773,S2-152030787,S2-667620668,S2-563158163,S2-41847464,S2-475524221,S2-652827281,S2-943996696,S2-878003016,S2-533197229,S2-402804051,S2-299258785,S2-489049291,S2-756454257,S2-347017935,S2-989100620,S2-556803824,S2-1722538,S2-575166296,S2-61330089,S2-790721694,S2-193995593,S2-811863966,S2-438678740,S2-646516046,S2-828726837,S2-14102665,S2-681609924,S2-374779945,S2-781397767,S2-857071377,S2-482353871,S2-699301561,S2-241726445,S2-131264573,S2-79905632,S3-22467283,S3-578159284,S3-504183980,S3-118652570,S3-323153716,S3-875583147,S3-444450554,S3-660160649,S3-51937572,S3-411324695,S3-97933587,S3-299576808,S3-921372917,S3-961916983,S3-519350515,S3-354096900,S3-369130400,S3-889312836,S3-510778048,S3-81161554,S3-903416633,S3-80323204,S3-257771188,S3-775274701,S3-783906913,S3-289677596,S3-325999314,S3-975051187,S3-49672113,S3-951624052,S3-532479968,S3-593749288,S3-240930945,S3-966369596,S3-861155049,S3-331595551,S3-81212547,S3-800499462,S3-642917160,S3-300224532,S3-789929510
S1-617455147	S2-721031885,S2-868087865,S2-795141272,S2-953098128,S2-54307441,S2-208005980,S2-187379771,S2-705827573,S2-265287731,S2-622773844,S2-333785505,S2-556543773,S2-152030787,S2-667620668,S2-563158163,S2-41847464,S2-475524221,S2-652827281,S2-943996696,S2-878003016,S2-533197229,S2-402804051,S2-299258785,S2-489049291,S2-756454257,S2-347017935,S2-989100620,S2-556803824,S2-1722538,S2-575166296,S2-61330089,S2-790721694,S2-193995593,S2-811863966,S2-438678740,S2-646516046,S2-828726837,S2-14102665,S2-681609924,S2-374779945,S2-781397767,S2-857071377,S2-482353871,S2-699301561,S2-241726445,S2-131264573,S2-79905632,S3-22467283,S3-578159284,S3-504183980,S3-118652570,S3-323153716,S3-875583147,S3-444450554,S3-660160649,S3-51937572,S3-411324695,S3-97933587,S3-299576808,S3-921372917,S3-961916983,S3-519350515,S3-354096900,S3-369130400,S3-889312836,S3-510778048,S3-81161554,S3-903416633,S3-80323204,S3-257771188,S3-775274701,S3-783906913,S3-289677596,S3-325999314,S3-975051187,S3-49672113,S3-951624052,S3-532479968,S3-593749288,S3-240930945,S3-966369596,S3-861155049,S3-331595551,S3-81212547,S3-800499462,S3-642917160,S3-300224532,S3-789929510
S1-622231151	S2-764573417,S2-163963287,S2-49942811,S2-669879950,S2-332014708,S2-257885603,S2-162849450,S2-622773844,S2-164086509,S2-871017791,S2-472544795,S2-967974285,S2-322211984,S2-430379962,S2-648129048,S2-218208532,S2-236577190,S2-755671955,S2-173632166,S2-384219063,S2-232105388,S2-103972023,S2-876721131,S2-957143385,S2-519903945,S3-578159284,S3-249416830,S3-493572667,S3-44013376,S3-585479914,S3-791460119,S3-161412777,S3-458988960,S3-304243746,S3-113462535,S3-6605683,S3-8222959,S3-988710395,S3-899583090,S3-536959514,S3-748452890,S3-306897876,S3-393484059,S3-829024295,S3-833085447,S3-564535893,S3-380295664,S3-189240583,S3-966369596,S3-946323575,S3-736041086,S3-961058678,S3-201614402,S3-30824703,S3-311526271,S3-82016851,S3-379984324,S3-406009851,S3-390731898,S3-913950232
S1-622557613	S2-584977605,S2-202057528,S2-663852317,S3-586800406,S3-592073516,S3-957724166
S1-6232617	S2-721031885,S2-868087865,S2-795141272,S2-953098128,S2-54307441,S2-208005980,S2-187379771,S2-705827573,S2-265287731,S2-622773844,S2-333785505,S2-556543773,S2-152030787,S2-667620668,S2-563158163,S2-41847464,S2-475524221,S2-652827281,S2-943996696,S2-878003016,S2-533197229,S2-402804051,S2-299258785,S2-489049291,S2-756454257,S2-347017935,S2-989100620,S2-556803824,S2-1722538,S2-575166296,S2-61330089,S2-790721694,S2-193995593,S2-811863966,S2-438678740,S2-646516046,S2-828726837,S2-14102665,S2-681609924,S2-374779945,S2-781397767,S2-857071377,S2-482353871,S2-699301561,S2-241726445,S2-131264573,S2-79905632,S3-22467283,S3-578159284,S3-504183980,S3-118652570,S3-323153716,S3-875583147,S3-444450554,S3-660160649,S3-51937572,S3-411324695,S3-97933587,S3-299576808,S3-921372917,S3-961916983,S3-519350515,S3-354096900,S3-369130400,S3-889312836,S3-510778048,S3-81161554,S3-903416633,S3-80323204,S3-257771188,S3-775274701,S3-783906913,S3-289677596,S3-325999314,S3-975051187,S3-49672113,S3-951624052,S3-532479968,S3-593749288,S3-109335189,S3-240930945,S3-966369596,S3-861155049,S3-406009851,S3-331595551,S3-81212547,S3-800499462,S3-642917160,S3-300224532,S3-789929510
S1-624514617	S2-721031885,S2-868087865,S2-795141272,S2-953098128,S2-54307441,S2-208005980,S2-187379771,S2-705827573,S2-265287731,S2-622773844,S2-333785505,S2-556543773,S2-152030787,S2-623817123,S2-667620668,S2-537858187,S2-563158163,S2-41847464,S2-475524221,S2-652827281,S2-943996696,S2-878003016,S2-533197229,S2-402804051,S2-299258785,S2-489049291,S2-756454257,S2-347017935,S2-989100620,S2-556803824,S2-1722538,S2-575166296,S2-61330089,S2-790721694,S2-193995593,S2-811863966,S2-438678740,S2-646516046,S2-828726837,S2-14102665,S2-681609924,S2-374779945,S2-781397767,S2-857071377,S2-482353871,S2-699301561,S2-241726445,S2-131264573,S2-79905632,S3-22467283,S3-578159284,S3-504183980,S3-118652570,S3-315861895,S3-323153716,S3-875583147,S3-444450554,S3-660160649,S3-51937572,S3-411324695,S3-97933587,S3-299576808,S3-921372917,S3-961916983,S3-519350515,S3-354096900,S3-369130400,S3-889312836,S3-510778048,S3-81161554,S3-903416633,S3-80323204,S3-257771188,S3-775274701,S3-783906913,S3-289677596,S3-325999314,S3-975051187,S3-49672113,S3-951624052,S3-532479968,S3-593749288,S3-240930945,S3-966369596,S3-82016851,S3-861155049,S3-331595551,S3-81212547,S3-800499462,S3-642917160,S3-300224532,S3-789929510
S1-626914593	S2-661443009
S1-627144525	S2-912941112,S2-91704178,S2-322211984,S2-450266205,S2-716687956,S2-956608424,S2-713920891,S2-597159535,S2-193995593,S2-14102665,S2-772997011,S2-131264573,S2-519903945,S3-22467283,S3-973629095,S3-159562080,S3-8222959,S3-568617496,S3-899583090,S3-180062010,S3-532479968,S3-390090152,S3-210476563,S3-330036890,S3-754421830
S1-627443733	S2-277444929,S2-508602797,S2-684635925,S2-91305348,S2-978126813,S2-349287094,S2-163588551,S2-102309877,S2-224839523,S2-829598251,S2-800014563,S2-67505679,S2-59544689,S2-469073813,S2-435778329,S2-190103142,S2-298914373,S2-628335210,S2-757169960,S2-109121051,S2-541414076,S2-891756213,S2-696635067,S2-971339247,S2-996245861,S2-892923793,S2-308505251,S2-688657051,S2-701787316,S2-709626608,S2-394314645,S2-308510117,S2-708389947,S2-8982199,S2-933278322,S2-131151726,S2-750426664,S2-117672295,S2-549881386,S2-797821871,S2-528205184,S2-516126165,S2-561420173,S2-859321758,S2-37081703,S2-297926319,S2-321398182,S2-554610011,S2-528320338,S2-937703023,S2-679190243,S2-331339262,S2-187514897,S2-946002985,S2-281309190,S2-577969603,S2-449617627,S2-379148212,S2-769858942,S2-532543036,S2-726045392,S2-840538759,S2-898880623,S2-492826161,S2-736787326,S2-382657775,S2-590774517,S2-169597264,S2-165930564,S2-811707035,S2-980846147,S2-252321761,S2-631451351,S2-26324258,S2-100598528,S3-859268022,S3-53737228,S3-45067784,S3-128062172,S3-230314480,S3-878295053,S3-572363539,S3-730662073,S3-891901989,S3-607506773,S3-263247365,S3-232475819,S3-575968805,S3-702183940,S3-92974238,S3-901865937,S3-566328140,S3-797289734,S3-588120445,S3-426545498,S3-367524706,S3-375023535,S3-331944027,S3-169505996,S3-890922145,S3-891626766,S3-136675280,S3-507578619,S3-836927959,S3-260366126,S3-862789788,S3-714994003,S3-32634960,S3-509442398,S3-976681859,S3-190135542,S3-954711163,S3-393744173,S3-460045321,S3-678683280,S3-302901311,S3-465433588,S3-703821326,S3-829490404,S3-896227623,S3-977086194,S3-891618576,S3-479249803,S3-619115665,S3-91294893,S3-797756565,S3-104260598,S3-444600693,S3-123694229,S3-197093940,S3-439655728,S3-210818742,S3-918357967,S3-659206129,S3-275360323,S3-968476116,S3-787353706,S3-833884099,S3-26161361,S3-46768096,S3-126982322,S3-548783787,S3-699643086,S3-803003378,S3-459705885,S3-753125827,S3-610402578,S3-308631150,S3-408212372,S3-728602891,S3-112942354,S3-960875960,S3-354910039,S3-177049334,S3-551580447,S3-179738152,S3-434491965,S3-564043019,S3-523695838,S3-587791501,S3-312442869,S3-444730740,S3-786831449,S3-364420425,S3-548914378,S3-651762109
S1-629417405	S2-764573417,S2-163963287,S2-49942811,S2-669879950,S2-332014708,S2-257885603,S2-162849450,S2-164086509,S2-871017791,S2-472544795,S2-967974285,S2-690151442,S2-322211984,S2-430379962,S2-648129048,S2-218208532,S2-236577190,S2-755671955,S2-173632166,S2-384219063,S2-232105388,S2-103972023,S2-876721131,S2-957143385,S2-519903945,S3-249416830,S3-493572667,S3-44013376,S3-585479914,S3-791460119,S3-161412777,S3-458988960,S3-113462535,S3-6605683,S3-988710395,S3-899583090,S3-536959514,S3-748452890,S3-306897876,S3-393484059,S3-829024295,S3-833085447,S3-564535893,S3-380295664,S3-189240583,S3-946323575,S3-736041086,S3-961058678,S3-201614402,S3-30824703,S3-311526271,S3-82016851,S3-379984324,S3-406009851,S3-390731898,S3-913950232
S1-629969170	S2-764573417,S2-163963287,S2-49942811,S2-669879950,S2-332014708,S2-257885603,S2-162849450,S2-164086509,S2-871017791,S2-472544795,S2-967974285,S2-322211984,S2-430379962,S2-648129048,S2-218208532,S2-236577190,S2-755671955,S2-173632166,S2-123409799,S2-384219063,S2-232105388,S2-103972023,S2-876721131,S2-957143385,S2-519903945,S3-249416830,S3-493572667,S3-44013376,S3-585479914,S3-791460119,S3-161412777,S3-458988960,S3-113462535,S3-6605683,S3-988710395,S3-899583090,S3-536959514,S3-748452890,S3-306897876,S3-393484059,S3-829024295,S3-833085447,S3-564535893,S3-380295664,S3-189240583,S3-946323575,S3-736041086,S3-961058678,S3-201614402,S3-30824703,S3-311526271,S3-82016851,S3-379984324,S3-406009851,S3-390731898,S3-913950232
S1-630223771	S2-763108962,S2-223038034,S2-722166534,S2-701477103,S2-605633090,S2-728928259,S2-243813488,S2-895797947,S2-34449822,S2-785139940,S2-747145329,S3-859268022,S3-566328140,S3-496785125,S3-12915038,S3-682142621,S3-461388509,S3-960702922,S3-709021698,S3-995040589
S1-631165181	S2-669879950,S2-298761341,S2-472544795,S2-475524221,S2-479278257,S2-100101893,S2-492879191,S2-114121811,S2-575166296,S2-904673479,S2-957143385,S2-746717750,S2-241726445,S3-551148968,S3-777257171,S3-940228072,S3-299576808,S3-14718400,S3-517654841,S3-49672113,S3-980152742,S3-380295664,S3-390731898,S3-436725377,S3-114276926,S3-245133916,S3-168396245
S1-631840437	S2-138046867,S2-721031885,S2-868087865,S2-795141272,S2-953098128,S2-54307441,S2-208005980,S2-125007797,S2-187379771,S2-705827573,S2-689674207,S2-265287731,S2-622773844,S2-333785505,S2-556543773,S2-152030787,S2-667620668,S2-968244171,S2-563158163,S2-142962200,S2-468234939,S2-439384858,S2-41847464,S2-475524221,S2-652827281,S2-943996696,S2-878003016,S2-533197229,S2-402804051,S2-450266205,S2-299258785,S2-489049291,S2-756454257,S2-347017935,S2-989100620,S2-663446783,S2-556803824,S2-591536531,S2-1722538,S2-575166296,S2-61330089,S2-790721694,S2-193995593,S2-811863966,S2-438678740,S2-824414038,S2-646516046,S2-828726837,S2-14102665,S2-681609924,S2-323747399,S2-374779945,S2-781397767,S2-857071377,S2-482353871,S2-699301561,S2-241726445,S2-131264573,S2-79905632,S3-22467283,S3-578159284,S3-504183980,S3-118652570,S3-323153716,S3-875583147,S3-444450554,S3-660160649,S3-51937572,S3-411324695,S3-97933587,S3-299576808,S3-921372917,S3-625913156,S3-961916983,S3-519350515,S3-354096900,S3-369130400,S3-341396567,S3-889312836,S3-510778048,S3-81161554,S3-903416633,S3-80323204,S3-257771188,S3-38557301,S3-775274701,S3-783906913,S3-289677596,S3-325999314,S3-975051187,S3-988483404,S3-49672113,S3-951624052,S3-833085447,S3-532479968,S3-593749288,S3-240930945,S3-966369596,S3-861155049,S3-659963286,S3-331595551,S3-81212547,S3-800499462,S3-642917160,S3-300224532,S3-789929510
S1-632136965	S2-721031885,S2-868087865,S2-795141272,S2-953098128,S2-669879950,S2-54307441,S2-208005980,S2-187379771,S2-298761341,S2-705827573,S2-265287731,S2-622773844,S2-333785505,S2-556543773,S2-152030787,S2-667620668,S2-563158163,S2-472544795,S2-41847464,S2-475524221,S2-652827281,S2-943996696,S2-878003016,S2-479278257,S2-100101893,S2-533197229,S2-402804051,S2-299258785,S2-489049291,S2-756454257,S2-347017935,S2-989100620,S2-556803824,S2-492879191,S2-1722538,S2-575166296,S2-61330089,S2-790721694,S2-904673479,S2-193995593,S2-811863966,S2-438678740,S2-646516046,S2-828726837,S2-14102665,S2-681609924,S2-374779945,S2-781397767,S2-957143385,S2-746717750,S2-857071377,S2-482353871,S2-699301561,S2-241726445,S2-131264573,S2-79905632,S3-22467283,S3-578159284,S3-504183980,S3-118652570,S3-551148968,S3-323153716,S3-875583147,S3-444450554,S3-777257171,S3-660160649,S3-51937572,S3-411324695,S3-97933587,S3-940228072,S3-299576808,S3-921372917,S3-961916983,S3-519350515,S3-354096900,S3-369130400,S3-889312836,S3-510778048,S3-81161554,S3-903416633,S3-80323204,S3-257771188,S3-775274701,S3-14718400,S3-783906913,S3-517654841,S3-289677596,S3-325999314,S3-975051187,S3-49672113,S3-980152742,S3-951624052,S3-532479968,S3-593749288,S3-240930945,S3-966369596,S3-861155049,S3-390731898,S3-436725377,S3-114276926,S3-331595551,S3-81212547,S3-800499462,S3-642917160,S3-245133916,S3-300224532,S3-789929510,S3-168396245
S1-63266922	S2-556543773,S2-254788212,S2-175566180,S2-755671955,S2-175642159,S2-438678740,S2-444297111,S3-257771188,S3-393484059,S3-738588591,S3-506388347,S3-765275693,S3-99505923
S1-633779655	S2-721031885,S2-868087865,S2-795141272,S2-953098128,S2-54307441,S2-208005980,S2-187379771,S2-705827573,S2-265287731,S2-622773844,S2-333785505,S2-556543773,S2-152030787,S2-667620668,S2-563158163,S2-41847464,S2-475524221,S2-652827281,S2-943996696,S2-878003016,S2-533197229,S2-402804051,S2-299258785,S2-489049291,S2-756454257,S2-347017935,S2-989100620,S2-556803824,S2-1722538,S2-575166296,S2-61330089,S2-790721694,S2-193995593,S2-811863966,S2-438678740,S2-646516046,S2-828726837,S2-14102665,S2-681609924,S2-374779945,S2-781397767,S2-857071377,S2-482353871,S2-699301561,S2-241726445,S2-131264573,S2-79905632,S3-22467283,S3-578159284,S3-504183980,S3-118652570,S3-323153716,S3-875583147,S3-444450554,S3-660160649,S3-51937572,S3-411324695,S3-97933587,S3-299576808,S3-921372917,S3-961916983,S3-519350515,S3-354096900,S3-369130400,S3-889312836,S3-510778048,S3-81161554,S3-903416633,S3-80323204,S3-257771188,S3-775274701,S3-783906913,S3-289677596,S3-325999314,S3-975051187,S3-49672113,S3-951624052,S3-532479968,S3-593749288,S3-240930945,S3-966369596,S3-861155049,S3-331595551,S3-81212547,S3-800499462,S3-642917160,S3-300224532,S3-789929510
S1-635349757	S2-721031885,S2-868087865,S2-795141272,S2-953098128,S2-235039028,S2-401480583,S2-54307441,S2-208005980,S2-187379771,S2-705827573,S2-265287731,S2-622773844,S2-333785505,S2-556543773,S2-152030787,S2-667620668,S2-563158163,S2-464291399,S2-41847464,S2-475524221,S2-652827281,S2-943996696,S2-878003016,S2-533197229,S2-402804051,S2-785852339,S2-299258785,S2-103317508,S2-489049291,S2-735517191,S2-756454257,S2-347017935,S2-989100620,S2-556803824,S2-1722538,S2-575166296,S2-61330089,S2-589492301,S2-790721694,S2-193995593,S2-811863966,S2-438678740,S2-646516046,S2-828726837,S2-14102665,S2-681609924,S2-934037681,S2-374779945,S2-781397767,S2-857071377,S2-482353871,S2-699301561,S2-241726445,S2-131264573,S2-79905632,S3-22467283,S3-578159284,S3-504183980,S3-118652570,S3-323153716,S3-875583147,S3-444450554,S3-777257171,S3-660160649,S3-51937572,S3-891585470,S3-411324695,S3-97933587,S3-299576808,S3-921372917,S3-585479914,S3-36683911,S3-961916983,S3-519350515,S3-354096900,S3-369130400,S3-889312836,S3-510778048,S3-81161554,S3-903416633,S3-80323204,S3-257771188,S3-761438523,S3-775274701,S3-783906913,S3-289677596,S3-325999314,S3-975051187,S3-49672113,S3-605495109,S3-75056814,S3-951624052,S3-532479968,S3-898251122,S3-593749288,S3-762825829,S3-240930945,S3-966369596,S3-494118563,S3-861155049,S3-331595551,S3-81212547,S3-800499462,S3-642917160,S3-114332830,S3-300224532,S3-789929510
S1-635491453	S2-721031885,S2-868087865,S2-795141272,S2-953098128,S2-133664209,S2-54307441,S2-208005980,S2-187379771,S2-705827573,S2-162849450,S2-265287731,S2-622773844,S2-333785505,S2-556543773,S2-152030787,S2-667620668,S2-563158163,S2-41847464,S2-475524221,S2-652827281,S2-943996696,S2-878003016,S2-533197229,S2-402804051,S2-785852339,S2-299258785,S2-489049291,S2-756454257,S2-347017935,S2-989100620,S2-556803824,S2-1722538,S2-575166296,S2-61330089,S2-790721694,S2-193995593,S2-811863966,S2-438678740,S2-646516046,S2-828726837,S2-14102665,S2-681609924,S2-374779945,S2-781397767,S2-857071377,S2-482353871,S2-764430935,S2-699301561,S2-241726445,S2-131264573,S2-79905632,S3-22467283,S3-578159284,S3-504183980,S3-118652570,S3-323153716,S3-875583147,S3-444450554,S3-660160649,S3-51937572,S3-411324695,S3-97933587,S3-299576808,S3-921372917,S3-961916983,S3-519350515,S3-354096900,S3-369130400,S3-889312836,S3-510778048,S3-81161554,S3-903416633,S3-80323204,S3-257771188,S3-775274701,S3-783906913,S3-289677596,S3-325999314,S3-975051187,S3-240414259,S3-49672113,S3-951624052,S3-532479968,S3-593749288,S3-240930945,S3-966369596,S3-861155049,S3-331595551,S3-81212547,S3-800499462,S3-642917160,S3-300224532,S3-789929510
S1-636549603	S2-764573417,S2-163963287,S2-49942811,S2-669879950,S2-332014708,S2-257885603,S2-162849450,S2-164086509,S2-857681318,S2-871017791,S2-472544795,S2-967974285,S2-322211984,S2-430379962,S2-648129048,S2-785852339,S2-218208532,S2-236577190,S2-755671955,S2-173632166,S2-384219063,S2-589492301,S2-232105388,S2-103972023,S2-876721131,S2-957143385,S2-519903945,S3-249416830,S3-51937572,S3-493572667,S3-303047307,S3-44013376,S3-585479914,S3-791460119,S3-161412777,S3-458988960,S3-113462535,S3-6605683,S3-988710395,S3-899583090,S3-536959514,S3-748452890,S3-306897876,S3-393484059,S3-971943018,S3-829024295,S3-833085447,S3-564535893,S3-380295664,S3-189240583,S3-946323575,S3-736041086,S3-961058678,S3-201614402,S3-30824703,S3-311526271,S3-82016851,S3-379984324,S3-406009851,S3-390731898,S3-913950232
S1-638466806	S2-277444929,S2-508602797,S2-684635925,S2-91305348,S2-978126813,S2-349287094,S2-163588551,S2-102309877,S2-224839523,S2-829598251,S2-800014563,S2-67505679,S2-59544689,S2-469073813,S2-435778329,S2-190103142,S2-298914373,S2-628335210,S2-757169960,S2-109121051,S2-541414076,S2-891756213,S2-696635067,S2-971339247,S2-996245861,S2-892923793,S2-308505251,S2-688657051,S2-701787316,S2-709626608,S2-394314645,S2-308510117,S2-708389947,S2-8982199,S2-933278322,S2-131151726,S2-750426664,S2-117672295,S2-549881386,S2-797821871,S2-528205184,S2-516126165,S2-561420173,S2-859321758,S2-37081703,S2-297926319,S2-321398182,S2-554610011,S2-528320338,S2-937703023,S2-679190243,S2-331339262,S2-187514897,S2-946002985,S2-281309190,S2-577969603,S2-449617627,S2-379148212,S2-769858942,S2-532543036,S2-726045392,S2-840538759,S2-898880623,S2-492826161,S2-736787326,S2-382657775,S2-590774517,S2-169597264,S2-165930564,S2-811707035,S2-980846147,S2-252321761,S2-631451351,S2-26324258,S2-100598528,S3-859268022,S3-53737228,S3-45067784,S3-128062172,S3-230314480,S3-878295053,S3-572363539,S3-730662073,S3-891901989,S3-607506773,S3-263247365,S3-232475819,S3-575968805,S3-702183940,S3-92974238,S3-901865937,S3-566328140,S3-797289734,S3-588120445,S3-426545498,S3-367524706,S3-375023535,S3-331944027,S3-169505996,S3-890922145,S3-891626766,S3-136675280,S3-507578619,S3-836927959,S3-260366126,S3-862789788,S3-714994003,S3-32634960,S3-509442398,S3-976681859,S3-190135542,S3-954711163,S3-393744173,S3-460045321,S3-678683280,S3-302901311,S3-465433588,S3-703821326,S3-829490404,S3-896227623,S3-977086194,S3-891618576,S3-479249803,S3-619115665,S3-91294893,S3-104260598,S3-444600693,S3-123694229,S3-197093940,S3-439655728,S3-210818742,S3-918357967,S3-659206129,S3-275360323,S3-968476116,S3-787353706,S3-833884099,S3-26161361,S3-46768096,S3-126982322,S3-548783787,S3-699643086,S3-803003378,S3-459705885,S3-610402578,S3-308631150,S3-408212372,S3-728602891,S3-112942354,S3-960875960,S3-354910039,S3-177049334,S3-551580447,S3-179738152,S3-434491965,S3-564043019,S3-523695838,S3-587791501,S3-312442869,S3-444730740,S3-786831449,S3-364420425,S3-548914378,S3-651762109
S1-639096068	S2-508602797,S2-684635925,S2-978126813,S2-349287094,S2-102309877,S2-800014563,S2-67505679,S2-59544689,S2-190103142,S2-298914373,S2-628335210,S2-109121051,S2-541414076,S2-891756213,S2-696635067,S2-971339247,S2-996245861,S2-892923793,S2-308505251,S2-701787316,S2-394314645,S2-8982199,S2-131151726,S2-750426664,S2-117672295,S2-549881386,S2-528205184,S2-561420173,S2-859321758,S2-37081703,S2-321398182,S2-937703023,S2-679190243,S2-331339262,S2-187514897,S2-281309190,S2-577969603,S2-840538759,S2-898880623,S2-492826161,S2-736787326,S2-590774517,S2-169597264,S2-631451351,S2-26324258,S3-53737228,S3-45067784,S3-128062172,S3-230314480,S3-878295053,S3-730662073,S3-607506773,S3-263247365,S3-232475819,S3-575968805,S3-92974238,S3-901865937,S3-566328140,S3-797289734,S3-426545498,S3-375023535,S3-331944027,S3-890922145,S3-136675280,S3-507578619,S3-836927959,S3-260366126,S3-862789788,S3-32634960,S3-509442398,S3-460045321,S3-465433588,S3-703821326,S3-829490404,S3-896227623,S3-977086194,S3-479249803,S3-619115665,S3-91294893,S3-797756565,S3-104260598,S3-444600693,S3-123694229,S3-197093940,S3-918357967,S3-659206129,S3-275360323,S3-26161361,S3-46768096,S3-126982322,S3-548783787,S3-803003378,S3-459705885,S3-753125827,S3-610402578,S3-308631150,S3-408212372,S3-112942354,S3-960875960,S3-177049334,S3-551580447,S3-179738152,S3-434491965,S3-587791501,S3-444730740,S3-786831449,S3-364420425,S3-548914378,S3-651762109
S1-63975497	S2-721031885,S2-868087865,S2-795141272,S2-953098128,S2-54307441,S2-208005980,S2-187379771,S2-705827573,S2-265287731,S2-622773844,S2-333785505,S2-556543773,S2-152030787,S2-667620668,S2-563158163,S2-41847464,S2-475524221,S2-652827281,S2-943996696,S2-878003016,S2-533197229,S2-402804051,S2-299258785,S2-489049291,S2-756454257,S2-347017935,S2-989100620,S2-556803824,S2-1722538,S2-575166296,S2-61330089,S2-790721694,S2-193995593,S2-811863966,S2-438678740,S2-646516046,S2-828726837,S2-14102665,S2-681609924,S2-374779945,S2-781397767,S2-857071377,S2-482353871,S2-699301561,S2-241726445,S2-131264573,S2-79905632,S3-22467283,S3-578159284,S3-504183980,S3-118652570,S3-323153716,S3-875583147,S3-444450554,S3-660160649,S3-51937572,S3-411324695,S3-97933587,S3-299576808,S3-921372917,S3-961916983,S3-519350515,S3-354096900,S3-369130400,S3-889312836,S3-510778048,S3-81161554,S3-903416633,S3-80323204,S3-257771188,S3-775274701,S3-783906913,S3-289677596,S3-325999314,S3-975051187,S3-49672113,S3-951624052,S3-532479968,S3-593749288,S3-240930945,S3-966369596,S3-861155049,S3-331595551,S3-81212547,S3-800499462,S3-642917160,S3-300224532,S3-789929510
S1-651095976	S2-721031885,S2-868087865,S2-795141272,S2-953098128,S2-54307441,S2-208005980,S2-187379771,S2-705827573,S2-265287731,S2-622773844,S2-333785505,S2-556543773,S2-152030787,S2-667620668,S2-563158163,S2-41847464,S2-475524221,S2-652827281,S2-943996696,S2-878003016,S2-533197229,S2-402804051,S2-299258785,S2-489049291,S2-756454257,S2-347017935,S2-989100620,S2-556803824,S2-1722538,S2-575166296,S2-61330089,S2-790721694,S2-193995593,S2-811863966,S2-438678740,S2-646516046,S2-828726837,S2-14102665,S2-681609924,S2-374779945,S2-781397767,S2-857071377,S2-482353871,S2-699301561,S2-241726445,S2-131264573,S2-79905632,S3-22467283,S3-578159284,S3-504183980,S3-118652570,S3-323153716,S3-875583147,S3-444450554,S3-660160649,S3-51937572,S3-411324695,S3-405782849,S3-97933587,S3-299576808,S3-921372917,S3-52936362,S3-961916983,S3-519350515,S3-354096900,S3-369130400,S3-889312836,S3-510778048,S3-81161554,S3-903416633,S3-80323204,S3-257771188,S3-775274701,S3-783906913,S3-289677596,S3-325999314,S3-975051187,S3-49672113,S3-951624052,S3-532479968,S3-593749288,S3-240930945,S3-966369596,S3-861155049,S3-502689640,S3-331595551,S3-26331081,S3-81212547,S3-800499462,S3-642917160,S3-114332830,S3-300224532,S3-789929510,S3-913950232
S1-652331096	S2-277444929,S2-508602797,S2-684635925,S2-91305348,S2-978126813,S2-349287094,S2-163588551,S2-102309877,S2-224839523,S2-829598251,S2-800014563,S2-67505679,S2-59544689,S2-469073813,S2-435778329,S2-190103142,S2-298914373,S2-628335210,S2-757169960,S2-109121051,S2-541414076,S2-891756213,S2-696635067,S2-971339247,S2-996245861,S2-892923793,S2-308505251,S2-688657051,S2-701787316,S2-709626608,S2-394314645,S2-308510117,S2-708389947,S2-8982199,S2-933278322,S2-131151726,S2-750426664,S2-117672295,S2-549881386,S2-797821871,S2-528205184,S2-516126165,S2-561420173,S2-859321758,S2-37081703,S2-297926319,S2-321398182,S2-554610011,S2-528320338,S2-937703023,S2-679190243,S2-331339262,S2-187514897,S2-946002985,S2-281309190,S2-577969603,S2-449617627,S2-379148212,S2-769858942,S2-532543036,S2-726045392,S2-840538759,S2-898880623,S2-492826161,S2-736787326,S2-382657775,S2-590774517,S2-169597264,S2-165930564,S2-811707035,S2-980846147,S2-252321761,S2-631451351,S2-26324258,S2-100598528,S3-859268022,S3-53737228,S3-45067784,S3-128062172,S3-230314480,S3-878295053,S3-572363539,S3-730662073,S3-891901989,S3-607506773,S3-263247365,S3-232475819,S3-575968805,S3-702183940,S3-92974238,S3-901865937,S3-566328140,S3-797289734,S3-588120445,S3-426545498,S3-367524706,S3-375023535,S3-331944027,S3-169505996,S3-890922145,S3-891626766,S3-136675280,S3-507578619,S3-836927959,S3-260366126,S3-862789788,S3-714994003,S3-32634960,S3-509442398,S3-976681859,S3-190135542,S3-954711163,S3-393744173,S3-460045321,S3-678683280,S3-302901311,S3-465433588,S3-703821326,S3-829490404,S3-896227623,S3-977086194,S3-891618576,S3-479249803,S3-619115665,S3-931454338,S3-91294893,S3-104260598,S3-444600693,S3-123694229,S3-197093940,S3-439655728,S3-210818742,S3-918357967,S3-659206129,S3-275360323,S3-968476116,S3-787353706,S3-833884099,S3-26161361,S3-46768096,S3-126982322,S3-548783787,S3-699643086,S3-803003378,S3-459705885,S3-610402578,S3-308631150,S3-408212372,S3-728602891,S3-112942354,S3-960875960,S3-354910039,S3-177049334,S3-551580447,S3-179738152,S3-434491965,S3-564043019,S3-523695838,S3-587791501,S3-312442869,S3-444730740,S3-786831449,S3-957724166,S3-364420425,S3-548914378,S3-651762109
S1-654697159	S2-829598251,S2-109121051,S2-688657051,S2-728928259,S2-258702122,S2-850499815,S2-552487507,S2-698001157,S2-160694137,S2-878134898,S3-92974238,S3-507578619,S3-552320642
S1-657025372	S2-138478502,S2-924946907,S2-248782105,S3-701705967
S1-661315962	S2-764573417,S2-163963287,S2-49942811,S2-669879950,S2-332014708,S2-257885603,S2-162849450,S2-164086509,S2-871017791,S2-472544795,S2-967974285,S2-322211984,S2-430379962,S2-648129048,S2-218208532,S2-236577190,S2-755671955,S2-173632166,S2-384219063,S2-232105388,S2-103972023,S2-876721131,S2-957143385,S2-519903945,S3-249416830,S3-493572667,S3-44013376,S3-585479914,S3-791460119,S3-161412777,S3-458988960,S3-113462535,S3-6605683,S3-988710395,S3-899583090,S3-536959514,S3-748452890,S3-306897876,S3-393484059,S3-829024295,S3-833085447,S3-564535893,S3-380295664,S3-189240583,S3-946323575,S3-736041086,S3-961058678,S3-201614402,S3-30824703,S3-311526271,S3-82016851,S3-379984324,S3-406009851,S3-390731898,S3-913950232
S1-664267481	S2-721031885,S2-868087865,S2-795141272,S2-953098128,S2-54307441,S2-208005980,S2-187379771,S2-705827573,S2-265287731,S2-622773844,S2-333785505,S2-556543773,S2-152030787,S2-667620668,S2-563158163,S2-41847464,S2-475524221,S2-652827281,S2-943996696,S2-878003016,S2-533197229,S2-402804051,S2-299258785,S2-489049291,S2-756454257,S2-347017935,S2-989100620,S2-556803824,S2-1722538,S2-575166296,S2-61330089,S2-790721694,S2-193995593,S2-811863966,S2-438678740,S2-646516046,S2-828726837,S2-14102665,S2-681609924,S2-374779945,S2-781397767,S2-857071377,S2-482353871,S2-699301561,S2-241726445,S2-131264573,S2-79905632,S3-22467283,S3-578159284,S3-504183980,S3-118652570,S3-323153716,S3-875583147,S3-444450554,S3-660160649,S3-51937572,S3-411324695,S3-97933587,S3-299576808,S3-921372917,S3-961916983,S3-519350515,S3-354096900,S3-369130400,S3-889312836,S3-510778048,S3-81161554,S3-903416633,S3-80323204,S3-257771188,S3-775274701,S3-783906913,S3-289677596,S3-325999314,S3-975051187,S3-49672113,S3-951624052,S3-532479968,S3-593749288,S3-240930945,S3-966369596,S3-861155049,S3-331595551,S3-81212547,S3-800499462,S3-642917160,S3-300224532,S3-789929510
S1-665355186	S2-508602797,S2-684635925,S2-978126813,S2-349287094,S2-102309877,S2-800014563,S2-67505679,S2-59544689,S2-190103142,S2-298914373,S2-628335210,S2-109121051,S2-541414076,S2-891756213,S2-696635067,S2-971339247,S2-996245861,S2-892923793,S2-308505251,S2-701787316,S2-394314645,S2-8982199,S2-131151726,S2-750426664,S2-117672295,S2-549881386,S2-528205184,S2-561420173,S2-859321758,S2-37081703,S2-321398182,S2-937703023,S2-679190243,S2-895797947,S2-331339262,S2-281309190,S2-577969603,S2-34449822,S2-840538759,S2-898880623,S2-492826161,S2-736787326,S2-590774517,S2-169597264,S2-631451351,S2-26324258,S3-859268022,S3-53737228,S3-45067784,S3-128062172,S3-230314480,S3-878295053,S3-730662073,S3-607506773,S3-263247365,S3-232475819,S3-575968805,S3-92974238,S3-901865937,S3-566328140,S3-797289734,S3-426545498,S3-375023535,S3-331944027,S3-890922145,S3-136675280,S3-507578619,S3-836927959,S3-260366126,S3-862789788,S3-32634960,S3-509442398,S3-460045321,S3-496785125,S3-465433588,S3-703821326,S3-829490404,S3-896227623,S3-977086194,S3-479249803,S3-619115665,S3-91294893,S3-104260598,S3-444600693,S3-123694229,S3-197093940,S3-918357967,S3-659206129,S3-275360323,S3-26161361,S3-46768096,S3-126982322,S3-548783787,S3-803003378,S3-459705885,S3-610402578,S3-308631150,S3-408212372,S3-112942354,S3-960875960,S3-177049334,S3-551580447,S3-179738152,S3-434491965,S3-587791501,S3-444730740,S3-786831449,S3-364420425,S3-548914378,S3-651762109
S1-666876590	S2-508602797,S2-684635925,S2-978126813,S2-349287094,S2-102309877,S2-800014563,S2-67505679,S2-59544689,S2-190103142,S2-298914373,S2-628335210,S2-109121051,S2-971491700,S2-541414076,S2-891756213,S2-696635067,S2-971339247,S2-996245861,S2-892923793,S2-308505251,S2-701787316,S2-394314645,S2-8982199,S2-131151726,S2-750426664,S2-117672295,S2-549881386,S2-528205184,S2-561420173,S2-859321758,S2-37081703,S2-321398182,S2-937703023,S2-679190243,S2-331339262,S2-281309190,S2-577969603,S2-840538759,S2-898880623,S2-492826161,S2-736787326,S2-590774517,S2-169597264,S2-631451351,S2-26324258,S3-53737228,S3-45067784,S3-128062172,S3-230314480,S3-878295053,S3-730662073,S3-607506773,S3-263247365,S3-232475819,S3-575968805,S3-92974238,S3-901865937,S3-566328140,S3-797289734,S3-426545498,S3-375023535,S3-331944027,S3-890922145,S3-136675280,S3-507578619,S3-836927959,S3-260366126,S3-862789788,S3-32634960,S3-509442398,S3-460045321,S3-465433588,S3-703821326,S3-829490404,S3-896227623,S3-977086194,S3-479249803,S3-619115665,S3-91294893,S3-104260598,S3-444600693,S3-123694229,S3-197093940,S3-918357967,S3-659206129,S3-275360323,S3-26161361,S3-46768096,S3-126982322,S3-548783787,S3-803003378,S3-459705885,S3-610402578,S3-308631150,S3-408212372,S3-112942354,S3-960875960,S3-177049334,S3-551580447,S3-179738152,S3-434491965,S3-587791501,S3-444730740,S3-786831449,S3-364420425,S3-548914378,S3-651762109
S1-669754446	S2-508602797,S2-684635925,S2-978126813,S2-349287094,S2-102309877,S2-800014563,S2-67505679,S2-59544689,S2-190103142,S2-298914373,S2-628335210,S2-109121051,S2-784592218,S2-541414076,S2-891756213,S2-696635067,S2-971339247,S2-996245861,S2-892923793,S2-308505251,S2-701787316,S2-394314645,S2-8982199,S2-131151726,S2-750426664,S2-117672295,S2-549881386,S2-528205184,S2-561420173,S2-859321758,S2-37081703,S2-321398182,S2-937703023,S2-679190243,S2-826030024,S2-331339262,S2-281309190,S2-577969603,S2-840538759,S2-898880623,S2-492826161,S2-736787326,S2-590774517,S2-169597264,S2-631451351,S2-26324258,S3-53737228,S3-45067784,S3-128062172,S3-230314480,S3-878295053,S3-730662073,S3-607506773,S3-263247365,S3-232475819,S3-575968805,S3-92974238,S3-901865937,S3-566328140,S3-797289734,S3-426545498,S3-375023535,S3-331944027,S3-890922145,S3-136675280,S3-507578619,S3-836927959,S3-260366126,S3-862789788,S3-32634960,S3-509442398,S3-460045321,S3-465433588,S3-703821326,S3-829490404,S3-896227623,S3-977086194,S3-479249803,S3-619115665,S3-91294893,S3-104260598,S3-444600693,S3-123694229,S3-197093940,S3-918357967,S3-659206129,S3-275360323,S3-26161361,S3-46768096,S3-126982322,S3-548783787,S3-803003378,S3-459705885,S3-610402578,S3-308631150,S3-408212372,S3-112942354,S3-960875960,S3-177049334,S3-551580447,S3-179738152,S3-434491965,S3-587791501,S3-444730740,S3-786831449,S3-364420425,S3-548914378,S3-651762109
S1-675959550	S2-277444929,S2-508602797,S2-684635925,S2-91305348,S2-978126813,S2-349287094,S2-163588551,S2-102309877,S2-224839523,S2-829598251,S2-800014563,S2-67505679,S2-59544689,S2-469073813,S2-435778329,S2-190103142,S2-298914373,S2-628335210,S2-757169960,S2-109121051,S2-541414076,S2-891756213,S2-696635067,S2-971339247,S2-996245861,S2-892923793,S2-308505251,S2-688657051,S2-701787316,S2-709626608,S2-394314645,S2-308510117,S2-708389947,S2-8982199,S2-933278322,S2-131151726,S2-750426664,S2-117672295,S2-549881386,S2-797821871,S2-528205184,S2-516126165,S2-561420173,S2-859321758,S2-37081703,S2-297926319,S2-321398182,S2-554610011,S2-528320338,S2-937703023,S2-679190243,S2-331339262,S2-187514897,S2-946002985,S2-281309190,S2-577969603,S2-449617627,S2-379148212,S2-769858942,S2-532543036,S2-726045392,S2-840538759,S2-898880623,S2-492826161,S2-736787326,S2-382657775,S2-590774517,S2-169597264,S2-165930564,S2-811707035,S2-980846147,S2-252321761,S2-631451351,S2-26324258,S2-100598528,S3-859268022,S3-53737228,S3-45067784,S3-128062172,S3-230314480,S3-878295053,S3-572363539,S3-730662073,S3-891901989,S3-607506773,S3-263247365,S3-232475819,S3-575968805,S3-702183940,S3-92974238,S3-901865937,S3-566328140,S3-797289734,S3-588120445,S3-426545498,S3-367524706,S3-375023535,S3-331944027,S3-169505996,S3-890922145,S3-891626766,S3-136675280,S3-507578619,S3-836927959,S3-260366126,S3-862789788,S3-714994003,S3-32634960,S3-509442398,S3-976681859,S3-190135542,S3-954711163,S3-393744173,S3-460045321,S3-678683280,S3-302901311,S3-465433588,S3-703821326,S3-829490404,S3-896227623,S3-977086194,S3-891618576,S3-479249803,S3-619115665,S3-91294893,S3-104260598,S3-444600693,S3-123694229,S3-197093940,S3-439655728,S3-210818742,S3-918357967,S3-659206129,S3-275360323,S3-968476116,S3-787353706,S3-833884099,S3-26161361,S3-46768096,S3-126982322,S3-548783787,S3-699643086,S3-803003378,S3-459705885,S3-610402578,S3-308631150,S3-408212372,S3-728602891,S3-112942354,S3-960875960,S3-354910039,S3-177049334,S3-551580447,S3-179738152,S3-434491965,S3-564043019,S3-523695838,S3-587791501,S3-312442869,S3-444730740,S3-786831449,S3-364420425,S3-548914378,S3-651762109
S1-677741106	S2-682660453,S3-575167920,S3-74613320,S3-498867067,S3-957756328,S3-753125827
S1-681392030	S2-109121051,S3-53737228,S3-786009122
S1-68201540	S2-508602797,S2-684635925,S2-978126813,S2-349287094,S2-102309877,S2-800014563,S2-67505679,S2-59544689,S2-190103142,S2-298914373,S2-628335210,S2-109121051,S2-541414076,S2-891756213,S2-696635067,S2-773208378,S2-971339247,S2-996245861,S2-892923793,S2-308505251,S2-701787316,S2-394314645,S2-8982199,S2-131151726,S2-750426664,S2-117672295,S2-549881386,S2-528205184,S2-561420173,S2-859321758,S2-37081703,S2-321398182,S2-937703023,S2-679190243,S2-331339262,S2-281309190,S2-577969603,S2-840538759,S2-898880623,S2-492826161,S2-736787326,S2-590774517,S2-169597264,S2-631451351,S2-26324258,S3-53737228,S3-45067784,S3-128062172,S3-230314480,S3-878295053,S3-730662073,S3-607506773,S3-263247365,S3-232475819,S3-575968805,S3-702183940,S3-92974238,S3-901865937,S3-566328140,S3-797289734,S3-426545498,S3-375023535,S3-331944027,S3-890922145,S3-136675280,S3-507578619,S3-836927959,S3-260366126,S3-862789788,S3-32634960,S3-509442398,S3-460045321,S3-465433588,S3-703821326,S3-829490404,S3-896227623,S3-977086194,S3-479249803,S3-619115665,S3-91294893,S3-104260598,S3-444600693,S3-123694229,S3-197093940,S3-918357967,S3-659206129,S3-275360323,S3-26161361,S3-46768096,S3-126982322,S3-548783787,S3-803003378,S3-459705885,S3-610402578,S3-308631150,S3-408212372,S3-112942354,S3-960875960,S3-177049334,S3-551580447,S3-179738152,S3-434491965,S3-587791501,S3-444730740,S3-786831449,S3-364420425,S3-548914378,S3-651762109
S1-684012770	S2-838526909,S2-630651352,S2-736654053,S2-784715242,S2-716687956,S2-114121811,S2-772997011,S3-244694796,S3-804770389,S3-608740521,S3-712441242,S3-211164327,S3-180062010,S3-656934246,S3-109335189,S3-94880110,S3-330036890,S3-245133916,S3-69171474
S1-684505968	S2-829598251,S2-688657051,S2-728928259,S2-258702122,S2-529867680,S2-850499815,S2-552487507,S2-895797947,S2-698001157,S2-160694137,S2-878134898,S3-92974238,S3-507578619,S3-10942321,S3-780118815,S3-552320642
S1-684656443	S2-277444929,S2-91305348,S2-428899461,S2-224839523,S2-44100844,S2-895116270,S2-635228641,S2-952329168,S2-784592218,S2-280702058,S2-709626608,S2-308510117,S2-708389947,S2-789302288,S2-797821871,S2-297926319,S2-539779970,S2-187514897,S2-946002985,S2-560043342,S2-548542163,S2-492786272,S2-100598528,S3-859268022,S3-960981775,S3-776815069,S3-298996001,S3-572363539,S3-755888332,S3-314969122,S3-335805814,S3-987031930,S3-901865937,S3-284546096,S3-301461097,S3-35900036,S3-304581702,S3-659206129,S3-787353706,S3-833884099,S3-451480230,S3-431503485,S3-604536112,S3-728602891,S3-150068856,S3-354910039,S3-564043019,S3-523695838,S3-552320642
S1-684878299	S2-277444929,S2-91305348,S2-428899461,S2-224839523,S2-895116270,S2-635228641,S2-952329168,S2-784592218,S2-280702058,S2-709626608,S2-308510117,S2-708389947,S2-789302288,S2-797821871,S2-297926319,S2-539779970,S2-187514897,S2-946002985,S2-560043342,S2-548542163,S2-492786272,S2-100598528,S3-859268022,S3-776815069,S3-298996001,S3-572363539,S3-314969122,S3-335805814,S3-891618576,S3-284546096,S3-301461097,S3-35900036,S3-304581702,S3-787353706,S3-833884099,S3-451480230,S3-431503485,S3-604536112,S3-728602891,S3-150068856,S3-564043019,S3-523695838,S3-489913201,S3-552320642
S1-694085192	S2-235039028,S2-73037424,S2-402816014,S2-516249560,S2-811863966,S2-699301561,S3-181819854,S3-299576808,S3-161412777,S3-269888656,S3-75056814
S1-698189395	S2-277444929,S2-91305348,S2-428899461,S2-224839523,S2-895116270,S2-635228641,S2-952329168,S2-784592218,S2-280702058,S2-709626608,S2-394314645,S2-308510117,S2-708389947,S2-789302288,S2-797821871,S2-897475107,S2-297926319,S2-679190243,S2-539779970,S2-187514897,S2-946002985,S2-539414515,S2-560043342,S2-268932954,S2-548542163,S2-492786272,S2-100598528,S3-859268022,S3-776815069,S3-298996001,S3-572363539,S3-314969122,S3-335805814,S3-987031930,S3-260366126,S3-447961633,S3-60787735,S3-284546096,S3-301461097,S3-35900036,S3-304581702,S3-787353706,S3-833884099,S3-325154278,S3-451480230,S3-463723999,S3-431503485,S3-604536112,S3-728602891,S3-150068856,S3-564043019,S3-523695838,S3-489913201,S3-552320642,S3-651762109
S1-698954473	S2-277444929,S2-508602797,S2-684635925,S2-91305348,S2-978126813,S2-349287094,S2-163588551,S2-102309877,S2-224839523,S2-829598251,S2-800014563,S2-67505679,S2-59544689,S2-469073813,S2-435778329,S2-952329168,S2-190103142,S2-298914373,S2-628335210,S2-757169960,S2-109121051,S2-541414076,S2-891756213,S2-696635067,S2-971339247,S2-996245861,S2-892923793,S2-308505251,S2-688657051,S2-701787316,S2-709626608,S2-394314645,S2-308510117,S2-708389947,S2-8982199,S2-933278322,S2-131151726,S2-750426664,S2-529867680,S2-117672295,S2-549881386,S2-797821871,S2-528205184,S2-516126165,S2-561420173,S2-859321758,S2-990119436,S2-37081703,S2-297926319,S2-321398182,S2-554610011,S2-528320338,S2-937703023,S2-679190243,S2-761989439,S2-331339262,S2-187514897,S2-946002985,S2-281309190,S2-577969603,S2-449617627,S2-379148212,S2-769858942,S2-532543036,S2-726045392,S2-930194769,S2-840538759,S2-898880623,S2-492826161,S2-736787326,S2-382657775,S2-590774517,S2-169597264,S2-165930564,S2-210903973,S2-811707035,S2-980846147,S2-252321761,S2-631451351,S2-26324258,S2-100598528,S3-859268022,S3-53737228,S3-45067784,S3-128062172,S3-776815069,S3-230314480,S3-878295053,S3-572363539,S3-730662073,S3-891901989,S3-607506773,S3-263247365,S3-232475819,S3-575968805,S3-702183940,S3-92974238,S3-901865937,S3-566328140,S3-797289734,S3-588120445,S3-207262214,S3-426545498,S3-367524706,S3-375023535,S3-331944027,S3-169505996,S3-890922145,S3-891626766,S3-136675280,S3-507578619,S3-836927959,S3-260366126,S3-211882578,S3-862789788,S3-714994003,S3-32634960,S3-509442398,S3-976681859,S3-447961633,S3-190135542,S3-954711163,S3-393744173,S3-460045321,S3-678683280,S3-786009122,S3-302901311,S3-465433588,S3-703821326,S3-829490404,S3-896227623,S3-977086194,S3-891618576,S3-479249803,S3-619115665,S3-91294893,S3-104260598,S3-444600693,S3-123694229,S3-197093940,S3-439655728,S3-210818742,S3-918357967,S3-659206129,S3-275360323,S3-968476116,S3-787353706,S3-833884099,S3-26161361,S3-46768096,S3-126982322,S3-548783787,S3-699643086,S3-803003378,S3-459705885,S3-405553422,S3-610402578,S3-308631150,S3-592073516,S3-408212372,S3-262158504,S3-728602891,S3-150068856,S3-112942354,S3-960875960,S3-354910039,S3-177049334,S3-551580447,S3-179738152,S3-434491965,S3-564043019,S3-523695838,S3-587791501,S3-312442869,S3-444730740,S3-786831449,S3-364420425,S3-548914378,S3-651762109
S1-699955992	S2-721031885,S2-868087865,S2-795141272,S2-953098128,S2-54307441,S2-208005980,S2-187379771,S2-705827573,S2-265287731,S2-622773844,S2-333785505,S2-556543773,S2-152030787,S2-667620668,S2-563158163,S2-41847464,S2-475524221,S2-652827281,S2-943996696,S2-878003016,S2-533197229,S2-402804051,S2-299258785,S2-489049291,S2-756454257,S2-347017935,S2-989100620,S2-556803824,S2-1722538,S2-575166296,S2-61330089,S2-790721694,S2-193995593,S2-811863966,S2-438678740,S2-646516046,S2-828726837,S2-14102665,S2-681609924,S2-374779945,S2-781397767,S2-857071377,S2-482353871,S2-699301561,S2-241726445,S2-131264573,S2-79905632,S3-22467283,S3-578159284,S3-504183980,S3-118652570,S3-323153716,S3-875583147,S3-444450554,S3-660160649,S3-51937572,S3-411324695,S3-97933587,S3-299576808,S3-921372917,S3-961916983,S3-519350515,S3-354096900,S3-369130400,S3-889312836,S3-510778048,S3-81161554,S3-903416633,S3-80323204,S3-257771188,S3-775274701,S3-783906913,S3-289677596,S3-325999314,S3-975051187,S3-49672113,S3-951624052,S3-532479968,S3-593749288,S3-240930945,S3-966369596,S3-861155049,S3-331595551,S3-81212547,S3-800499462,S3-642917160,S3-300224532,S3-789929510
S1-701741704	S2-721031885,S2-868087865,S2-795141272,S2-953098128,S2-133664209,S2-54307441,S2-208005980,S2-187379771,S2-705827573,S2-162849450,S2-265287731,S2-622773844,S2-333785505,S2-556543773,S2-152030787,S2-667620668,S2-563158163,S2-41847464,S2-475524221,S2-652827281,S2-943996696,S2-878003016,S2-533197229,S2-402804051,S2-785852339,S2-299258785,S2-489049291,S2-756454257,S2-347017935,S2-989100620,S2-556803824,S2-1722538,S2-575166296,S2-61330089,S2-790721694,S2-193995593,S2-811863966,S2-438678740,S2-646516046,S2-828726837,S2-14102665,S2-681609924,S2-374779945,S2-781397767,S2-857071377,S2-482353871,S2-699301561,S2-241726445,S2-131264573,S2-79905632,S3-22467283,S3-578159284,S3-504183980,S3-118652570,S3-323153716,S3-875583147,S3-444450554,S3-660160649,S3-51937572,S3-411324695,S3-97933587,S3-299576808,S3-921372917,S3-961916983,S3-519350515,S3-354096900,S3-369130400,S3-889312836,S3-510778048,S3-81161554,S3-903416633,S3-80323204,S3-257771188,S3-775274701,S3-783906913,S3-289677596,S3-325999314,S3-975051187,S3-240414259,S3-49672113,S3-951624052,S3-532479968,S3-593749288,S3-240930945,S3-966369596,S3-861155049,S3-331595551,S3-81212547,S3-800499462,S3-642917160,S3-300224532,S3-789929510
S1-705961596	S2-277444929,S2-508602797,S2-684635925,S2-91305348,S2-978126813,S2-349287094,S2-163588551,S2-102309877,S2-224839523,S2-829598251,S2-800014563,S2-67505679,S2-59544689,S2-469073813,S2-435778329,S2-190103142,S2-298914373,S2-628335210,S2-757169960,S2-109121051,S2-541414076,S2-891756213,S2-696635067,S2-971339247,S2-996245861,S2-892923793,S2-308505251,S2-688657051,S2-701787316,S2-709626608,S2-394314645,S2-308510117,S2-708389947,S2-8982199,S2-933278322,S2-131151726,S2-750426664,S2-117672295,S2-549881386,S2-797821871,S2-528205184,S2-516126165,S2-561420173,S2-859321758,S2-37081703,S2-297926319,S2-321398182,S2-554610011,S2-528320338,S2-937703023,S2-679190243,S2-331339262,S2-187514897,S2-946002985,S2-281309190,S2-577969603,S2-449617627,S2-379148212,S2-769858942,S2-532543036,S2-726045392,S2-840538759,S2-898880623,S2-492826161,S2-736787326,S2-382657775,S2-590774517,S2-169597264,S2-165930564,S2-811707035,S2-980846147,S2-252321761,S2-631451351,S2-26324258,S2-100598528,S3-859268022,S3-53737228,S3-45067784,S3-128062172,S3-230314480,S3-878295053,S3-572363539,S3-730662073,S3-891901989,S3-607506773,S3-263247365,S3-232475819,S3-575968805,S3-702183940,S3-92974238,S3-901865937,S3-566328140,S3-797289734,S3-588120445,S3-426545498,S3-367524706,S3-375023535,S3-331944027,S3-169505996,S3-890922145,S3-891626766,S3-136675280,S3-507578619,S3-836927959,S3-260366126,S3-862789788,S3-714994003,S3-32634960,S3-509442398,S3-976681859,S3-190135542,S3-954711163,S3-393744173,S3-460045321,S3-678683280,S3-302901311,S3-465433588,S3-703821326,S3-829490404,S3-896227623,S3-977086194,S3-891618576,S3-479249803,S3-619115665,S3-91294893,S3-104260598,S3-444600693,S3-123694229,S3-197093940,S3-439655728,S3-210818742,S3-918357967,S3-659206129,S3-275360323,S3-968476116,S3-787353706,S3-833884099,S3-26161361,S3-46768096,S3-126982322,S3-548783787,S3-699643086,S3-803003378,S3-459705885,S3-610402578,S3-308631150,S3-408212372,S3-728602891,S3-112942354,S3-960875960,S3-354910039,S3-177049334,S3-551580447,S3-179738152,S3-434491965,S3-564043019,S3-523695838,S3-587791501,S3-312442869,S3-444730740,S3-786831449,S3-364420425,S3-548914378,S3-651762109
S1-706514314	S2-721031885,S2-868087865,S2-795141272,S2-953098128,S2-54307441,S2-208005980,S2-187379771,S2-705827573,S2-265287731,S2-622773844,S2-333785505,S2-556543773,S2-152030787,S2-667620668,S2-563158163,S2-41847464,S2-475524221,S2-652827281,S2-943996696,S2-878003016,S2-533197229,S2-402804051,S2-299258785,S2-489049291,S2-756454257,S2-347017935,S2-716687956,S2-989100620,S2-556803824,S2-1722538,S2-575166296,S2-61330089,S2-790721694,S2-193995593,S2-811863966,S2-438678740,S2-646516046,S2-828726837,S2-14102665,S2-681609924,S2-374779945,S2-781397767,S2-857071377,S2-482353871,S2-699301561,S2-241726445,S2-131264573,S2-79905632,S2-716961117,S3-22467283,S3-578159284,S3-504183980,S3-118652570,S3-323153716,S3-875583147,S3-444450554,S3-660160649,S3-51937572,S3-411324695,S3-97933587,S3-630633029,S3-299576808,S3-921372917,S3-161412777,S3-961916983,S3-519350515,S3-354096900,S3-369130400,S3-889312836,S3-510778048,S3-81161554,S3-903416633,S3-80323204,S3-257771188,S3-775274701,S3-783906913,S3-289677596,S3-325999314,S3-975051187,S3-49672113,S3-951624052,S3-532479968,S3-593749288,S3-240930945,S3-966369596,S3-861155049,S3-331595551,S3-81212547,S3-800499462,S3-642917160,S3-300224532,S3-789929510
S1-708417088	S2-277444929,S2-508602797,S2-684635925,S2-91305348,S2-978126813,S2-349287094,S2-163588551,S2-102309877,S2-224839523,S2-829598251,S2-800014563,S2-67505679,S2-59544689,S2-469073813,S2-435778329,S2-190103142,S2-298914373,S2-628335210,S2-757169960,S2-109121051,S2-541414076,S2-891756213,S2-696635067,S2-971339247,S2-996245861,S2-892923793,S2-308505251,S2-688657051,S2-701787316,S2-709626608,S2-394314645,S2-308510117,S2-708389947,S2-8982199,S2-933278322,S2-131151726,S2-750426664,S2-117672295,S2-549881386,S2-797821871,S2-528205184,S2-516126165,S2-561420173,S2-859321758,S2-37081703,S2-297926319,S2-321398182,S2-554610011,S2-528320338,S2-937703023,S2-679190243,S2-331339262,S2-187514897,S2-946002985,S2-281309190,S2-577969603,S2-449617627,S2-379148212,S2-769858942,S2-532543036,S2-726045392,S2-840538759,S2-898880623,S2-492826161,S2-736787326,S2-382657775,S2-590774517,S2-169597264,S2-165930564,S2-811707035,S2-980846147,S2-252321761,S2-631451351,S2-26324258,S2-100598528,S3-859268022,S3-53737228,S3-45067784,S3-128062172,S3-230314480,S3-878295053,S3-572363539,S3-730662073,S3-891901989,S3-607506773,S3-263247365,S3-232475819,S3-575968805,S3-702183940,S3-92974238,S3-901865937,S3-566328140,S3-797289734,S3-588120445,S3-426545498,S3-367524706,S3-375023535,S3-331944027,S3-169505996,S3-890922145,S3-891626766,S3-136675280,S3-507578619,S3-836927959,S3-260366126,S3-862789788,S3-714994003,S3-32634960,S3-509442398,S3-976681859,S3-190135542,S3-954711163,S3-393744173,S3-460045321,S3-678683280,S3-302901311,S3-465433588,S3-703821326,S3-829490404,S3-896227623,S3-977086194,S3-891618576,S3-479249803,S3-619115665,S3-91294893,S3-104260598,S3-444600693,S3-123694229,S3-197093940,S3-439655728,S3-210818742,S3-918357967,S3-659206129,S3-275360323,S3-968476116,S3-787353706,S3-833884099,S3-26161361,S3-46768096,S3-126982322,S3-548783787,S3-699643086,S3-803003378,S3-459705885,S3-610402578,S3-308631150,S3-408212372,S3-728602891,S3-112942354,S3-960875960,S3-354910039,S3-177049334,S3-551580447,S3-179738152,S3-434491965,S3-564043019,S3-523695838,S3-587791501,S3-312442869,S3-444730740,S3-786831449,S3-364420425,S3-548914378,S3-651762109
S1-708796012	S2-235039028,S2-401480583,S2-464291399,S2-785852339,S2-103317508,S2-589492301,S2-934037681,S3-875583147,S3-777257171,S3-585479914,S3-36683911,S3-761438523,S3-75056814,S3-898251122,S3-762825829,S3-494118563
S1-711682948	S2-721031885,S2-868087865,S2-795141272,S2-953098128,S2-54307441,S2-208005980,S2-187379771,S2-705827573,S2-265287731,S2-622773844,S2-333785505,S2-556543773,S2-152030787,S2-667620668,S2-563158163,S2-41847464,S2-475524221,S2-652827281,S2-943996696,S2-878003016,S2-533197229,S2-402804051,S2-299258785,S2-489049291,S2-756454257,S2-347017935,S2-989100620,S2-556803824,S2-1722538,S2-575166296,S2-61330089,S2-790721694,S2-193995593,S2-811863966,S2-438678740,S2-646516046,S2-828726837,S2-14102665,S2-681609924,S2-374779945,S2-781397767,S2-857071377,S2-482353871,S2-699301561,S2-241726445,S2-131264573,S2-325615566,S2-79905632,S3-22467283,S3-578159284,S3-504183980,S3-118652570,S3-323153716,S3-875583147,S3-444450554,S3-660160649,S3-51937572,S3-411324695,S3-97933587,S3-299576808,S3-921372917,S3-961916983,S3-519350515,S3-354096900,S3-369130400,S3-889312836,S3-510778048,S3-81161554,S3-903416633,S3-80323204,S3-257771188,S3-775274701,S3-783906913,S3-289677596,S3-325999314,S3-975051187,S3-49672113,S3-951624052,S3-532479968,S3-593749288,S3-240930945,S3-966369596,S3-861155049,S3-331595551,S3-81212547,S3-800499462,S3-642917160,S3-300224532,S3-789929510
S1-71172417	S2-277444929,S2-508602797,S2-684635925,S2-91305348,S2-978126813,S2-349287094,S2-163588551,S2-102309877,S2-224839523,S2-829598251,S2-800014563,S2-67505679,S2-59544689,S2-469073813,S2-435778329,S2-190103142,S2-298914373,S2-628335210,S2-757169960,S2-109121051,S2-541414076,S2-891756213,S2-696635067,S2-971339247,S2-996245861,S2-892923793,S2-308505251,S2-688657051,S2-701787316,S2-709626608,S2-394314645,S2-308510117,S2-708389947,S2-8982199,S2-933278322,S2-131151726,S2-750426664,S2-117672295,S2-549881386,S2-797821871,S2-528205184,S2-516126165,S2-561420173,S2-859321758,S2-37081703,S2-297926319,S2-321398182,S2-554610011,S2-528320338,S2-937703023,S2-679190243,S2-331339262,S2-187514897,S2-946002985,S2-281309190,S2-577969603,S2-449617627,S2-379148212,S2-769858942,S2-532543036,S2-726045392,S2-840538759,S2-898880623,S2-492826161,S2-736787326,S2-382657775,S2-590774517,S2-169597264,S2-165930564,S2-811707035,S2-980846147,S2-252321761,S2-631451351,S2-26324258,S2-100598528,S3-859268022,S3-53737228,S3-45067784,S3-128062172,S3-230314480,S3-878295053,S3-572363539,S3-730662073,S3-891901989,S3-607506773,S3-263247365,S3-232475819,S3-575968805,S3-702183940,S3-92974238,S3-901865937,S3-566328140,S3-797289734,S3-588120445,S3-426545498,S3-367524706,S3-375023535,S3-331944027,S3-169505996,S3-890922145,S3-891626766,S3-136675280,S3-507578619,S3-836927959,S3-260366126,S3-862789788,S3-714994003,S3-32634960,S3-509442398,S3-976681859,S3-190135542,S3-954711163,S3-393744173,S3-460045321,S3-678683280,S3-302901311,S3-465433588,S3-703821326,S3-829490404,S3-896227623,S3-977086194,S3-891618576,S3-479249803,S3-619115665,S3-91294893,S3-104260598,S3-444600693,S3-123694229,S3-197093940,S3-439655728,S3-210818742,S3-918357967,S3-659206129,S3-275360323,S3-968476116,S3-787353706,S3-833884099,S3-26161361,S3-46768096,S3-126982322,S3-548783787,S3-699643086,S3-803003378,S3-459705885,S3-610402578,S3-308631150,S3-408212372,S3-728602891,S3-112942354,S3-960875960,S3-354910039,S3-177049334,S3-551580447,S3-179738152,S3-434491965,S3-564043019,S3-523695838,S3-587791501,S3-312442869,S3-444730740,S3-786831449,S3-364420425,S3-548914378,S3-651762109
S1-714672596	S2-669879950,S2-298761341,S2-888440125,S2-625831173,S2-472544795,S2-402816908,S2-475524221,S2-269084113,S2-479278257,S2-100101893,S2-801373301,S2-716687956,S2-938612654,S2-629499045,S2-492879191,S2-575166296,S2-904673479,S2-993723166,S2-661443009,S2-957143385,S2-308734653,S2-746717750,S2-764430935,S2-241726445,S2-325615566,S3-121412624,S3-551148968,S3-533193854,S3-777257171,S3-940228072,S3-299576808,S3-838486566,S3-14718400,S3-517654841,S3-49672113,S3-980152742,S3-417218868,S3-896638301,S3-659963286,S3-390731898,S3-436725377,S3-114276926,S3-182177107,S3-863237476,S3-245133916,S3-168396245
S1-716442915	S2-623817123,S3-171901473,S3-105263451,S3-879599711,S3-113462535
S1-716574008	S2-469073813,S2-109121051,S2-64301738,S2-539779970,S3-878820114,S3-263247365,S3-588120445,S3-284546096,S3-306170136,S3-275360323,S3-803003378
S1-71714945	S2-129228958,S2-623164214,S2-988340451,S2-299258785,S2-663446783,S2-72944171,S2-891051005,S2-108630610,S3-628876983,S3-421946613,S3-608740521,S3-577079257,S3-184811928,S3-240414259,S3-561696284,S3-829024295,S3-937604614
S1-719919136	S2-508602797,S2-684635925,S2-978126813,S2-349287094,S2-102309877,S2-800014563,S2-67505679,S2-59544689,S2-190103142,S2-298914373,S2-628335210,S2-109121051,S2-541414076,S2-891756213,S2-696635067,S2-971339247,S2-996245861,S2-892923793,S2-308505251,S2-701787316,S2-394314645,S2-8982199,S2-131151726,S2-750426664,S2-117672295,S2-549881386,S2-528205184,S2-561420173,S2-859321758,S2-37081703,S2-321398182,S2-937703023,S2-679190243,S2-331339262,S2-281309190,S2-577969603,S2-840538759,S2-898880623,S2-492826161,S2-736787326,S2-590774517,S2-169597264,S2-631451351,S2-26324258,S3-53737228,S3-45067784,S3-128062172,S3-230314480,S3-878295053,S3-730662073,S3-607506773,S3-263247365,S3-232475819,S3-575968805,S3-92974238,S3-901865937,S3-566328140,S3-797289734,S3-426545498,S3-375023535,S3-331944027,S3-890922145,S3-891626766,S3-136675280,S3-507578619,S3-836927959,S3-260366126,S3-862789788,S3-32634960,S3-509442398,S3-460045321,S3-465433588,S3-703821326,S3-829490404,S3-896227623,S3-977086194,S3-479249803,S3-619115665,S3-301461097,S3-91294893,S3-104260598,S3-444600693,S3-123694229,S3-197093940,S3-918357967,S3-659206129,S3-275360323,S3-26161361,S3-46768096,S3-126982322,S3-548783787,S3-803003378,S3-459705885,S3-610402578,S3-308631150,S3-408212372,S3-112942354,S3-960875960,S3-177049334,S3-551580447,S3-179738152,S3-434491965,S3-587791501,S3-444730740,S3-786831449,S3-364420425,S3-548914378,S3-651762109
S1-720468760	S2-669879950,S2-298761341,S2-472544795,S2-475524221,S2-479278257,S2-100101893,S2-836566896,S2-629499045,S2-492879191,S2-575166296,S2-904673479,S2-957143385,S2-746717750,S2-241726445,S3-551148968,S3-777257171,S3-940228072,S3-299576808,S3-519350515,S3-14718400,S3-517654841,S3-49672113,S3-980152742,S3-390731898,S3-436725377,S3-114276926,S3-245133916,S3-168396245
S1-72918323	S2-721031885,S2-868087865,S2-795141272,S2-953098128,S2-54307441,S2-208005980,S2-187379771,S2-705827573,S2-265287731,S2-622773844,S2-333785505,S2-556543773,S2-152030787,S2-667620668,S2-563158163,S2-41847464,S2-475524221,S2-652827281,S2-943996696,S2-878003016,S2-533197229,S2-402804051,S2-299258785,S2-489049291,S2-756454257,S2-347017935,S2-989100620,S2-556803824,S2-1722538,S2-575166296,S2-61330089,S2-790721694,S2-193995593,S2-811863966,S2-918763928,S2-438678740,S2-646516046,S2-828726837,S2-14102665,S2-681609924,S2-374779945,S2-781397767,S2-857071377,S2-482353871,S2-699301561,S2-241726445,S2-131264573,S2-79905632,S3-22467283,S3-578159284,S3-504183980,S3-118652570,S3-323153716,S3-875583147,S3-444450554,S3-660160649,S3-51937572,S3-411324695,S3-97933587,S3-299576808,S3-921372917,S3-961916983,S3-519350515,S3-354096900,S3-369130400,S3-889312836,S3-510778048,S3-81161554,S3-903416633,S3-80323204,S3-257771188,S3-775274701,S3-783906913,S3-289677596,S3-325999314,S3-975051187,S3-49672113,S3-951624052,S3-532479968,S3-593749288,S3-240930945,S3-966369596,S3-861155049,S3-331595551,S3-81212547,S3-800499462,S3-642917160,S3-300224532,S3-789929510
S1-730858380	S2-277444929,S2-508602797,S2-684635925,S2-91305348,S2-978126813,S2-349287094,S2-163588551,S2-102309877,S2-224839523,S2-829598251,S2-800014563,S2-67505679,S2-59544689,S2-469073813,S2-435778329,S2-190103142,S2-298914373,S2-628335210,S2-757169960,S2-109121051,S2-541414076,S2-891756213,S2-696635067,S2-971339247,S2-996245861,S2-892923793,S2-308505251,S2-688657051,S2-701787316,S2-709626608,S2-394314645,S2-308510117,S2-708389947,S2-8982199,S2-933278322,S2-131151726,S2-750426664,S2-117672295,S2-549881386,S2-797821871,S2-528205184,S2-516126165,S2-561420173,S2-859321758,S2-37081703,S2-297926319,S2-321398182,S2-554610011,S2-528320338,S2-937703023,S2-679190243,S2-761989439,S2-331339262,S2-187514897,S2-946002985,S2-281309190,S2-577969603,S2-449617627,S2-379148212,S2-769858942,S2-532543036,S2-726045392,S2-840538759,S2-898880623,S2-492826161,S2-736787326,S2-382657775,S2-590774517,S2-169597264,S2-165930564,S2-811707035,S2-980846147,S2-252321761,S2-631451351,S2-26324258,S2-100598528,S3-859268022,S3-53737228,S3-45067784,S3-128062172,S3-230314480,S3-878295053,S3-572363539,S3-664253519,S3-730662073,S3-891901989,S3-607506773,S3-263247365,S3-232475819,S3-575968805,S3-702183940,S3-92974238,S3-901865937,S3-566328140,S3-797289734,S3-588120445,S3-426545498,S3-367524706,S3-375023535,S3-331944027,S3-169505996,S3-890922145,S3-891626766,S3-136675280,S3-507578619,S3-836927959,S3-260366126,S3-862789788,S3-714994003,S3-32634960,S3-509442398,S3-976681859,S3-190135542,S3-954711163,S3-393744173,S3-460045321,S3-678683280,S3-302901311,S3-465433588,S3-703821326,S3-829490404,S3-896227623,S3-977086194,S3-891618576,S3-479249803,S3-619115665,S3-91294893,S3-104260598,S3-444600693,S3-123694229,S3-197093940,S3-439655728,S3-210818742,S3-918357967,S3-659206129,S3-275360323,S3-968476116,S3-787353706,S3-833884099,S3-26161361,S3-46768096,S3-126982322,S3-548783787,S3-699643086,S3-803003378,S3-459705885,S3-610402578,S3-308631150,S3-408212372,S3-728602891,S3-112942354,S3-960875960,S3-354910039,S3-177049334,S3-551580447,S3-179738152,S3-434491965,S3-564043019,S3-523695838,S3-587791501,S3-312442869,S3-444730740,S3-786831449,S3-364420425,S3-548914378,S3-651762109
S1-737635669	S2-634015823,S2-103972023,S3-608740521,S3-565165190
S1-737977090	S2-138046867,S2-125007797,S2-187379771,S2-689674207,S2-968244171,S2-142962200,S2-468234939,S2-439384858,S2-450266205,S2-299258785,S2-663446783,S2-591536531,S2-824414038,S2-323747399,S2-781397767,S2-131264573,S3-625913156,S3-341396567,S3-38557301,S3-975051187,S3-988483404,S3-833085447,S3-861155049,S3-659963286
S1-739195544	S2-764573417,S2-163963287,S2-49942811,S2-669879950,S2-332014708,S2-257885603,S2-162849450,S2-164086509,S2-871017791,S2-472544795,S2-967974285,S2-322211984,S2-430379962,S2-648129048,S2-218208532,S2-236577190,S2-755671955,S2-173632166,S2-384219063,S2-232105388,S2-103972023,S2-876721131,S2-957143385,S2-519903945,S3-249416830,S3-493572667,S3-44013376,S3-585479914,S3-791460119,S3-161412777,S3-458988960,S3-113462535,S3-6605683,S3-988710395,S3-899583090,S3-536959514,S3-748452890,S3-306897876,S3-393484059,S3-829024295,S3-833085447,S3-564535893,S3-380295664,S3-189240583,S3-946323575,S3-736041086,S3-961058678,S3-201614402,S3-30824703,S3-311526271,S3-82016851,S3-379984324,S3-406009851,S3-390731898,S3-913950232
S1-740254254	S2-721031885,S2-868087865,S2-795141272,S2-953098128,S2-54307441,S2-208005980,S2-187379771,S2-457500956,S2-705827573,S2-265287731,S2-622773844,S2-333785505,S2-556543773,S2-152030787,S2-667620668,S2-563158163,S2-690151442,S2-41847464,S2-475524221,S2-652827281,S2-943996696,S2-878003016,S2-533197229,S2-402804051,S2-299258785,S2-489049291,S2-756454257,S2-347017935,S2-516249560,S2-716687956,S2-989100620,S2-556803824,S2-1722538,S2-575166296,S2-61330089,S2-790721694,S2-193995593,S2-811863966,S2-438678740,S2-646516046,S2-828726837,S2-14102665,S2-681609924,S2-374779945,S2-781397767,S2-857071377,S2-482353871,S2-699301561,S2-241726445,S2-131264573,S2-79905632,S2-716961117,S3-22467283,S3-578159284,S3-504183980,S3-118652570,S3-323153716,S3-875583147,S3-444450554,S3-660160649,S3-51937572,S3-411324695,S3-97933587,S3-299576808,S3-921372917,S3-161412777,S3-961916983,S3-519350515,S3-354096900,S3-369130400,S3-889312836,S3-510778048,S3-81161554,S3-903416633,S3-80323204,S3-257771188,S3-775274701,S3-783906913,S3-289677596,S3-325999314,S3-975051187,S3-49672113,S3-951624052,S3-532479968,S3-593749288,S3-80888417,S3-240930945,S3-966369596,S3-861155049,S3-331595551,S3-81212547,S3-800499462,S3-642917160,S3-300224532,S3-789929510
S1-743171772	S2-235039028,S2-669879950,S2-401480583,S2-298761341,S2-888440125,S2-625831173,S2-464291399,S2-472544795,S2-402816908,S2-475524221,S2-269084113,S2-479278257,S2-100101893,S2-785852339,S2-103317508,S2-801373301,S2-716687956,S2-938612654,S2-629499045,S2-492879191,S2-575166296,S2-589492301,S2-904673479,S2-993723166,S2-661443009,S2-934037681,S2-957143385,S2-308734653,S2-746717750,S2-764430935,S2-241726445,S2-325615566,S3-121412624,S3-551148968,S3-875583147,S3-533193854,S3-777257171,S3-940228072,S3-299576808,S3-585479914,S3-36683911,S3-838486566,S3-761438523,S3-14718400,S3-517654841,S3-49672113,S3-980152742,S3-75056814,S3-898251122,S3-417218868,S3-762825829,S3-494118563,S3-896638301,S3-659963286,S3-390731898,S3-436725377,S3-114276926,S3-182177107,S3-863237476,S3-245133916,S3-168396245
S1-743936349	S3-396182476,S3-833134140
S1-745976550	S2-669879950,S2-298761341,S2-472544795,S2-475524221,S2-479278257,S2-100101893,S2-591536531,S2-492879191,S2-575166296,S2-904673479,S2-957143385,S2-746717750,S2-241726445,S3-551148968,S3-777257171,S3-940228072,S3-299576808,S3-14718400,S3-517654841,S3-49672113,S3-980152742,S3-390731898,S3-436725377,S3-114276926,S3-245133916,S3-168396245
S1-746273151	S2-764573417,S2-163963287,S2-49942811,S2-669879950,S2-332014708,S2-257885603,S2-457500956,S2-162849450,S2-164086509,S2-871017791,S2-472544795,S2-967974285,S2-322211984,S2-430379962,S2-648129048,S2-785852339,S2-218208532,S2-236577190,S2-516249560,S2-716687956,S2-755671955,S2-173632166,S2-384219063,S2-232105388,S2-103972023,S2-876721131,S2-957143385,S2-519903945,S2-716961117,S3-249416830,S3-493572667,S3-630633029,S3-44013376,S3-585479914,S3-791460119,S3-161412777,S3-458988960,S3-903416633,S3-113462535,S3-6605683,S3-988710395,S3-899583090,S3-536959514,S3-748452890,S3-306897876,S3-393484059,S3-829024295,S3-833085447,S3-80888417,S3-564535893,S3-380295664,S3-189240583,S3-946323575,S3-736041086,S3-961058678,S3-201614402,S3-30824703,S3-311526271,S3-82016851,S3-379984324,S3-406009851,S3-390731898,S3-913950232
S1-748364403	S2-73037424,S2-888440125,S2-625831173,S2-402816908,S2-269084113,S2-801373301,S2-716687956,S2-938612654,S2-629499045,S2-993723166,S2-811863966,S2-661443009,S2-308734653,S2-764430935,S2-325615566,S3-121412624,S3-533193854,S3-838486566,S3-417218868,S3-4573520,S3-896638301,S3-659963286,S3-182177107,S3-863237476
S1-74901450	S2-297926319,S3-197093940,S3-803003378,S3-709021698
S1-75134768	S2-298914373,S2-605633090,S3-35900036,S3-408212372
S1-754175313	S2-277444929,S2-508602797,S2-684635925,S2-91305348,S2-978126813,S2-349287094,S2-163588551,S2-102309877,S2-224839523,S2-168770832,S2-829598251,S2-800014563,S2-67505679,S2-59544689,S2-469073813,S2-435778329,S2-190103142,S2-298914373,S2-628335210,S2-757169960,S2-109121051,S2-541414076,S2-891756213,S2-696635067,S2-971339247,S2-996245861,S2-892923793,S2-308505251,S2-688657051,S2-701787316,S2-709626608,S2-394314645,S2-308510117,S2-708389947,S2-8982199,S2-933278322,S2-131151726,S2-750426664,S2-117672295,S2-549881386,S2-797821871,S2-528205184,S2-516126165,S2-561420173,S2-859321758,S2-37081703,S2-297926319,S2-321398182,S2-554610011,S2-528320338,S2-937703023,S2-679190243,S2-331339262,S2-187514897,S2-946002985,S2-281309190,S2-577969603,S2-449617627,S2-379148212,S2-769858942,S2-532543036,S2-726045392,S2-840538759,S2-898880623,S2-492826161,S2-736787326,S2-382657775,S2-590774517,S2-169597264,S2-165930564,S2-811707035,S2-980846147,S2-252321761,S2-631451351,S2-26324258,S2-100598528,S3-859268022,S3-53737228,S3-45067784,S3-128062172,S3-230314480,S3-878295053,S3-572363539,S3-730662073,S3-891901989,S3-607506773,S3-263247365,S3-232475819,S3-575968805,S3-702183940,S3-92974238,S3-901865937,S3-566328140,S3-797289734,S3-588120445,S3-426545498,S3-367524706,S3-375023535,S3-331944027,S3-169505996,S3-890922145,S3-891626766,S3-136675280,S3-507578619,S3-836927959,S3-260366126,S3-862789788,S3-714994003,S3-32634960,S3-509442398,S3-976681859,S3-190135542,S3-954711163,S3-393744173,S3-460045321,S3-678683280,S3-302901311,S3-465433588,S3-703821326,S3-829490404,S3-896227623,S3-977086194,S3-891618576,S3-479249803,S3-619115665,S3-91294893,S3-104260598,S3-444600693,S3-123694229,S3-197093940,S3-439655728,S3-210818742,S3-918357967,S3-659206129,S3-275360323,S3-968476116,S3-787353706,S3-833884099,S3-26161361,S3-46768096,S3-463723999,S3-126982322,S3-548783787,S3-699643086,S3-803003378,S3-459705885,S3-610402578,S3-308631150,S3-408212372,S3-728602891,S3-112942354,S3-960875960,S3-354910039,S3-177049334,S3-551580447,S3-179738152,S3-434491965,S3-564043019,S3-523695838,S3-587791501,S3-312442869,S3-444730740,S3-786831449,S3-364420425,S3-548914378,S3-651762109
S1-755362802	S2-67505679,S2-895116270,S2-635228641,S2-467948188,S2-280702058,S2-8982199,S2-215182600,S3-878295053,S3-725749046,S3-298996001,S3-136675280,S3-26161361,S3-46768096,S3-150068856,S3-444730740
S1-756304715	S2-661443009
S1-757082720	S2-537858187,S2-5405243,S2-736654053,S2-347017935,S2-945842043,S3-551148968,S3-474790592,S3-761438523,S3-637595241,S3-96513872,S3-754421830
S1-75862106	S2-235039028,S2-401480583,S2-464291399,S2-785852339,S2-103317508,S2-589492301,S2-934037681,S3-875583147,S3-777257171,S3-585479914,S3-36683911,S3-761438523,S3-75056814,S3-506388347,S3-898251122,S3-762825829,S3-494118563
S1-760380153	S2-142962200,S2-326195146,S2-27324542,S3-566665563,S3-710694466,S3-999637845,S3-725340910,S3-490078702
S1-761585587	S2-129228958,S2-623164214,S2-988340451,S2-663446783,S2-430367614,S2-72944171,S2-891051005,S2-108630610,S3-121412624,S3-628876983,S3-421946613,S3-608740521,S3-240414259,S3-561696284,S3-738431506,S3-937604614
S1-761874846	S2-764573417,S2-163963287,S2-49942811,S2-669879950,S2-332014708,S2-257885603,S2-298761341,S2-162849450,S2-164086509,S2-871017791,S2-472544795,S2-967974285,S2-475524221,S2-322211984,S2-430379962,S2-479278257,S2-100101893,S2-648129048,S2-218208532,S2-236577190,S2-755671955,S2-173632166,S2-384219063,S2-492879191,S2-575166296,S2-904673479,S2-232105388,S2-103972023,S2-876721131,S2-957143385,S2-746717750,S2-241726445,S2-519903945,S3-249416830,S3-551148968,S3-777257171,S3-493572667,S3-940228072,S3-299576808,S3-44013376,S3-585479914,S3-791460119,S3-161412777,S3-458988960,S3-113462535,S3-6605683,S3-988710395,S3-14718400,S3-899583090,S3-536959514,S3-517654841,S3-748452890,S3-306897876,S3-49672113,S3-393484059,S3-980152742,S3-829024295,S3-833085447,S3-564535893,S3-380295664,S3-189240583,S3-946323575,S3-736041086,S3-961058678,S3-201614402,S3-30824703,S3-311526271,S3-82016851,S3-379984324,S3-406009851,S3-390731898,S3-436725377,S3-114276926,S3-245133916,S3-168396245,S3-913950232
S1-763496609	S2-508602797,S2-684635925,S2-978126813,S2-349287094,S2-102309877,S2-800014563,S2-67505679,S2-59544689,S2-190103142,S2-298914373,S2-628335210,S2-109121051,S2-375938862,S2-541414076,S2-891756213,S2-696635067,S2-971339247,S2-996245861,S2-892923793,S2-308505251,S2-701787316,S2-394314645,S2-8982199,S2-131151726,S2-750426664,S2-529867680,S2-117672295,S2-549881386,S2-528205184,S2-243813488,S2-561420173,S2-859321758,S2-37081703,S2-321398182,S2-937703023,S2-679190243,S2-331339262,S2-281309190,S2-577969603,S2-840538759,S2-898880623,S2-492826161,S2-736787326,S2-590774517,S2-169597264,S2-631451351,S2-26324258,S3-53737228,S3-45067784,S3-128062172,S3-230314480,S3-878295053,S3-730662073,S3-607506773,S3-263247365,S3-232475819,S3-575968805,S3-92974238,S3-901865937,S3-566328140,S3-797289734,S3-426545498,S3-375023535,S3-331944027,S3-890922145,S3-136675280,S3-507578619,S3-836927959,S3-260366126,S3-862789788,S3-32634960,S3-509442398,S3-460045321,S3-465433588,S3-703821326,S3-829490404,S3-896227623,S3-977086194,S3-479249803,S3-619115665,S3-91294893,S3-104260598,S3-444600693,S3-123694229,S3-197093940,S3-918357967,S3-659206129,S3-275360323,S3-26161361,S3-46768096,S3-126982322,S3-548783787,S3-803003378,S3-459705885,S3-610402578,S3-308631150,S3-408212372,S3-112942354,S3-960875960,S3-177049334,S3-551580447,S3-179738152,S3-434491965,S3-587791501,S3-444730740,S3-786831449,S3-364420425,S3-548914378,S3-651762109
S1-764937251	S3-82016851
S1-765456522	S2-508602797,S2-684635925,S2-978126813,S2-349287094,S2-102309877,S2-800014563,S2-67505679,S2-59544689,S2-190103142,S2-298914373,S2-628335210,S2-109121051,S2-541414076,S2-891756213,S2-696635067,S2-971339247,S2-996245861,S2-892923793,S2-308505251,S2-701787316,S2-394314645,S2-8982199,S2-131151726,S2-750426664,S2-117672295,S2-549881386,S2-528205184,S2-897475107,S2-561420173,S2-859321758,S2-37081703,S2-321398182,S2-937703023,S2-679190243,S2-331339262,S2-281309190,S2-577969603,S2-840538759,S2-898880623,S2-492826161,S2-736787326,S2-590774517,S2-169597264,S2-631451351,S2-26324258,S3-53737228,S3-45067784,S3-128062172,S3-230314480,S3-878295053,S3-730662073,S3-607506773,S3-263247365,S3-232475819,S3-575968805,S3-92974238,S3-901865937,S3-566328140,S3-797289734,S3-426545498,S3-375023535,S3-331944027,S3-890922145,S3-136675280,S3-507578619,S3-836927959,S3-260366126,S3-862789788,S3-32634960,S3-509442398,S3-460045321,S3-465433588,S3-703821326,S3-829490404,S3-896227623,S3-977086194,S3-479249803,S3-619115665,S3-91294893,S3-104260598,S3-444600693,S3-123694229,S3-197093940,S3-918357967,S3-659206129,S3-275360323,S3-26161361,S3-46768096,S3-126982322,S3-548783787,S3-803003378,S3-459705885,S3-610402578,S3-308631150,S3-408212372,S3-112942354,S3-960875960,S3-177049334,S3-551580447,S3-179738152,S3-434491965,S3-587791501,S3-444730740,S3-786831449,S3-364420425,S3-548914378,S3-651762109
S1-765734254	S2-673704658,S2-402816908,S2-290146361,S2-438182503,S2-625682061,S2-516249560,S2-492879191,S2-904673479,S2-508784928,S2-661443009,S2-716961117,S3-121412624,S3-8222959,S3-811855637,S3-362638952,S3-112379453,S3-722381828,S3-593749288,S3-896638301,S3-406009851,S3-164359106
S1-769172378	S2-277444929,S2-508602797,S2-684635925,S2-91305348,S2-978126813,S2-349287094,S2-163588551,S2-102309877,S2-224839523,S2-829598251,S2-800014563,S2-67505679,S2-59544689,S2-469073813,S2-435778329,S2-190103142,S2-298914373,S2-628335210,S2-757169960,S2-109121051,S2-541414076,S2-891756213,S2-696635067,S2-971339247,S2-996245861,S2-892923793,S2-308505251,S2-688657051,S2-701787316,S2-709626608,S2-394314645,S2-308510117,S2-708389947,S2-8982199,S2-933278322,S2-131151726,S2-750426664,S2-117672295,S2-549881386,S2-797821871,S2-528205184,S2-516126165,S2-561420173,S2-859321758,S2-37081703,S2-297926319,S2-321398182,S2-554610011,S2-528320338,S2-937703023,S2-679190243,S2-331339262,S2-187514897,S2-946002985,S2-281309190,S2-577969603,S2-449617627,S2-379148212,S2-769858942,S2-532543036,S2-726045392,S2-840538759,S2-898880623,S2-492826161,S2-736787326,S2-382657775,S2-590774517,S2-169597264,S2-165930564,S2-811707035,S2-980846147,S2-252321761,S2-631451351,S2-26324258,S2-100598528,S3-859268022,S3-53737228,S3-45067784,S3-128062172,S3-230314480,S3-878295053,S3-572363539,S3-730662073,S3-891901989,S3-607506773,S3-263247365,S3-232475819,S3-575968805,S3-702183940,S3-92974238,S3-901865937,S3-566328140,S3-797289734,S3-588120445,S3-426545498,S3-367524706,S3-375023535,S3-331944027,S3-169505996,S3-890922145,S3-891626766,S3-136675280,S3-507578619,S3-836927959,S3-260366126,S3-862789788,S3-714994003,S3-32634960,S3-509442398,S3-976681859,S3-190135542,S3-954711163,S3-393744173,S3-460045321,S3-678683280,S3-302901311,S3-465433588,S3-703821326,S3-829490404,S3-896227623,S3-977086194,S3-891618576,S3-479249803,S3-619115665,S3-91294893,S3-104260598,S3-444600693,S3-123694229,S3-197093940,S3-439655728,S3-210818742,S3-918357967,S3-659206129,S3-275360323,S3-968476116,S3-787353706,S3-833884099,S3-26161361,S3-46768096,S3-126982322,S3-548783787,S3-699643086,S3-803003378,S3-459705885,S3-610402578,S3-308631150,S3-408212372,S3-728602891,S3-112942354,S3-960875960,S3-354910039,S3-177049334,S3-551580447,S3-179738152,S3-434491965,S3-564043019,S3-523695838,S3-587791501,S3-312442869,S3-444730740,S3-786831449,S3-364420425,S3-548914378,S3-651762109
S1-772189406	S2-721031885,S2-868087865,S2-795141272,S2-953098128,S2-54307441,S2-208005980,S2-187379771,S2-705827573,S2-265287731,S2-622773844,S2-333785505,S2-556543773,S2-152030787,S2-667620668,S2-563158163,S2-41847464,S2-475524221,S2-652827281,S2-943996696,S2-878003016,S2-533197229,S2-402804051,S2-299258785,S2-489049291,S2-756454257,S2-347017935,S2-989100620,S2-556803824,S2-1722538,S2-575166296,S2-61330089,S2-790721694,S2-193995593,S2-811863966,S2-438678740,S2-646516046,S2-828726837,S2-14102665,S2-681609924,S2-374779945,S2-781397767,S2-857071377,S2-482353871,S2-699301561,S2-241726445,S2-131264573,S2-79905632,S3-22467283,S3-578159284,S3-504183980,S3-118652570,S3-323153716,S3-875583147,S3-444450554,S3-660160649,S3-51937572,S3-411324695,S3-97933587,S3-299576808,S3-921372917,S3-961916983,S3-519350515,S3-354096900,S3-369130400,S3-889312836,S3-510778048,S3-81161554,S3-903416633,S3-80323204,S3-257771188,S3-775274701,S3-783906913,S3-289677596,S3-325999314,S3-975051187,S3-49672113,S3-951624052,S3-532479968,S3-593749288,S3-240930945,S3-966369596,S3-861155049,S3-331595551,S3-81212547,S3-800499462,S3-642917160,S3-300224532,S3-789929510
S1-778456014	S2-529867680,S2-895797947,S2-878134898,S3-10942321,S3-780118815
S1-780502827	S2-867614780,S2-236577190,S3-568617496,S3-718581280
S1-783021266	S2-750426664,S3-312442869
S1-785847572	S2-277444929,S2-508602797,S2-684635925,S2-91305348,S2-978126813,S2-349287094,S2-163588551,S2-102309877,S2-224839523,S2-829598251,S2-800014563,S2-67505679,S2-59544689,S2-469073813,S2-435778329,S2-190103142,S2-298914373,S2-628335210,S2-757169960,S2-109121051,S2-375938862,S2-541414076,S2-891756213,S2-696635067,S2-971339247,S2-996245861,S2-892923793,S2-308505251,S2-688657051,S2-701787316,S2-709626608,S2-394314645,S2-308510117,S2-708389947,S2-8982199,S2-933278322,S2-131151726,S2-750426664,S2-529867680,S2-117672295,S2-549881386,S2-797821871,S2-528205184,S2-516126165,S2-243813488,S2-561420173,S2-859321758,S2-37081703,S2-297926319,S2-321398182,S2-554610011,S2-528320338,S2-937703023,S2-679190243,S2-331339262,S2-187514897,S2-946002985,S2-281309190,S2-577969603,S2-449617627,S2-379148212,S2-769858942,S2-532543036,S2-726045392,S2-840538759,S2-898880623,S2-492826161,S2-736787326,S2-382657775,S2-590774517,S2-169597264,S2-165930564,S2-811707035,S2-980846147,S2-252321761,S2-631451351,S2-26324258,S2-100598528,S3-859268022,S3-53737228,S3-45067784,S3-128062172,S3-230314480,S3-878295053,S3-572363539,S3-730662073,S3-891901989,S3-607506773,S3-263247365,S3-232475819,S3-575968805,S3-702183940,S3-92974238,S3-901865937,S3-566328140,S3-797289734,S3-588120445,S3-426545498,S3-367524706,S3-375023535,S3-331944027,S3-169505996,S3-890922145,S3-891626766,S3-136675280,S3-507578619,S3-836927959,S3-260366126,S3-862789788,S3-714994003,S3-32634960,S3-509442398,S3-976681859,S3-190135542,S3-954711163,S3-393744173,S3-460045321,S3-678683280,S3-302901311,S3-465433588,S3-703821326,S3-829490404,S3-896227623,S3-977086194,S3-891618576,S3-479249803,S3-619115665,S3-91294893,S3-104260598,S3-444600693,S3-123694229,S3-197093940,S3-439655728,S3-210818742,S3-918357967,S3-659206129,S3-275360323,S3-968476116,S3-787353706,S3-833884099,S3-26161361,S3-46768096,S3-126982322,S3-548783787,S3-699643086,S3-803003378,S3-459705885,S3-610402578,S3-308631150,S3-408212372,S3-728602891,S3-112942354,S3-960875960,S3-354910039,S3-177049334,S3-551580447,S3-179738152,S3-434491965,S3-564043019,S3-523695838,S3-587791501,S3-312442869,S3-444730740,S3-786831449,S3-364420425,S3-548914378,S3-651762109
S1-787617931	S2-49942811,S3-44013376,S3-771692836,S3-31702339
S1-791217329	S2-277444929,S2-508602797,S2-684635925,S2-91305348,S2-978126813,S2-349287094,S2-163588551,S2-102309877,S2-224839523,S2-223038034,S2-829598251,S2-800014563,S2-67505679,S2-59544689,S2-469073813,S2-435778329,S2-190103142,S2-298914373,S2-628335210,S2-757169960,S2-109121051,S2-541414076,S2-891756213,S2-696635067,S2-971339247,S2-996245861,S2-892923793,S2-308505251,S2-688657051,S2-701787316,S2-709626608,S2-728928259,S2-394314645,S2-308510117,S2-708389947,S2-8982199,S2-933278322,S2-131151726,S2-750426664,S2-117672295,S2-549881386,S2-797821871,S2-528205184,S2-516126165,S2-561420173,S2-859321758,S2-37081703,S2-297926319,S2-321398182,S2-554610011,S2-528320338,S2-937703023,S2-679190243,S2-331339262,S2-187514897,S2-946002985,S2-281309190,S2-577969603,S2-449617627,S2-379148212,S2-769858942,S2-532543036,S2-726045392,S2-840538759,S2-898880623,S2-492826161,S2-736787326,S2-382657775,S2-590774517,S2-169597264,S2-165930564,S2-811707035,S2-980846147,S2-252321761,S2-631451351,S2-492786272,S2-26324258,S2-100598528,S3-859268022,S3-53737228,S3-45067784,S3-128062172,S3-230314480,S3-878295053,S3-725749046,S3-572363539,S3-730662073,S3-891901989,S3-607506773,S3-263247365,S3-232475819,S3-575968805,S3-702183940,S3-92974238,S3-901865937,S3-566328140,S3-797289734,S3-588120445,S3-426545498,S3-367524706,S3-375023535,S3-331944027,S3-169505996,S3-890922145,S3-891626766,S3-136675280,S3-507578619,S3-836927959,S3-260366126,S3-862789788,S3-714994003,S3-32634960,S3-509442398,S3-976681859,S3-190135542,S3-954711163,S3-393744173,S3-460045321,S3-678683280,S3-302901311,S3-465433588,S3-703821326,S3-829490404,S3-896227623,S3-977086194,S3-891618576,S3-479249803,S3-619115665,S3-91294893,S3-104260598,S3-444600693,S3-123694229,S3-197093940,S3-439655728,S3-210818742,S3-918357967,S3-659206129,S3-275360323,S3-968476116,S3-787353706,S3-833884099,S3-26161361,S3-46768096,S3-126982322,S3-548783787,S3-699643086,S3-803003378,S3-459705885,S3-610402578,S3-308631150,S3-408212372,S3-728602891,S3-112942354,S3-960875960,S3-354910039,S3-177049334,S3-551580447,S3-179738152,S3-434491965,S3-564043019,S3-523695838,S3-587791501,S3-312442869,S3-444730740,S3-786831449,S3-364420425,S3-548914378,S3-651762109
S1-791867209	S2-633236997,S2-402816908,S2-138478502,S2-924946907,S2-248782105,S3-188810136,S3-988710395
S1-792880767	S2-721031885,S2-868087865,S2-795141272,S2-953098128,S2-54307441,S2-208005980,S2-187379771,S2-705827573,S2-265287731,S2-622773844,S2-333785505,S2-556543773,S2-152030787,S2-667620668,S2-563158163,S2-41847464,S2-475524221,S2-652827281,S2-943996696,S2-878003016,S2-533197229,S2-402804051,S2-299258785,S2-489049291,S2-756454257,S2-347017935,S2-989100620,S2-556803824,S2-1722538,S2-575166296,S2-61330089,S2-790721694,S2-193995593,S2-811863966,S2-438678740,S2-646516046,S2-828726837,S2-14102665,S2-681609924,S2-962270896,S2-374779945,S2-781397767,S2-857071377,S2-482353871,S2-699301561,S2-241726445,S2-131264573,S2-79905632,S3-22467283,S3-578159284,S3-504183980,S3-118652570,S3-323153716,S3-875583147,S3-444450554,S3-660160649,S3-51937572,S3-411324695,S3-97933587,S3-299576808,S3-921372917,S3-961916983,S3-519350515,S3-354096900,S3-369130400,S3-889312836,S3-510778048,S3-81161554,S3-903416633,S3-80323204,S3-257771188,S3-775274701,S3-783906913,S3-289677596,S3-325999314,S3-975051187,S3-49672113,S3-951624052,S3-532479968,S3-593749288,S3-240930945,S3-966369596,S3-861155049,S3-331595551,S3-81212547,S3-800499462,S3-642917160,S3-300224532,S3-789929510
S1-796227187	S2-721031885,S2-868087865,S2-795141272,S2-953098128,S2-669879950,S2-54307441,S2-208005980,S2-912941112,S2-187379771,S2-298761341,S2-705827573,S2-265287731,S2-622773844,S2-333785505,S2-556543773,S2-91704178,S2-152030787,S2-667620668,S2-563158163,S2-472544795,S2-41847464,S2-475524221,S2-652827281,S2-322211984,S2-943996696,S2-878003016,S2-479278257,S2-100101893,S2-533197229,S2-402804051,S2-450266205,S2-299258785,S2-489049291,S2-756454257,S2-347017935,S2-716687956,S2-956608424,S2-989100620,S2-556803824,S2-713920891,S2-492879191,S2-1722538,S2-575166296,S2-61330089,S2-790721694,S2-904673479,S2-193995593,S2-811863966,S2-438678740,S2-646516046,S2-828726837,S2-14102665,S2-681609924,S2-772997011,S2-374779945,S2-781397767,S2-957143385,S2-327203402,S2-746717750,S2-857071377,S2-482353871,S2-699301561,S2-241726445,S2-131264573,S2-519903945,S2-79905632,S3-22467283,S3-578159284,S3-504183980,S3-118652570,S3-973629095,S3-551148968,S3-323153716,S3-875583147,S3-444450554,S3-777257171,S3-660160649,S3-51937572,S3-411324695,S3-97933587,S3-940228072,S3-299576808,S3-921372917,S3-961916983,S3-519350515,S3-354096900,S3-369130400,S3-889312836,S3-510778048,S3-81161554,S3-903416633,S3-80323204,S3-8222959,S3-257771188,S3-568617496,S3-775274701,S3-14718400,S3-77329533,S3-899583090,S3-783906913,S3-517654841,S3-289677596,S3-325999314,S3-975051187,S3-180062010,S3-112379453,S3-49672113,S3-980152742,S3-951624052,S3-532479968,S3-390090152,S3-593749288,S3-210476563,S3-240930945,S3-966369596,S3-330036890,S3-861155049,S3-390731898,S3-436725377,S3-114276926,S3-331595551,S3-81212547,S3-800499462,S3-642917160,S3-245133916,S3-754421830,S3-300224532,S3-789929510,S3-168396245
S1-79772943	S2-235039028,S2-401480583,S2-73037424,S2-464291399,S2-785852339,S2-103317508,S2-516249560,S2-589492301,S2-153334775,S2-934037681,S2-699301561,S3-875583147,S3-777257171,S3-585479914,S3-36683911,S3-761438523,S3-75056814,S3-898251122,S3-762825829,S3-494118563
S1-798970125	S2-838526909,S2-630651352,S2-736654053,S2-784715242,S2-716687956,S2-114121811,S2-772997011,S3-244694796,S3-804770389,S3-712441242,S3-211164327,S3-180062010,S3-109335189,S3-94880110,S3-330036890,S3-245133916,S3-69171474
S1-800482427	S2-721031885,S2-868087865,S2-795141272,S2-953098128,S2-54307441,S2-208005980,S2-187379771,S2-705827573,S2-265287731,S2-622773844,S2-333785505,S2-556543773,S2-152030787,S2-667620668,S2-563158163,S2-41847464,S2-475524221,S2-652827281,S2-943996696,S2-878003016,S2-533197229,S2-402804051,S2-299258785,S2-489049291,S2-756454257,S2-347017935,S2-989100620,S2-556803824,S2-1722538,S2-575166296,S2-61330089,S2-790721694,S2-193995593,S2-811863966,S2-438678740,S2-646516046,S2-828726837,S2-14102665,S2-681609924,S2-374779945,S2-781397767,S2-857071377,S2-482353871,S2-699301561,S2-241726445,S2-131264573,S2-79905632,S3-22467283,S3-578159284,S3-504183980,S3-118652570,S3-323153716,S3-875583147,S3-444450554,S3-660160649,S3-51937572,S3-411324695,S3-97933587,S3-299576808,S3-921372917,S3-961916983,S3-519350515,S3-354096900,S3-369130400,S3-889312836,S3-510778048,S3-81161554,S3-903416633,S3-80323204,S3-257771188,S3-775274701,S3-783906913,S3-289677596,S3-325999314,S3-975051187,S3-49672113,S3-951624052,S3-532479968,S3-593749288,S3-240930945,S3-966369596,S3-861155049,S3-331595551,S3-81212547,S3-800499462,S3-642917160,S3-300224532,S3-789929510
S1-800915873	S2-138046867,S2-721031885,S2-868087865,S2-795141272,S2-953098128,S2-54307441,S2-208005980,S2-125007797,S2-187379771,S2-705827573,S2-689674207,S2-265287731,S2-622773844,S2-333785505,S2-556543773,S2-152030787,S2-667620668,S2-968244171,S2-563158163,S2-142962200,S2-468234939,S2-439384858,S2-41847464,S2-475524221,S2-652827281,S2-943996696,S2-878003016,S2-533197229,S2-402804051,S2-450266205,S2-299258785,S2-489049291,S2-756454257,S2-347017935,S2-989100620,S2-663446783,S2-556803824,S2-591536531,S2-1722538,S2-575166296,S2-61330089,S2-790721694,S2-193995593,S2-811863966,S2-438678740,S2-824414038,S2-646516046,S2-828726837,S2-14102665,S2-681609924,S2-323747399,S2-374779945,S2-781397767,S2-857071377,S2-482353871,S2-699301561,S2-241726445,S2-131264573,S2-79905632,S3-22467283,S3-578159284,S3-504183980,S3-118652570,S3-323153716,S3-875583147,S3-444450554,S3-660160649,S3-51937572,S3-411324695,S3-97933587,S3-299576808,S3-921372917,S3-625913156,S3-961916983,S3-519350515,S3-354096900,S3-369130400,S3-341396567,S3-889312836,S3-510778048,S3-81161554,S3-903416633,S3-80323204,S3-257771188,S3-38557301,S3-775274701,S3-783906913,S3-289677596,S3-325999314,S3-975051187,S3-988483404,S3-49672113,S3-951624052,S3-833085447,S3-532479968,S3-593749288,S3-240930945,S3-966369596,S3-861155049,S3-659963286,S3-331595551,S3-81212547,S3-800499462,S3-642917160,S3-300224532,S3-789929510
S1-804300777	S2-277444929,S2-508602797,S2-684635925,S2-91305348,S2-978126813,S2-349287094,S2-163588551,S2-102309877,S2-224839523,S2-829598251,S2-800014563,S2-67505679,S2-59544689,S2-469073813,S2-435778329,S2-190103142,S2-298914373,S2-628335210,S2-757169960,S2-109121051,S2-541414076,S2-891756213,S2-696635067,S2-971339247,S2-996245861,S2-892923793,S2-308505251,S2-688657051,S2-701787316,S2-709626608,S2-394314645,S2-308510117,S2-708389947,S2-8982199,S2-933278322,S2-131151726,S2-750426664,S2-117672295,S2-549881386,S2-797821871,S2-528205184,S2-516126165,S2-561420173,S2-859321758,S2-37081703,S2-297926319,S2-321398182,S2-554610011,S2-528320338,S2-937703023,S2-679190243,S2-331339262,S2-187514897,S2-946002985,S2-281309190,S2-577969603,S2-449617627,S2-379148212,S2-769858942,S2-532543036,S2-726045392,S2-840538759,S2-898880623,S2-492826161,S2-736787326,S2-382657775,S2-590774517,S2-169597264,S2-165930564,S2-811707035,S2-980846147,S2-252321761,S2-631451351,S2-26324258,S2-100598528,S3-859268022,S3-53737228,S3-45067784,S3-128062172,S3-230314480,S3-878295053,S3-572363539,S3-730662073,S3-891901989,S3-607506773,S3-263247365,S3-232475819,S3-575968805,S3-702183940,S3-92974238,S3-901865937,S3-566328140,S3-797289734,S3-588120445,S3-426545498,S3-367524706,S3-375023535,S3-331944027,S3-169505996,S3-890922145,S3-891626766,S3-136675280,S3-507578619,S3-836927959,S3-260366126,S3-862789788,S3-714994003,S3-32634960,S3-509442398,S3-976681859,S3-190135542,S3-954711163,S3-393744173,S3-460045321,S3-678683280,S3-302901311,S3-465433588,S3-703821326,S3-829490404,S3-896227623,S3-977086194,S3-891618576,S3-479249803,S3-619115665,S3-91294893,S3-104260598,S3-444600693,S3-682142621,S3-123694229,S3-197093940,S3-439655728,S3-210818742,S3-918357967,S3-659206129,S3-275360323,S3-968476116,S3-787353706,S3-833884099,S3-26161361,S3-46768096,S3-126982322,S3-548783787,S3-699643086,S3-803003378,S3-459705885,S3-610402578,S3-308631150,S3-408212372,S3-728602891,S3-112942354,S3-960875960,S3-354910039,S3-177049334,S3-551580447,S3-179738152,S3-434491965,S3-564043019,S3-523695838,S3-587791501,S3-312442869,S3-444730740,S3-786831449,S3-364420425,S3-548914378,S3-651762109
S1-804663373	S2-277444929,S2-508602797,S2-684635925,S2-91305348,S2-978126813,S2-349287094,S2-163588551,S2-102309877,S2-224839523,S2-829598251,S2-800014563,S2-67505679,S2-59544689,S2-469073813,S2-435778329,S2-190103142,S2-298914373,S2-628335210,S2-757169960,S2-109121051,S2-541414076,S2-891756213,S2-696635067,S2-971339247,S2-996245861,S2-892923793,S2-308505251,S2-688657051,S2-701787316,S2-709626608,S2-394314645,S2-308510117,S2-708389947,S2-8982199,S2-933278322,S2-131151726,S2-750426664,S2-117672295,S2-549881386,S2-797821871,S2-528205184,S2-516126165,S2-561420173,S2-859321758,S2-37081703,S2-297926319,S2-321398182,S2-554610011,S2-528320338,S2-937703023,S2-679190243,S2-331339262,S2-187514897,S2-946002985,S2-281309190,S2-577969603,S2-449617627,S2-379148212,S2-769858942,S2-532543036,S2-726045392,S2-840538759,S2-898880623,S2-492826161,S2-736787326,S2-382657775,S2-590774517,S2-169597264,S2-165930564,S2-811707035,S2-980846147,S2-252321761,S2-631451351,S2-26324258,S2-100598528,S3-859268022,S3-53737228,S3-45067784,S3-128062172,S3-230314480,S3-878295053,S3-572363539,S3-730662073,S3-891901989,S3-607506773,S3-263247365,S3-232475819,S3-575968805,S3-702183940,S3-92974238,S3-901865937,S3-566328140,S3-797289734,S3-588120445,S3-426545498,S3-367524706,S3-375023535,S3-331944027,S3-169505996,S3-890922145,S3-891626766,S3-136675280,S3-507578619,S3-836927959,S3-260366126,S3-862789788,S3-714994003,S3-32634960,S3-509442398,S3-976681859,S3-190135542,S3-954711163,S3-393744173,S3-460045321,S3-678683280,S3-302901311,S3-465433588,S3-703821326,S3-829490404,S3-896227623,S3-977086194,S3-891618576,S3-479249803,S3-619115665,S3-91294893,S3-104260598,S3-444600693,S3-123694229,S3-197093940,S3-439655728,S3-210818742,S3-918357967,S3-659206129,S3-275360323,S3-968476116,S3-787353706,S3-833884099,S3-26161361,S3-46768096,S3-126982322,S3-548783787,S3-699643086,S3-803003378,S3-459705885,S3-610402578,S3-308631150,S3-408212372,S3-728602891,S3-112942354,S3-960875960,S3-354910039,S3-177049334,S3-551580447,S3-179738152,S3-995040589,S3-434491965,S3-564043019,S3-523695838,S3-587791501,S3-312442869,S3-444730740,S3-786831449,S3-364420425,S3-548914378,S3-651762109
S1-805104360	S2-736654053,S3-181819854,S3-736041086,S3-81212547
S1-8092452	S2-876721131,S3-551271002,S3-447768533
S1-812886866	S2-277444929,S2-508602797,S2-684635925,S2-91305348,S2-978126813,S2-349287094,S2-163588551,S2-102309877,S2-224839523,S2-829598251,S2-800014563,S2-67505679,S2-59544689,S2-469073813,S2-435778329,S2-190103142,S2-298914373,S2-628335210,S2-757169960,S2-109121051,S2-541414076,S2-891756213,S2-696635067,S2-971339247,S2-996245861,S2-892923793,S2-308505251,S2-688657051,S2-701787316,S2-709626608,S2-394314645,S2-308510117,S2-708389947,S2-8982199,S2-933278322,S2-131151726,S2-750426664,S2-117672295,S2-549881386,S2-797821871,S2-528205184,S2-516126165,S2-561420173,S2-859321758,S2-37081703,S2-297926319,S2-321398182,S2-554610011,S2-528320338,S2-937703023,S2-679190243,S2-331339262,S2-187514897,S2-946002985,S2-281309190,S2-577969603,S2-449617627,S2-379148212,S2-769858942,S2-532543036,S2-726045392,S2-840538759,S2-898880623,S2-492826161,S2-736787326,S2-382657775,S2-590774517,S2-169597264,S2-165930564,S2-811707035,S2-980846147,S2-252321761,S2-631451351,S2-26324258,S2-100598528,S3-859268022,S3-53737228,S3-45067784,S3-128062172,S3-230314480,S3-878295053,S3-572363539,S3-730662073,S3-891901989,S3-607506773,S3-263247365,S3-232475819,S3-575968805,S3-702183940,S3-92974238,S3-901865937,S3-566328140,S3-797289734,S3-588120445,S3-426545498,S3-367524706,S3-375023535,S3-331944027,S3-169505996,S3-890922145,S3-891626766,S3-136675280,S3-507578619,S3-836927959,S3-260366126,S3-862789788,S3-714994003,S3-32634960,S3-509442398,S3-976681859,S3-447961633,S3-190135542,S3-954711163,S3-393744173,S3-460045321,S3-678683280,S3-302901311,S3-465433588,S3-703821326,S3-829490404,S3-896227623,S3-977086194,S3-891618576,S3-479249803,S3-619115665,S3-91294893,S3-104260598,S3-444600693,S3-123694229,S3-197093940,S3-439655728,S3-210818742,S3-918357967,S3-659206129,S3-275360323,S3-968476116,S3-787353706,S3-833884099,S3-26161361,S3-46768096,S3-126982322,S3-548783787,S3-699643086,S3-803003378,S3-459705885,S3-610402578,S3-308631150,S3-408212372,S3-728602891,S3-112942354,S3-960875960,S3-354910039,S3-177049334,S3-551580447,S3-179738152,S3-434491965,S3-564043019,S3-523695838,S3-587791501,S3-312442869,S3-444730740,S3-786831449,S3-364420425,S3-548914378,S3-651762109
S1-814475089	S2-537858187,S2-857681318,S2-5405243,S2-402816908,S2-736654053,S2-290146361,S2-438182503,S2-625682061,S2-516249560,S2-492879191,S2-589492301,S2-904673479,S2-508784928,S2-661443009,S2-945842043,S3-121412624,S3-51937572,S3-303047307,S3-8222959,S3-811855637,S3-362638952,S3-112379453,S3-722381828,S3-971943018,S3-96513872,S3-593749288,S3-164359106
S1-817802155	S2-944853638,S2-968244171,S2-374185954,S2-100101893,S2-440137459,S2-532353401,S2-568026492,S2-918763928,S2-934037681,S2-867034949,S3-431610666,S3-192817070,S3-14718400,S3-37104459,S3-7812561,S3-913436639
S1-820394674	S2-628335210,S3-74613320,S3-375023535,S3-190596250
S1-82053739	S2-277444929,S2-508602797,S2-684635925,S2-91305348,S2-978126813,S2-349287094,S2-163588551,S2-102309877,S2-224839523,S2-829598251,S2-800014563,S2-67505679,S2-59544689,S2-469073813,S2-435778329,S2-190103142,S2-298914373,S2-628335210,S2-757169960,S2-109121051,S2-541414076,S2-891756213,S2-696635067,S2-971339247,S2-996245861,S2-892923793,S2-308505251,S2-688657051,S2-701787316,S2-709626608,S2-394314645,S2-308510117,S2-708389947,S2-8982199,S2-933278322,S2-131151726,S2-750426664,S2-117672295,S2-549881386,S2-797821871,S2-528205184,S2-516126165,S2-561420173,S2-859321758,S2-37081703,S2-297926319,S2-321398182,S2-554610011,S2-528320338,S2-937703023,S2-679190243,S2-331339262,S2-187514897,S2-946002985,S2-281309190,S2-577969603,S2-449617627,S2-379148212,S2-769858942,S2-532543036,S2-726045392,S2-150348786,S2-840538759,S2-898880623,S2-492826161,S2-736787326,S2-382657775,S2-590774517,S2-169597264,S2-165930564,S2-811707035,S2-980846147,S2-252321761,S2-631451351,S2-26324258,S2-100598528,S3-859268022,S3-53737228,S3-45067784,S3-128062172,S3-230314480,S3-878295053,S3-572363539,S3-730662073,S3-891901989,S3-607506773,S3-263247365,S3-232475819,S3-575968805,S3-702183940,S3-92974238,S3-901865937,S3-566328140,S3-797289734,S3-588120445,S3-426545498,S3-367524706,S3-375023535,S3-331944027,S3-169505996,S3-890922145,S3-891626766,S3-136675280,S3-507578619,S3-836927959,S3-260366126,S3-862789788,S3-714994003,S3-32634960,S3-509442398,S3-976681859,S3-190135542,S3-954711163,S3-393744173,S3-460045321,S3-678683280,S3-302901311,S3-465433588,S3-703821326,S3-829490404,S3-896227623,S3-977086194,S3-891618576,S3-479249803,S3-619115665,S3-91294893,S3-104260598,S3-444600693,S3-123694229,S3-197093940,S3-439655728,S3-210818742,S3-918357967,S3-659206129,S3-275360323,S3-968476116,S3-787353706,S3-833884099,S3-26161361,S3-46768096,S3-126982322,S3-548783787,S3-699643086,S3-803003378,S3-459705885,S3-610402578,S3-308631150,S3-408212372,S3-728602891,S3-112942354,S3-960875960,S3-354910039,S3-177049334,S3-551580447,S3-179738152,S3-434491965,S3-564043019,S3-523695838,S3-587791501,S3-312442869,S3-444730740,S3-786831449,S3-364420425,S3-548914378,S3-651762109
S1-820935401	S2-277444929,S2-508602797,S2-684635925,S2-91305348,S2-978126813,S2-349287094,S2-163588551,S2-102309877,S2-224839523,S2-829598251,S2-800014563,S2-67505679,S2-59544689,S2-469073813,S2-435778329,S2-952329168,S2-190103142,S2-298914373,S2-628335210,S2-757169960,S2-109121051,S2-541414076,S2-891756213,S2-696635067,S2-971339247,S2-996245861,S2-892923793,S2-308505251,S2-688657051,S2-701787316,S2-709626608,S2-394314645,S2-308510117,S2-708389947,S2-8982199,S2-933278322,S2-131151726,S2-750426664,S2-529867680,S2-117672295,S2-549881386,S2-797821871,S2-528205184,S2-516126165,S2-561420173,S2-859321758,S2-990119436,S2-37081703,S2-297926319,S2-321398182,S2-554610011,S2-528320338,S2-937703023,S2-679190243,S2-761989439,S2-331339262,S2-187514897,S2-946002985,S2-281309190,S2-577969603,S2-449617627,S2-379148212,S2-769858942,S2-532543036,S2-726045392,S2-930194769,S2-840538759,S2-898880623,S2-492826161,S2-736787326,S2-382657775,S2-590774517,S2-169597264,S2-165930564,S2-210903973,S2-811707035,S2-980846147,S2-252321761,S2-631451351,S2-26324258,S2-100598528,S3-859268022,S3-53737228,S3-45067784,S3-128062172,S3-776815069,S3-230314480,S3-878295053,S3-572363539,S3-730662073,S3-891901989,S3-607506773,S3-263247365,S3-232475819,S3-575968805,S3-702183940,S3-92974238,S3-901865937,S3-566328140,S3-797289734,S3-588120445,S3-207262214,S3-426545498,S3-367524706,S3-375023535,S3-331944027,S3-169505996,S3-890922145,S3-891626766,S3-136675280,S3-507578619,S3-836927959,S3-260366126,S3-211882578,S3-862789788,S3-714994003,S3-32634960,S3-509442398,S3-976681859,S3-447961633,S3-190135542,S3-954711163,S3-393744173,S3-460045321,S3-678683280,S3-786009122,S3-302901311,S3-465433588,S3-703821326,S3-829490404,S3-896227623,S3-977086194,S3-891618576,S3-479249803,S3-619115665,S3-91294893,S3-104260598,S3-444600693,S3-123694229,S3-197093940,S3-439655728,S3-210818742,S3-918357967,S3-659206129,S3-275360323,S3-968476116,S3-787353706,S3-833884099,S3-26161361,S3-46768096,S3-126982322,S3-548783787,S3-699643086,S3-803003378,S3-459705885,S3-405553422,S3-610402578,S3-308631150,S3-592073516,S3-408212372,S3-262158504,S3-728602891,S3-150068856,S3-112942354,S3-960875960,S3-354910039,S3-177049334,S3-551580447,S3-179738152,S3-434491965,S3-564043019,S3-523695838,S3-587791501,S3-312442869,S3-444730740,S3-786831449,S3-364420425,S3-548914378,S3-651762109
S1-827102573	S2-235039028,S2-73037424,S2-28111444,S2-516249560,S2-699301561,S3-160217003,S3-893149997,S3-97933587,S3-701705967,S3-811855637,S3-722381828
S1-828917180	S2-138478502,S2-924946907,S2-248782105
S1-831843558	S2-347017935,S2-568026492,S3-578159284,S3-551148968,S3-474790592,S3-754421830
S1-832211747	S2-764573417,S2-163963287,S2-49942811,S2-669879950,S2-332014708,S2-257885603,S2-162849450,S2-164086509,S2-871017791,S2-472544795,S2-967974285,S2-322211984,S2-430379962,S2-648129048,S2-218208532,S2-236577190,S2-755671955,S2-173632166,S2-384219063,S2-232105388,S2-103972023,S2-876721131,S2-957143385,S2-519903945,S3-249416830,S3-493572667,S3-44013376,S3-585479914,S3-791460119,S3-161412777,S3-458988960,S3-113462535,S3-6605683,S3-988710395,S3-899583090,S3-536959514,S3-748452890,S3-306897876,S3-393484059,S3-829024295,S3-833085447,S3-564535893,S3-380295664,S3-189240583,S3-946323575,S3-736041086,S3-961058678,S3-201614402,S3-30824703,S3-311526271,S3-82016851,S3-379984324,S3-406009851,S3-390731898,S3-913950232
S1-832593986	S2-235039028,S2-673704658,S2-401480583,S2-464291399,S2-785852339,S2-103317508,S2-589492301,S2-934037681,S2-716961117,S3-875583147,S3-777257171,S3-585479914,S3-36683911,S3-761438523,S3-75056814,S3-898251122,S3-762825829,S3-494118563,S3-896638301,S3-406009851
S1-835425265	S2-721031885,S2-868087865,S2-795141272,S2-953098128,S2-54307441,S2-208005980,S2-187379771,S2-705827573,S2-265287731,S2-622773844,S2-333785505,S2-556543773,S2-152030787,S2-667620668,S2-563158163,S2-41847464,S2-475524221,S2-652827281,S2-784715242,S2-943996696,S2-878003016,S2-533197229,S2-402804051,S2-785852339,S2-299258785,S2-489049291,S2-756454257,S2-347017935,S2-989100620,S2-161047745,S2-556803824,S2-1722538,S2-575166296,S2-61330089,S2-790721694,S2-193995593,S2-811863966,S2-438678740,S2-646516046,S2-828726837,S2-14102665,S2-681609924,S2-374779945,S2-781397767,S2-857071377,S2-482353871,S2-699301561,S2-241726445,S2-131264573,S2-79905632,S3-22467283,S3-578159284,S3-504183980,S3-118652570,S3-323153716,S3-875583147,S3-444450554,S3-660160649,S3-51937572,S3-411324695,S3-97933587,S3-299576808,S3-921372917,S3-961916983,S3-519350515,S3-354096900,S3-369130400,S3-889312836,S3-510778048,S3-81161554,S3-903416633,S3-80323204,S3-257771188,S3-775274701,S3-783906913,S3-289677596,S3-325999314,S3-975051187,S3-49672113,S3-722381828,S3-951624052,S3-532479968,S3-593749288,S3-240930945,S3-966369596,S3-861155049,S3-331595551,S3-81212547,S3-800499462,S3-642917160,S3-300224532,S3-789929510
S1-836203525	S2-277444929,S2-508602797,S2-684635925,S2-91305348,S2-978126813,S2-349287094,S2-163588551,S2-102309877,S2-224839523,S2-829598251,S2-800014563,S2-67505679,S2-59544689,S2-469073813,S2-435778329,S2-190103142,S2-298914373,S2-628335210,S2-757169960,S2-109121051,S2-541414076,S2-891756213,S2-696635067,S2-971339247,S2-996245861,S2-892923793,S2-308505251,S2-688657051,S2-701787316,S2-709626608,S2-394314645,S2-308510117,S2-708389947,S2-8982199,S2-933278322,S2-131151726,S2-750426664,S2-117672295,S2-549881386,S2-797821871,S2-528205184,S2-516126165,S2-561420173,S2-859321758,S2-37081703,S2-297926319,S2-321398182,S2-554610011,S2-528320338,S2-937703023,S2-679190243,S2-826030024,S2-331339262,S2-187514897,S2-946002985,S2-281309190,S2-577969603,S2-449617627,S2-379148212,S2-769858942,S2-532543036,S2-726045392,S2-785139940,S2-840538759,S2-898880623,S2-492826161,S2-736787326,S2-382657775,S2-590774517,S2-169597264,S2-165930564,S2-811707035,S2-980846147,S2-252321761,S2-631451351,S2-26324258,S2-100598528,S3-859268022,S3-53737228,S3-45067784,S3-128062172,S3-230314480,S3-878295053,S3-572363539,S3-730662073,S3-891901989,S3-607506773,S3-263247365,S3-232475819,S3-335805814,S3-575968805,S3-702183940,S3-244849851,S3-92974238,S3-901865937,S3-566328140,S3-797289734,S3-588120445,S3-426545498,S3-367524706,S3-375023535,S3-331944027,S3-169505996,S3-890922145,S3-891626766,S3-136675280,S3-507578619,S3-836927959,S3-260366126,S3-862789788,S3-714994003,S3-32634960,S3-509442398,S3-976681859,S3-190135542,S3-954711163,S3-393744173,S3-460045321,S3-60787735,S3-678683280,S3-302901311,S3-465433588,S3-703821326,S3-829490404,S3-896227623,S3-977086194,S3-891618576,S3-479249803,S3-619115665,S3-91294893,S3-104260598,S3-444600693,S3-123694229,S3-197093940,S3-439655728,S3-210818742,S3-918357967,S3-659206129,S3-275360323,S3-968476116,S3-787353706,S3-833884099,S3-325154278,S3-26161361,S3-46768096,S3-126982322,S3-548783787,S3-699643086,S3-803003378,S3-459705885,S3-610402578,S3-308631150,S3-408212372,S3-604536112,S3-728602891,S3-112942354,S3-960875960,S3-354910039,S3-177049334,S3-551580447,S3-179738152,S3-434491965,S3-564043019,S3-523695838,S3-587791501,S3-312442869,S3-444730740,S3-786831449,S3-364420425,S3-548914378,S3-651762109
S1-839067903	S2-265287731,S2-532353401
S1-840279529	S2-721031885,S2-868087865,S2-795141272,S2-953098128,S2-54307441,S2-208005980,S2-187379771,S2-705827573,S2-265287731,S2-622773844,S2-333785505,S2-556543773,S2-152030787,S2-667620668,S2-563158163,S2-41847464,S2-475524221,S2-652827281,S2-943996696,S2-878003016,S2-533197229,S2-402804051,S2-299258785,S2-489049291,S2-756454257,S2-347017935,S2-989100620,S2-556803824,S2-123409799,S2-1722538,S2-575166296,S2-61330089,S2-790721694,S2-193995593,S2-811863966,S2-438678740,S2-646516046,S2-828726837,S2-14102665,S2-681609924,S2-374779945,S2-781397767,S2-857071377,S2-482353871,S2-699301561,S2-241726445,S2-131264573,S2-79905632,S3-22467283,S3-578159284,S3-504183980,S3-118652570,S3-323153716,S3-875583147,S3-444450554,S3-660160649,S3-51937572,S3-411324695,S3-97933587,S3-299576808,S3-921372917,S3-961916983,S3-519350515,S3-354096900,S3-369130400,S3-889312836,S3-510778048,S3-81161554,S3-903416633,S3-80323204,S3-257771188,S3-136499130,S3-775274701,S3-783906913,S3-289677596,S3-325999314,S3-975051187,S3-49672113,S3-951624052,S3-532479968,S3-593749288,S3-109335189,S3-240930945,S3-966369596,S3-494118563,S3-861155049,S3-331595551,S3-898310857,S3-81212547,S3-800499462,S3-642917160,S3-300224532,S3-789929510,S3-490078702
S1-846028981	S2-888440125,S2-625831173,S2-402816908,S2-269084113,S2-299258785,S2-801373301,S2-716687956,S2-938612654,S2-629499045,S2-993723166,S2-661443009,S2-308734653,S2-764430935,S2-325615566,S3-121412624,S3-533193854,S3-838486566,S3-417218868,S3-896638301,S3-659963286,S3-182177107,S3-863237476
S1-846529766	S2-764573417,S2-163963287,S2-49942811,S2-669879950,S2-332014708,S2-257885603,S2-298761341,S2-162849450,S2-164086509,S2-871017791,S2-472544795,S2-967974285,S2-475524221,S2-322211984,S2-430379962,S2-479278257,S2-100101893,S2-648129048,S2-218208532,S2-236577190,S2-755671955,S2-173632166,S2-384219063,S2-492879191,S2-575166296,S2-904673479,S2-232105388,S2-103972023,S2-876721131,S2-957143385,S2-746717750,S2-241726445,S2-519903945,S3-249416830,S3-551148968,S3-309601238,S3-777257171,S3-493572667,S3-940228072,S3-299576808,S3-44013376,S3-585479914,S3-791460119,S3-161412777,S3-458988960,S3-113462535,S3-6605683,S3-988710395,S3-14718400,S3-899583090,S3-536959514,S3-517654841,S3-748452890,S3-306897876,S3-49672113,S3-393484059,S3-980152742,S3-829024295,S3-833085447,S3-564535893,S3-380295664,S3-189240583,S3-946323575,S3-736041086,S3-961058678,S3-201614402,S3-30824703,S3-311526271,S3-82016851,S3-379984324,S3-406009851,S3-390731898,S3-436725377,S3-114276926,S3-245133916,S3-168396245,S3-913950232
S1-846542666	S2-39617527,S3-946323575
S1-848219519	S2-721031885,S2-868087865,S2-795141272,S2-953098128,S2-54307441,S2-208005980,S2-187379771,S2-705827573,S2-265287731,S2-622773844,S2-333785505,S2-556543773,S2-152030787,S2-667620668,S2-563158163,S2-41847464,S2-475524221,S2-652827281,S2-943996696,S2-878003016,S2-533197229,S2-402804051,S2-299258785,S2-489049291,S2-756454257,S2-347017935,S2-989100620,S2-556803824,S2-1722538,S2-575166296,S2-61330089,S2-790721694,S2-193995593,S2-811863966,S2-438678740,S2-646516046,S2-828726837,S2-14102665,S2-681609924,S2-374779945,S2-781397767,S2-857071377,S2-482353871,S2-699301561,S2-241726445,S2-131264573,S2-79905632,S3-22467283,S3-578159284,S3-504183980,S3-118652570,S3-323153716,S3-875583147,S3-444450554,S3-660160649,S3-51937572,S3-411324695,S3-97933587,S3-299576808,S3-921372917,S3-961916983,S3-519350515,S3-354096900,S3-369130400,S3-889312836,S3-510778048,S3-81161554,S3-903416633,S3-80323204,S3-257771188,S3-775274701,S3-783906913,S3-289677596,S3-325999314,S3-975051187,S3-49672113,S3-951624052,S3-532479968,S3-593749288,S3-240930945,S3-966369596,S3-861155049,S3-331595551,S3-81212547,S3-800499462,S3-642917160,S3-300224532,S3-789929510,S3-461263702
S1-848777360	S2-508602797,S2-684635925,S2-978126813,S2-349287094,S2-102309877,S2-800014563,S2-67505679,S2-59544689,S2-190103142,S2-298914373,S2-628335210,S2-109121051,S2-541414076,S2-891756213,S2-696635067,S2-971339247,S2-996245861,S2-892923793,S2-308505251,S2-701787316,S2-394314645,S2-8982199,S2-131151726,S2-750426664,S2-117672295,S2-549881386,S2-528205184,S2-561420173,S2-859321758,S2-37081703,S2-321398182,S2-937703023,S2-679190243,S2-331339262,S2-187514897,S2-281309190,S2-577969603,S2-840538759,S2-898880623,S2-492826161,S2-736787326,S2-590774517,S2-169597264,S2-631451351,S2-26324258,S3-53737228,S3-45067784,S3-128062172,S3-230314480,S3-878295053,S3-730662073,S3-607506773,S3-263247365,S3-232475819,S3-575968805,S3-92974238,S3-901865937,S3-566328140,S3-797289734,S3-426545498,S3-375023535,S3-331944027,S3-890922145,S3-136675280,S3-507578619,S3-836927959,S3-260366126,S3-862789788,S3-32634960,S3-509442398,S3-460045321,S3-465433588,S3-703821326,S3-829490404,S3-896227623,S3-977086194,S3-479249803,S3-619115665,S3-91294893,S3-797756565,S3-104260598,S3-444600693,S3-123694229,S3-197093940,S3-918357967,S3-659206129,S3-275360323,S3-26161361,S3-46768096,S3-126982322,S3-548783787,S3-803003378,S3-459705885,S3-753125827,S3-610402578,S3-308631150,S3-408212372,S3-112942354,S3-960875960,S3-177049334,S3-551580447,S3-179738152,S3-434491965,S3-587791501,S3-444730740,S3-786831449,S3-364420425,S3-548914378,S3-651762109
S1-851869949	S2-721031885,S2-868087865,S2-795141272,S2-953098128,S2-54307441,S2-208005980,S2-187379771,S2-705827573,S2-265287731,S2-622773844,S2-333785505,S2-556543773,S2-152030787,S2-254788212,S2-667620668,S2-35158435,S2-563158163,S2-41847464,S2-475524221,S2-175566180,S2-652827281,S2-943996696,S2-878003016,S2-533197229,S2-402804051,S2-299258785,S2-489049291,S2-440137459,S2-756454257,S2-347017935,S2-989100620,S2-556803824,S2-755671955,S2-1722538,S2-575166296,S2-175642159,S2-61330089,S2-790721694,S2-193995593,S2-811863966,S2-438678740,S2-646516046,S2-828726837,S2-14102665,S2-681609924,S2-374779945,S2-781397767,S2-857071377,S2-482353871,S2-699301561,S2-241726445,S2-131264573,S2-79905632,S2-444297111,S3-22467283,S3-578159284,S3-504183980,S3-118652570,S3-323153716,S3-875583147,S3-444450554,S3-660160649,S3-51937572,S3-411324695,S3-97933587,S3-299576808,S3-921372917,S3-961916983,S3-519350515,S3-354096900,S3-369130400,S3-889312836,S3-510778048,S3-81161554,S3-903416633,S3-80323204,S3-257771188,S3-775274701,S3-783906913,S3-289677596,S3-325999314,S3-975051187,S3-49672113,S3-393484059,S3-951624052,S3-738588591,S3-506388347,S3-532479968,S3-593749288,S3-765275693,S3-240930945,S3-966369596,S3-861155049,S3-99505923,S3-331595551,S3-81212547,S3-800499462,S3-642917160,S3-300224532,S3-789929510
S1-854319024	S2-347017935,S2-53273621,S3-551148968,S3-474790592,S3-38557301,S3-980152742,S3-833085447,S3-376509191,S3-754421830
S1-85500745	S2-316755660,S2-563357912,S2-114121811,S2-764430935
S1-855787505	S2-508602797,S2-684635925,S2-978126813,S2-349287094,S2-102309877,S2-800014563,S2-67505679,S2-59544689,S2-190103142,S2-298914373,S2-628335210,S2-109121051,S2-541414076,S2-891756213,S2-696635067,S2-971339247,S2-996245861,S2-892923793,S2-308505251,S2-701787316,S2-394314645,S2-8982199,S2-131151726,S2-750426664,S2-117672295,S2-549881386,S2-528205184,S2-561420173,S2-859321758,S2-37081703,S2-321398182,S2-937703023,S2-679190243,S2-331339262,S2-281309190,S2-577969603,S2-840538759,S2-898880623,S2-492826161,S2-736787326,S2-590774517,S2-169597264,S2-631451351,S2-26324258,S3-53737228,S3-45067784,S3-128062172,S3-230314480,S3-878295053,S3-730662073,S3-607506773,S3-263247365,S3-232475819,S3-575968805,S3-92974238,S3-901865937,S3-566328140,S3-797289734,S3-426545498,S3-375023535,S3-331944027,S3-890922145,S3-136675280,S3-507578619,S3-836927959,S3-260366126,S3-862789788,S3-32634960,S3-509442398,S3-460045321,S3-465433588,S3-703821326,S3-829490404,S3-896227623,S3-977086194,S3-479249803,S3-619115665,S3-91294893,S3-104260598,S3-444600693,S3-123694229,S3-197093940,S3-918357967,S3-659206129,S3-275360323,S3-26161361,S3-46768096,S3-126982322,S3-548783787,S3-803003378,S3-459705885,S3-610402578,S3-308631150,S3-408212372,S3-112942354,S3-960875960,S3-177049334,S3-551580447,S3-179738152,S3-434491965,S3-587791501,S3-444730740,S3-786831449,S3-364420425,S3-548914378,S3-651762109
S1-859252896	S3-159562080,S3-452675423
S1-86094936	S2-684635925,S2-382657775,S3-173449142,S3-780118815,S3-728602891,S3-179738152
S1-862092661	S2-764573417,S2-163963287,S2-49942811,S2-669879950,S2-332014708,S2-257885603,S2-162849450,S2-164086509,S2-857681318,S2-871017791,S2-472544795,S2-967974285,S2-322211984,S2-430379962,S2-648129048,S2-218208532,S2-236577190,S2-755671955,S2-173632166,S2-384219063,S2-589492301,S2-232105388,S2-103972023,S2-876721131,S2-957143385,S2-519903945,S3-249416830,S3-51937572,S3-493572667,S3-303047307,S3-44013376,S3-585479914,S3-791460119,S3-161412777,S3-458988960,S3-113462535,S3-6605683,S3-988710395,S3-899583090,S3-536959514,S3-748452890,S3-306897876,S3-393484059,S3-971943018,S3-829024295,S3-833085447,S3-564535893,S3-380295664,S3-189240583,S3-946323575,S3-736041086,S3-961058678,S3-201614402,S3-30824703,S3-311526271,S3-82016851,S3-379984324,S3-406009851,S3-390731898,S3-913950232
S1-862338675	S2-129228958,S2-623164214,S2-988340451,S2-663446783,S2-72944171,S2-891051005,S2-108630610,S3-628876983,S3-421946613,S3-608740521,S3-783906913,S3-240414259,S3-401540298,S3-979234382,S3-937604614
S1-866369736	S2-764573417,S2-163963287,S2-49942811,S2-669879950,S2-332014708,S2-257885603,S2-162849450,S2-164086509,S2-871017791,S2-472544795,S2-967974285,S2-322211984,S2-430379962,S2-648129048,S2-218208532,S2-236577190,S2-755671955,S2-173632166,S2-384219063,S2-232105388,S2-103972023,S2-876721131,S2-957143385,S2-519903945,S3-249416830,S3-493572667,S3-44013376,S3-585479914,S3-791460119,S3-161412777,S3-458988960,S3-113462535,S3-6605683,S3-988710395,S3-899583090,S3-536959514,S3-748452890,S3-306897876,S3-393484059,S3-829024295,S3-833085447,S3-564535893,S3-380295664,S3-189240583,S3-946323575,S3-736041086,S3-961058678,S3-201614402,S3-30824703,S3-311526271,S3-82016851,S3-379984324,S3-406009851,S3-390731898,S3-913950232
S1-86804153	S2-721031885,S2-868087865,S2-795141272,S2-953098128,S2-54307441,S2-208005980,S2-187379771,S2-705827573,S2-265287731,S2-622773844,S2-333785505,S2-556543773,S2-152030787,S2-667620668,S2-563158163,S2-41847464,S2-475524221,S2-652827281,S2-943996696,S2-878003016,S2-533197229,S2-402804051,S2-299258785,S2-218208532,S2-489049291,S2-756454257,S2-347017935,S2-989100620,S2-556803824,S2-777625208,S2-1722538,S2-575166296,S2-61330089,S2-790721694,S2-193995593,S2-811863966,S2-438678740,S2-646516046,S2-828726837,S2-14102665,S2-681609924,S2-374779945,S2-781397767,S2-857071377,S2-482353871,S2-699301561,S2-241726445,S2-131264573,S2-79905632,S3-22467283,S3-578159284,S3-504183980,S3-118652570,S3-551148968,S3-323153716,S3-875583147,S3-444450554,S3-660160649,S3-51937572,S3-411324695,S3-97933587,S3-299576808,S3-921372917,S3-474790592,S3-961916983,S3-519350515,S3-354096900,S3-369130400,S3-889312836,S3-510778048,S3-81161554,S3-903416633,S3-80323204,S3-257771188,S3-775274701,S3-783906913,S3-289677596,S3-325999314,S3-975051187,S3-49672113,S3-951624052,S3-532479968,S3-593749288,S3-125572762,S3-240930945,S3-966369596,S3-861155049,S3-331595551,S3-81212547,S3-800499462,S3-642917160,S3-754421830,S3-300224532,S3-789929510
S1-872627167	S2-508602797,S2-684635925,S2-978126813,S2-349287094,S2-102309877,S2-223038034,S2-800014563,S2-67505679,S2-59544689,S2-190103142,S2-298914373,S2-628335210,S2-109121051,S2-541414076,S2-891756213,S2-696635067,S2-971339247,S2-996245861,S2-892923793,S2-308505251,S2-701787316,S2-709626608,S2-728928259,S2-394314645,S2-8982199,S2-131151726,S2-750426664,S2-117672295,S2-549881386,S2-528205184,S2-561420173,S2-859321758,S2-37081703,S2-321398182,S2-937703023,S2-679190243,S2-331339262,S2-281309190,S2-577969603,S2-840538759,S2-898880623,S2-492826161,S2-736787326,S2-590774517,S2-169597264,S2-631451351,S2-492786272,S2-26324258,S2-100598528,S3-53737228,S3-45067784,S3-128062172,S3-230314480,S3-878295053,S3-725749046,S3-572363539,S3-730662073,S3-607506773,S3-263247365,S3-232475819,S3-575968805,S3-92974238,S3-901865937,S3-566328140,S3-797289734,S3-588120445,S3-426545498,S3-375023535,S3-331944027,S3-890922145,S3-136675280,S3-507578619,S3-836927959,S3-260366126,S3-862789788,S3-32634960,S3-509442398,S3-460045321,S3-465433588,S3-703821326,S3-829490404,S3-896227623,S3-977086194,S3-479249803,S3-619115665,S3-91294893,S3-104260598,S3-444600693,S3-123694229,S3-197093940,S3-918357967,S3-659206129,S3-275360323,S3-26161361,S3-46768096,S3-126982322,S3-548783787,S3-803003378,S3-459705885,S3-610402578,S3-308631150,S3-408212372,S3-112942354,S3-960875960,S3-177049334,S3-551580447,S3-179738152,S3-434491965,S3-587791501,S3-444730740,S3-786831449,S3-364420425,S3-548914378,S3-651762109
S1-876256279	S2-277444929,S2-508602797,S2-684635925,S2-91305348,S2-978126813,S2-349287094,S2-163588551,S2-102309877,S2-224839523,S2-829598251,S2-800014563,S2-67505679,S2-59544689,S2-469073813,S2-435778329,S2-190103142,S2-298914373,S2-628335210,S2-757169960,S2-109121051,S2-541414076,S2-891756213,S2-696635067,S2-971339247,S2-996245861,S2-892923793,S2-308505251,S2-688657051,S2-701787316,S2-709626608,S2-394314645,S2-308510117,S2-708389947,S2-8982199,S2-933278322,S2-131151726,S2-750426664,S2-117672295,S2-549881386,S2-797821871,S2-528205184,S2-516126165,S2-561420173,S2-859321758,S2-37081703,S2-297926319,S2-321398182,S2-554610011,S2-528320338,S2-937703023,S2-679190243,S2-331339262,S2-187514897,S2-946002985,S2-281309190,S2-577969603,S2-449617627,S2-379148212,S2-769858942,S2-532543036,S2-726045392,S2-840538759,S2-898880623,S2-492826161,S2-736787326,S2-382657775,S2-590774517,S2-169597264,S2-165930564,S2-811707035,S2-980846147,S2-252321761,S2-631451351,S2-26324258,S2-100598528,S3-859268022,S3-53737228,S3-45067784,S3-128062172,S3-230314480,S3-878295053,S3-572363539,S3-730662073,S3-891901989,S3-607506773,S3-263247365,S3-232475819,S3-575968805,S3-702183940,S3-92974238,S3-901865937,S3-566328140,S3-797289734,S3-588120445,S3-426545498,S3-367524706,S3-375023535,S3-331944027,S3-169505996,S3-890922145,S3-891626766,S3-136675280,S3-507578619,S3-836927959,S3-260366126,S3-862789788,S3-714994003,S3-32634960,S3-509442398,S3-976681859,S3-190135542,S3-954711163,S3-393744173,S3-460045321,S3-678683280,S3-302901311,S3-465433588,S3-703821326,S3-829490404,S3-896227623,S3-977086194,S3-891618576,S3-479249803,S3-619115665,S3-91294893,S3-104260598,S3-444600693,S3-123694229,S3-197093940,S3-439655728,S3-210818742,S3-918357967,S3-659206129,S3-275360323,S3-968476116,S3-787353706,S3-833884099,S3-26161361,S3-46768096,S3-126982322,S3-548783787,S3-699643086,S3-803003378,S3-459705885,S3-610402578,S3-308631150,S3-408212372,S3-728602891,S3-112942354,S3-960875960,S3-354910039,S3-177049334,S3-551580447,S3-179738152,S3-434491965,S3-564043019,S3-523695838,S3-587791501,S3-312442869,S3-444730740,S3-786831449,S3-364420425,S3-548914378,S3-651762109
S1-878904744	S2-479331549,S2-962270896,S3-159562080,S3-538777867
S1-8813651	S2-277444929,S2-508602797,S2-684635925,S2-91305348,S2-978126813,S2-349287094,S2-163588551,S2-102309877,S2-224839523,S2-829598251,S2-800014563,S2-67505679,S2-59544689,S2-778736994,S2-469073813,S2-435778329,S2-190103142,S2-298914373,S2-628335210,S2-757169960,S2-109121051,S2-970843942,S2-541414076,S2-891756213,S2-696635067,S2-971339247,S2-996245861,S2-892923793,S2-308505251,S2-688657051,S2-701787316,S2-709626608,S2-394314645,S2-308510117,S2-708389947,S2-8982199,S2-933278322,S2-131151726,S2-750426664,S2-117672295,S2-549881386,S2-797821871,S2-528205184,S2-516126165,S2-561420173,S2-859321758,S2-37081703,S2-297926319,S2-321398182,S2-554610011,S2-528320338,S2-937703023,S2-679190243,S2-331339262,S2-187514897,S2-946002985,S2-281309190,S2-577969603,S2-449617627,S2-379148212,S2-769858942,S2-532543036,S2-726045392,S2-840538759,S2-898880623,S2-492826161,S2-736787326,S2-382657775,S2-590774517,S2-169597264,S2-165930564,S2-811707035,S2-980846147,S2-252321761,S2-631451351,S2-26324258,S2-100598528,S3-859268022,S3-53737228,S3-45067784,S3-128062172,S3-230314480,S3-878295053,S3-572363539,S3-730662073,S3-891901989,S3-607506773,S3-263247365,S3-232475819,S3-575968805,S3-702183940,S3-92974238,S3-901865937,S3-566328140,S3-797289734,S3-588120445,S3-426545498,S3-367524706,S3-375023535,S3-331944027,S3-169505996,S3-890922145,S3-891626766,S3-136675280,S3-507578619,S3-836927959,S3-260366126,S3-211882578,S3-862789788,S3-714994003,S3-32634960,S3-509442398,S3-976681859,S3-190135542,S3-954711163,S3-393744173,S3-460045321,S3-678683280,S3-302901311,S3-465433588,S3-703821326,S3-829490404,S3-896227623,S3-977086194,S3-891618576,S3-479249803,S3-619115665,S3-91294893,S3-104260598,S3-444600693,S3-123694229,S3-197093940,S3-439655728,S3-210818742,S3-918357967,S3-659206129,S3-275360323,S3-968476116,S3-787353706,S3-833884099,S3-26161361,S3-46768096,S3-463723999,S3-126982322,S3-548783787,S3-699643086,S3-803003378,S3-459705885,S3-610402578,S3-308631150,S3-408212372,S3-728602891,S3-112942354,S3-960875960,S3-354910039,S3-177049334,S3-551580447,S3-179738152,S3-995040589,S3-434491965,S3-564043019,S3-523695838,S3-587791501,S3-312442869,S3-444730740,S3-786831449,S3-364420425,S3-552320642,S3-548914378,S3-651762109
S1-881535873	S2-277444929,S2-508602797,S2-684635925,S2-91305348,S2-978126813,S2-349287094,S2-163588551,S2-102309877,S2-224839523,S2-829598251,S2-800014563,S2-67505679,S2-59544689,S2-469073813,S2-435778329,S2-190103142,S2-298914373,S2-628335210,S2-757169960,S2-109121051,S2-541414076,S2-891756213,S2-696635067,S2-971339247,S2-996245861,S2-892923793,S2-308505251,S2-688657051,S2-701787316,S2-709626608,S2-394314645,S2-308510117,S2-708389947,S2-8982199,S2-933278322,S2-131151726,S2-750426664,S2-117672295,S2-549881386,S2-797821871,S2-528205184,S2-516126165,S2-561420173,S2-859321758,S2-37081703,S2-297926319,S2-321398182,S2-554610011,S2-528320338,S2-937703023,S2-679190243,S2-331339262,S2-187514897,S2-946002985,S2-281309190,S2-577969603,S2-449617627,S2-379148212,S2-769858942,S2-532543036,S2-726045392,S2-840538759,S2-898880623,S2-492826161,S2-736787326,S2-382657775,S2-590774517,S2-169597264,S2-165930564,S2-811707035,S2-980846147,S2-252321761,S2-631451351,S2-26324258,S2-100598528,S3-859268022,S3-53737228,S3-45067784,S3-128062172,S3-230314480,S3-878295053,S3-572363539,S3-730662073,S3-891901989,S3-607506773,S3-263247365,S3-232475819,S3-575968805,S3-702183940,S3-92974238,S3-901865937,S3-566328140,S3-797289734,S3-588120445,S3-426545498,S3-367524706,S3-375023535,S3-331944027,S3-169505996,S3-890922145,S3-891626766,S3-136675280,S3-507578619,S3-836927959,S3-260366126,S3-862789788,S3-714994003,S3-32634960,S3-509442398,S3-976681859,S3-190135542,S3-954711163,S3-393744173,S3-460045321,S3-678683280,S3-302901311,S3-465433588,S3-703821326,S3-829490404,S3-896227623,S3-977086194,S3-891618576,S3-479249803,S3-619115665,S3-91294893,S3-104260598,S3-444600693,S3-123694229,S3-197093940,S3-439655728,S3-210818742,S3-918357967,S3-659206129,S3-275360323,S3-968476116,S3-787353706,S3-833884099,S3-26161361,S3-46768096,S3-126982322,S3-548783787,S3-699643086,S3-803003378,S3-459705885,S3-610402578,S3-308631150,S3-408212372,S3-728602891,S3-112942354,S3-960875960,S3-354910039,S3-177049334,S3-551580447,S3-179738152,S3-434491965,S3-564043019,S3-523695838,S3-587791501,S3-312442869,S3-444730740,S3-786831449,S3-364420425,S3-548914378,S3-651762109
S1-881770296	S2-764573417,S2-163963287,S2-49942811,S2-669879950,S2-332014708,S2-257885603,S2-457500956,S2-162849450,S2-164086509,S2-871017791,S2-472544795,S2-967974285,S2-322211984,S2-430379962,S2-648129048,S2-218208532,S2-236577190,S2-516249560,S2-716687956,S2-755671955,S2-173632166,S2-384219063,S2-232105388,S2-103972023,S2-876721131,S2-957143385,S2-519903945,S2-716961117,S3-249416830,S3-493572667,S3-44013376,S3-585479914,S3-791460119,S3-161412777,S3-458988960,S3-903416633,S3-113462535,S3-6605683,S3-988710395,S3-899583090,S3-536959514,S3-748452890,S3-306897876,S3-393484059,S3-829024295,S3-833085447,S3-80888417,S3-564535893,S3-380295664,S3-189240583,S3-946323575,S3-736041086,S3-961058678,S3-201614402,S3-30824703,S3-311526271,S3-82016851,S3-379984324,S3-406009851,S3-390731898,S3-913950232
S1-883468618	S2-277444929,S2-508602797,S2-684635925,S2-91305348,S2-978126813,S2-349287094,S2-163588551,S2-102309877,S2-224839523,S2-829598251,S2-800014563,S2-67505679,S2-59544689,S2-469073813,S2-435778329,S2-952329168,S2-190103142,S2-298914373,S2-628335210,S2-757169960,S2-109121051,S2-541414076,S2-891756213,S2-696635067,S2-971339247,S2-996245861,S2-892923793,S2-308505251,S2-688657051,S2-701787316,S2-709626608,S2-394314645,S2-308510117,S2-708389947,S2-8982199,S2-933278322,S2-131151726,S2-750426664,S2-529867680,S2-117672295,S2-549881386,S2-797821871,S2-528205184,S2-516126165,S2-561420173,S2-859321758,S2-990119436,S2-37081703,S2-297926319,S2-321398182,S2-554610011,S2-528320338,S2-937703023,S2-679190243,S2-761989439,S2-331339262,S2-187514897,S2-946002985,S2-281309190,S2-577969603,S2-449617627,S2-379148212,S2-769858942,S2-532543036,S2-726045392,S2-930194769,S2-840538759,S2-898880623,S2-492826161,S2-736787326,S2-382657775,S2-590774517,S2-169597264,S2-165930564,S2-210903973,S2-811707035,S2-980846147,S2-252321761,S2-631451351,S2-26324258,S2-100598528,S3-859268022,S3-53737228,S3-45067784,S3-128062172,S3-776815069,S3-230314480,S3-878295053,S3-572363539,S3-730662073,S3-891901989,S3-607506773,S3-263247365,S3-232475819,S3-575968805,S3-702183940,S3-92974238,S3-901865937,S3-566328140,S3-797289734,S3-588120445,S3-207262214,S3-426545498,S3-367524706,S3-375023535,S3-331944027,S3-169505996,S3-890922145,S3-891626766,S3-136675280,S3-507578619,S3-836927959,S3-260366126,S3-211882578,S3-862789788,S3-714994003,S3-32634960,S3-509442398,S3-976681859,S3-447961633,S3-190135542,S3-954711163,S3-393744173,S3-460045321,S3-678683280,S3-786009122,S3-302901311,S3-465433588,S3-703821326,S3-829490404,S3-896227623,S3-977086194,S3-891618576,S3-479249803,S3-619115665,S3-91294893,S3-104260598,S3-444600693,S3-123694229,S3-197093940,S3-439655728,S3-210818742,S3-918357967,S3-659206129,S3-275360323,S3-968476116,S3-787353706,S3-833884099,S3-26161361,S3-46768096,S3-126982322,S3-548783787,S3-699643086,S3-803003378,S3-459705885,S3-405553422,S3-610402578,S3-308631150,S3-592073516,S3-408212372,S3-262158504,S3-728602891,S3-150068856,S3-112942354,S3-960875960,S3-354910039,S3-177049334,S3-551580447,S3-179738152,S3-434491965,S3-564043019,S3-523695838,S3-587791501,S3-312442869,S3-444730740,S3-786831449,S3-364420425,S3-548914378,S3-651762109
S1-883829621	S2-277444929,S2-508602797,S2-684635925,S2-91305348,S2-978126813,S2-349287094,S2-163588551,S2-102309877,S2-224839523,S2-829598251,S2-800014563,S2-67505679,S2-59544689,S2-469073813,S2-435778329,S2-190103142,S2-298914373,S2-628335210,S2-757169960,S2-109121051,S2-541414076,S2-891756213,S2-696635067,S2-971339247,S2-996245861,S2-892923793,S2-308505251,S2-688657051,S2-701787316,S2-709626608,S2-394314645,S2-308510117,S2-708389947,S2-8982199,S2-933278322,S2-131151726,S2-750426664,S2-117672295,S2-549881386,S2-797821871,S2-528205184,S2-516126165,S2-561420173,S2-859321758,S2-37081703,S2-297926319,S2-321398182,S2-554610011,S2-528320338,S2-937703023,S2-679190243,S2-331339262,S2-187514897,S2-946002985,S2-281309190,S2-577969603,S2-449617627,S2-379148212,S2-769858942,S2-532543036,S2-726045392,S2-840538759,S2-898880623,S2-492826161,S2-736787326,S2-382657775,S2-590774517,S2-169597264,S2-165930564,S2-811707035,S2-980846147,S2-252321761,S2-631451351,S2-26324258,S2-100598528,S3-859268022,S3-53737228,S3-45067784,S3-128062172,S3-230314480,S3-878295053,S3-572363539,S3-730662073,S3-891901989,S3-607506773,S3-263247365,S3-232475819,S3-575968805,S3-702183940,S3-92974238,S3-901865937,S3-566328140,S3-797289734,S3-588120445,S3-426545498,S3-367524706,S3-375023535,S3-331944027,S3-169505996,S3-890922145,S3-891626766,S3-136675280,S3-507578619,S3-836927959,S3-260366126,S3-862789788,S3-714994003,S3-32634960,S3-509442398,S3-976681859,S3-190135542,S3-954711163,S3-393744173,S3-460045321,S3-678683280,S3-302901311,S3-465433588,S3-703821326,S3-829490404,S3-896227623,S3-977086194,S3-891618576,S3-479249803,S3-619115665,S3-91294893,S3-104260598,S3-444600693,S3-123694229,S3-197093940,S3-439655728,S3-210818742,S3-918357967,S3-659206129,S3-275360323,S3-968476116,S3-787353706,S3-833884099,S3-26161361,S3-46768096,S3-126982322,S3-548783787,S3-699643086,S3-803003378,S3-459705885,S3-610402578,S3-308631150,S3-408212372,S3-728602891,S3-112942354,S3-960875960,S3-354910039,S3-177049334,S3-551580447,S3-179738152,S3-434491965,S3-564043019,S3-523695838,S3-587791501,S3-312442869,S3-444730740,S3-786831449,S3-364420425,S3-548914378,S3-651762109
S1-883973644	S2-721031885,S2-868087865,S2-795141272,S2-953098128,S2-54307441,S2-208005980,S2-187379771,S2-705827573,S2-265287731,S2-622773844,S2-333785505,S2-556543773,S2-152030787,S2-623817123,S2-667620668,S2-537858187,S2-563158163,S2-41847464,S2-475524221,S2-652827281,S2-943996696,S2-878003016,S2-533197229,S2-402804051,S2-299258785,S2-489049291,S2-756454257,S2-347017935,S2-989100620,S2-556803824,S2-1722538,S2-575166296,S2-61330089,S2-790721694,S2-193995593,S2-811863966,S2-438678740,S2-646516046,S2-828726837,S2-14102665,S2-681609924,S2-374779945,S2-781397767,S2-857071377,S2-482353871,S2-699301561,S2-241726445,S2-131264573,S2-79905632,S3-22467283,S3-578159284,S3-504183980,S3-118652570,S3-315861895,S3-323153716,S3-875583147,S3-444450554,S3-660160649,S3-51937572,S3-411324695,S3-97933587,S3-299576808,S3-921372917,S3-961916983,S3-519350515,S3-354096900,S3-369130400,S3-889312836,S3-510778048,S3-81161554,S3-903416633,S3-80323204,S3-257771188,S3-775274701,S3-783906913,S3-289677596,S3-325999314,S3-975051187,S3-49672113,S3-951624052,S3-532479968,S3-593749288,S3-240930945,S3-966369596,S3-82016851,S3-861155049,S3-331595551,S3-81212547,S3-800499462,S3-642917160,S3-300224532,S3-789929510
S1-887285254	S2-721031885,S2-868087865,S2-795141272,S2-953098128,S2-54307441,S2-208005980,S2-187379771,S2-705827573,S2-265287731,S2-622773844,S2-333785505,S2-556543773,S2-152030787,S2-667620668,S2-563158163,S2-41847464,S2-475524221,S2-652827281,S2-943996696,S2-878003016,S2-533197229,S2-402804051,S2-299258785,S2-489049291,S2-756454257,S2-347017935,S2-989100620,S2-556803824,S2-1722538,S2-575166296,S2-61330089,S2-790721694,S2-193995593,S2-811863966,S2-438678740,S2-646516046,S2-828726837,S2-14102665,S2-681609924,S2-374779945,S2-781397767,S2-857071377,S2-482353871,S2-699301561,S2-241726445,S2-131264573,S2-79905632,S3-22467283,S3-578159284,S3-504183980,S3-118652570,S3-323153716,S3-875583147,S3-444450554,S3-660160649,S3-51937572,S3-411324695,S3-97933587,S3-299576808,S3-921372917,S3-961916983,S3-519350515,S3-96036271,S3-354096900,S3-369130400,S3-889312836,S3-510778048,S3-81161554,S3-903416633,S3-80323204,S3-257771188,S3-775274701,S3-783906913,S3-289677596,S3-325999314,S3-975051187,S3-49672113,S3-951624052,S3-532479968,S3-593749288,S3-240930945,S3-966369596,S3-861155049,S3-331595551,S3-81212547,S3-800499462,S3-642917160,S3-300224532,S3-789929510
S1-888660595	S2-508602797,S2-684635925,S2-978126813,S2-349287094,S2-102309877,S2-800014563,S2-67505679,S2-59544689,S2-190103142,S2-298914373,S2-628335210,S2-109121051,S2-541414076,S2-891756213,S2-696635067,S2-971339247,S2-996245861,S2-892923793,S2-308505251,S2-701787316,S2-394314645,S2-8982199,S2-131151726,S2-750426664,S2-117672295,S2-549881386,S2-528205184,S2-561420173,S2-859321758,S2-37081703,S2-321398182,S2-937703023,S2-679190243,S2-331339262,S2-281309190,S2-577969603,S2-840538759,S2-898880623,S2-492826161,S2-736787326,S2-590774517,S2-169597264,S2-631451351,S2-26324258,S3-53737228,S3-45067784,S3-128062172,S3-230314480,S3-878295053,S3-730662073,S3-607506773,S3-263247365,S3-232475819,S3-575968805,S3-92974238,S3-901865937,S3-566328140,S3-797289734,S3-426545498,S3-375023535,S3-331944027,S3-890922145,S3-136675280,S3-507578619,S3-836927959,S3-260366126,S3-862789788,S3-32634960,S3-509442398,S3-460045321,S3-465433588,S3-703821326,S3-829490404,S3-896227623,S3-977086194,S3-479249803,S3-619115665,S3-91294893,S3-104260598,S3-444600693,S3-123694229,S3-197093940,S3-918357967,S3-659206129,S3-275360323,S3-26161361,S3-46768096,S3-126982322,S3-548783787,S3-803003378,S3-459705885,S3-610402578,S3-308631150,S3-408212372,S3-112942354,S3-960875960,S3-177049334,S3-551580447,S3-179738152,S3-434491965,S3-587791501,S3-444730740,S3-786831449,S3-364420425,S3-548914378,S3-651762109
S1-889584874	S2-721031885,S2-868087865,S2-795141272,S2-953098128,S2-235039028,S2-54307441,S2-208005980,S2-187379771,S2-705827573,S2-265287731,S2-622773844,S2-333785505,S2-556543773,S2-152030787,S2-667620668,S2-563158163,S2-41847464,S2-475524221,S2-652827281,S2-943996696,S2-878003016,S2-533197229,S2-402804051,S2-785852339,S2-299258785,S2-489049291,S2-756454257,S2-347017935,S2-989100620,S2-529238319,S2-556803824,S2-713920891,S2-1722538,S2-575166296,S2-61330089,S2-790721694,S2-193995593,S2-811863966,S2-438678740,S2-646516046,S2-828726837,S2-14102665,S2-681609924,S2-962270896,S2-374779945,S2-781397767,S2-857071377,S2-482353871,S2-699301561,S2-241726445,S2-131264573,S2-79905632,S3-22467283,S3-578159284,S3-504183980,S3-118652570,S3-323153716,S3-875583147,S3-444450554,S3-660160649,S3-51937572,S3-411324695,S3-97933587,S3-299576808,S3-921372917,S3-629247863,S3-961916983,S3-519350515,S3-354096900,S3-369130400,S3-889312836,S3-510778048,S3-81161554,S3-903416633,S3-80323204,S3-257771188,S3-775274701,S3-783906913,S3-289677596,S3-325999314,S3-975051187,S3-49672113,S3-951624052,S3-532479968,S3-593749288,S3-240930945,S3-966369596,S3-861155049,S3-331595551,S3-81212547,S3-800499462,S3-642917160,S3-300224532,S3-789929510
S1-89093509	S2-508602797,S2-684635925,S2-978126813,S2-349287094,S2-102309877,S2-800014563,S2-67505679,S2-59544689,S2-190103142,S2-298914373,S2-628335210,S2-109121051,S2-541414076,S2-891756213,S2-696635067,S2-971339247,S2-996245861,S2-892923793,S2-308505251,S2-701787316,S2-394314645,S2-8982199,S2-131151726,S2-750426664,S2-117672295,S2-549881386,S2-528205184,S2-561420173,S2-859321758,S2-37081703,S2-321398182,S2-937703023,S2-679190243,S2-331339262,S2-281309190,S2-577969603,S2-840538759,S2-898880623,S2-492826161,S2-736787326,S2-590774517,S2-169597264,S2-631451351,S2-26324258,S3-53737228,S3-45067784,S3-128062172,S3-230314480,S3-878295053,S3-730662073,S3-607506773,S3-263247365,S3-232475819,S3-575968805,S3-92974238,S3-901865937,S3-566328140,S3-797289734,S3-426545498,S3-375023535,S3-331944027,S3-890922145,S3-136675280,S3-507578619,S3-836927959,S3-260366126,S3-862789788,S3-32634960,S3-509442398,S3-460045321,S3-465433588,S3-703821326,S3-829490404,S3-896227623,S3-977086194,S3-479249803,S3-619115665,S3-91294893,S3-104260598,S3-444600693,S3-123694229,S3-197093940,S3-918357967,S3-659206129,S3-275360323,S3-26161361,S3-46768096,S3-126982322,S3-548783787,S3-803003378,S3-459705885,S3-610402578,S3-308631150,S3-408212372,S3-112942354,S3-960875960,S3-177049334,S3-551580447,S3-179738152,S3-434491965,S3-587791501,S3-444730740,S3-786831449,S3-364420425,S3-548914378,S3-651762109
S1-895771779	S2-871017791
S1-899782554	S2-28111444,S2-652827281,S3-160217003,S3-97933587
S1-90032658	S2-277444929,S2-508602797,S2-684635925,S2-91305348,S2-978126813,S2-349287094,S2-163588551,S2-102309877,S2-224839523,S2-829598251,S2-800014563,S2-67505679,S2-59544689,S2-469073813,S2-435778329,S2-190103142,S2-298914373,S2-628335210,S2-757169960,S2-109121051,S2-541414076,S2-891756213,S2-696635067,S2-971339247,S2-996245861,S2-892923793,S2-308505251,S2-688657051,S2-701787316,S2-709626608,S2-394314645,S2-308510117,S2-708389947,S2-8982199,S2-933278322,S2-131151726,S2-750426664,S2-117672295,S2-549881386,S2-797821871,S2-528205184,S2-516126165,S2-561420173,S2-859321758,S2-37081703,S2-297926319,S2-321398182,S2-554610011,S2-528320338,S2-937703023,S2-679190243,S2-331339262,S2-187514897,S2-946002985,S2-281309190,S2-577969603,S2-449617627,S2-379148212,S2-769858942,S2-532543036,S2-726045392,S2-840538759,S2-898880623,S2-492826161,S2-736787326,S2-382657775,S2-590774517,S2-169597264,S2-165930564,S2-811707035,S2-980846147,S2-252321761,S2-631451351,S2-26324258,S2-100598528,S3-859268022,S3-53737228,S3-45067784,S3-128062172,S3-230314480,S3-878295053,S3-572363539,S3-730662073,S3-891901989,S3-607506773,S3-263247365,S3-232475819,S3-575968805,S3-702183940,S3-92974238,S3-901865937,S3-566328140,S3-797289734,S3-588120445,S3-426545498,S3-367524706,S3-375023535,S3-331944027,S3-169505996,S3-890922145,S3-891626766,S3-136675280,S3-507578619,S3-836927959,S3-260366126,S3-862789788,S3-714994003,S3-32634960,S3-509442398,S3-976681859,S3-190135542,S3-954711163,S3-393744173,S3-460045321,S3-678683280,S3-302901311,S3-465433588,S3-703821326,S3-829490404,S3-896227623,S3-977086194,S3-891618576,S3-479249803,S3-619115665,S3-91294893,S3-104260598,S3-444600693,S3-123694229,S3-197093940,S3-439655728,S3-210818742,S3-918357967,S3-659206129,S3-275360323,S3-968476116,S3-787353706,S3-833884099,S3-26161361,S3-46768096,S3-126982322,S3-548783787,S3-699643086,S3-803003378,S3-459705885,S3-610402578,S3-308631150,S3-408212372,S3-728602891,S3-112942354,S3-960875960,S3-354910039,S3-177049334,S3-551580447,S3-179738152,S3-434491965,S3-564043019,S3-523695838,S3-587791501,S3-312442869,S3-444730740,S3-786831449,S3-364420425,S3-548914378,S3-651762109
S1-90128015	S2-235039028,S2-73037424,S2-91704178,S2-159064454,S2-153334775
S1-904228116	S2-235039028,S2-401480583,S2-464291399,S2-785852339,S2-103317508,S2-589492301,S2-934037681,S3-875583147,S3-777257171,S3-585479914,S3-36683911,S3-761438523,S3-75056814,S3-898251122,S3-762825829,S3-494118563
S1-904479856	S2-721031885,S2-868087865,S2-795141272,S2-953098128,S2-54307441,S2-208005980,S2-187379771,S2-705827573,S2-265287731,S2-622773844,S2-333785505,S2-556543773,S2-152030787,S2-623817123,S2-667620668,S2-563158163,S2-41847464,S2-475524221,S2-652827281,S2-943996696,S2-878003016,S2-533197229,S2-402804051,S2-299258785,S2-489049291,S2-440137459,S2-756454257,S2-347017935,S2-989100620,S2-556803824,S2-1722538,S2-575166296,S2-61330089,S2-790721694,S2-193995593,S2-811863966,S2-438678740,S2-928122498,S2-646516046,S2-828726837,S2-14102665,S2-681609924,S2-374779945,S2-781397767,S2-857071377,S2-482353871,S2-699301561,S2-241726445,S2-131264573,S2-79905632,S3-22467283,S3-578159284,S3-504183980,S3-118652570,S3-171901473,S3-323153716,S3-875583147,S3-444450554,S3-660160649,S3-51937572,S3-411324695,S3-97933587,S3-299576808,S3-921372917,S3-961916983,S3-519350515,S3-105263451,S3-354096900,S3-369130400,S3-879599711,S3-889312836,S3-510778048,S3-81161554,S3-903416633,S3-113462535,S3-80323204,S3-257771188,S3-775274701,S3-783906913,S3-289677596,S3-325999314,S3-975051187,S3-49672113,S3-951624052,S3-532479968,S3-593749288,S3-240930945,S3-966369596,S3-861155049,S3-331595551,S3-81212547,S3-800499462,S3-642917160,S3-300224532,S3-789929510
S1-906281937	S2-402816908,S2-290146361,S2-438182503,S2-625682061,S2-516249560,S2-492879191,S2-904673479,S2-508784928,S2-661443009,S3-121412624,S3-8222959,S3-811855637,S3-362638952,S3-112379453,S3-722381828,S3-593749288,S3-164359106
S1-907635568	S2-699134996,S2-934037681,S3-109335189,S3-406009851
S1-912508322	S2-763108962,S2-223038034,S2-722166534,S2-701477103,S2-605633090,S2-728928259,S2-243813488,S2-34449822,S2-785139940,S2-747145329,S3-136675280,S3-12915038,S3-682142621,S3-439655728,S3-461388509,S3-833884099,S3-960702922,S3-709021698,S3-995040589
S1-913301865	S2-508602797,S2-684635925,S2-978126813,S2-349287094,S2-102309877,S2-800014563,S2-67505679,S2-59544689,S2-190103142,S2-298914373,S2-628335210,S2-109121051,S2-541414076,S2-891756213,S2-696635067,S2-971339247,S2-996245861,S2-892923793,S2-308505251,S2-701787316,S2-394314645,S2-8982199,S2-131151726,S2-750426664,S2-117672295,S2-549881386,S2-528205184,S2-561420173,S2-859321758,S2-37081703,S2-321398182,S2-937703023,S2-679190243,S2-331339262,S2-281309190,S2-577969603,S2-840538759,S2-898880623,S2-492826161,S2-736787326,S2-590774517,S2-169597264,S2-631451351,S2-26324258,S3-53737228,S3-45067784,S3-128062172,S3-230314480,S3-878295053,S3-730662073,S3-607506773,S3-263247365,S3-232475819,S3-575968805,S3-92974238,S3-901865937,S3-566328140,S3-797289734,S3-426545498,S3-375023535,S3-331944027,S3-890922145,S3-136675280,S3-507578619,S3-836927959,S3-260366126,S3-862789788,S3-32634960,S3-509442398,S3-460045321,S3-465433588,S3-703821326,S3-829490404,S3-896227623,S3-977086194,S3-479249803,S3-619115665,S3-91294893,S3-104260598,S3-444600693,S3-123694229,S3-197093940,S3-918357967,S3-659206129,S3-275360323,S3-833884099,S3-26161361,S3-46768096,S3-126982322,S3-548783787,S3-803003378,S3-459705885,S3-610402578,S3-308631150,S3-408212372,S3-112942354,S3-960875960,S3-177049334,S3-551580447,S3-179738152,S3-434491965,S3-587791501,S3-444730740,S3-786831449,S3-364420425,S3-548914378,S3-651762109
S1-915022305	S3-190231775
S1-919867800	S2-763108962,S2-970843942
S1-924009686	S2-277444929,S2-508602797,S2-684635925,S2-91305348,S2-978126813,S2-349287094,S2-163588551,S2-102309877,S2-224839523,S2-829598251,S2-800014563,S2-67505679,S2-59544689,S2-469073813,S2-435778329,S2-952329168,S2-190103142,S2-298914373,S2-628335210,S2-757169960,S2-109121051,S2-541414076,S2-891756213,S2-696635067,S2-971339247,S2-996245861,S2-892923793,S2-308505251,S2-688657051,S2-701787316,S2-709626608,S2-394314645,S2-308510117,S2-708389947,S2-8982199,S2-933278322,S2-131151726,S2-750426664,S2-529867680,S2-117672295,S2-549881386,S2-797821871,S2-528205184,S2-516126165,S2-561420173,S2-859321758,S2-990119436,S2-37081703,S2-297926319,S2-321398182,S2-554610011,S2-528320338,S2-937703023,S2-679190243,S2-761989439,S2-331339262,S2-187514897,S2-946002985,S2-281309190,S2-577969603,S2-449617627,S2-379148212,S2-769858942,S2-532543036,S2-726045392,S2-930194769,S2-840538759,S2-898880623,S2-492826161,S2-736787326,S2-382657775,S2-590774517,S2-169597264,S2-165930564,S2-210903973,S2-811707035,S2-980846147,S2-252321761,S2-631451351,S2-26324258,S2-100598528,S3-859268022,S3-53737228,S3-45067784,S3-128062172,S3-776815069,S3-230314480,S3-878295053,S3-572363539,S3-730662073,S3-891901989,S3-607506773,S3-263247365,S3-232475819,S3-575968805,S3-702183940,S3-92974238,S3-901865937,S3-566328140,S3-797289734,S3-588120445,S3-207262214,S3-426545498,S3-367524706,S3-375023535,S3-331944027,S3-169505996,S3-890922145,S3-891626766,S3-136675280,S3-507578619,S3-836927959,S3-260366126,S3-211882578,S3-862789788,S3-714994003,S3-32634960,S3-509442398,S3-976681859,S3-447961633,S3-190135542,S3-954711163,S3-393744173,S3-460045321,S3-678683280,S3-786009122,S3-302901311,S3-465433588,S3-703821326,S3-829490404,S3-896227623,S3-977086194,S3-891618576,S3-479249803,S3-619115665,S3-91294893,S3-104260598,S3-444600693,S3-123694229,S3-197093940,S3-439655728,S3-210818742,S3-918357967,S3-659206129,S3-275360323,S3-968476116,S3-787353706,S3-833884099,S3-26161361,S3-46768096,S3-126982322,S3-548783787,S3-699643086,S3-803003378,S3-459705885,S3-405553422,S3-610402578,S3-308631150,S3-592073516,S3-408212372,S3-262158504,S3-728602891,S3-150068856,S3-112942354,S3-960875960,S3-354910039,S3-177049334,S3-551580447,S3-179738152,S3-434491965,S3-564043019,S3-523695838,S3-587791501,S3-312442869,S3-444730740,S3-786831449,S3-364420425,S3-548914378,S3-651762109
S1-925443249	S2-277444929,S2-91305348,S2-428899461,S2-224839523,S2-895116270,S2-635228641,S2-952329168,S2-784592218,S2-280702058,S2-709626608,S2-394314645,S2-308510117,S2-708389947,S2-789302288,S2-797821871,S2-897475107,S2-297926319,S2-679190243,S2-539779970,S2-187514897,S2-946002985,S2-539414515,S2-560043342,S2-268932954,S2-548542163,S2-492786272,S2-100598528,S3-859268022,S3-776815069,S3-298996001,S3-572363539,S3-314969122,S3-335805814,S3-987031930,S3-260366126,S3-447961633,S3-60787735,S3-284546096,S3-301461097,S3-35900036,S3-304581702,S3-787353706,S3-833884099,S3-325154278,S3-451480230,S3-463723999,S3-431503485,S3-604536112,S3-728602891,S3-150068856,S3-564043019,S3-523695838,S3-489913201,S3-552320642,S3-651762109
S1-925783039	S2-415733261
S1-926018314	S2-91704178
S1-926958422	S2-277444929,S2-91305348,S2-428899461,S2-224839523,S2-895116270,S2-635228641,S2-952329168,S2-784592218,S2-280702058,S2-709626608,S2-308510117,S2-708389947,S2-789302288,S2-797821871,S2-297926319,S2-539779970,S2-187514897,S2-946002985,S2-560043342,S2-548542163,S2-492786272,S2-100598528,S3-859268022,S3-776815069,S3-298996001,S3-572363539,S3-314969122,S3-335805814,S3-367524706,S3-284546096,S3-301461097,S3-35900036,S3-304581702,S3-787353706,S3-833884099,S3-451480230,S3-431503485,S3-604536112,S3-728602891,S3-150068856,S3-564043019,S3-523695838,S3-552320642
S1-927651996	S2-277444929,S2-91305348,S2-428899461,S2-224839523,S2-895116270,S2-635228641,S2-952329168,S2-784592218,S2-280702058,S2-709626608,S2-394314645,S2-308510117,S2-708389947,S2-789302288,S2-797821871,S2-897475107,S2-297926319,S2-679190243,S2-539779970,S2-187514897,S2-946002985,S2-539414515,S2-560043342,S2-268932954,S2-548542163,S2-492786272,S2-100598528,S3-859268022,S3-776815069,S3-298996001,S3-572363539,S3-314969122,S3-335805814,S3-987031930,S3-588120445,S3-260366126,S3-447961633,S3-60787735,S3-891618576,S3-284546096,S3-301461097,S3-35900036,S3-304581702,S3-787353706,S3-833884099,S3-325154278,S3-451480230,S3-463723999,S3-431503485,S3-604536112,S3-728602891,S3-150068856,S3-564043019,S3-523695838,S3-489913201,S3-552320642,S3-651762109
S1-928237806	S2-764573417,S2-163963287,S2-49942811,S2-669879950,S2-332014708,S2-257885603,S2-162849450,S2-164086509,S2-871017791,S2-472544795,S2-967974285,S2-322211984,S2-430379962,S2-648129048,S2-218208532,S2-236577190,S2-755671955,S2-173632166,S2-384219063,S2-232105388,S2-103972023,S2-876721131,S2-957143385,S2-519903945,S3-249416830,S3-493572667,S3-44013376,S3-585479914,S3-791460119,S3-161412777,S3-458988960,S3-113462535,S3-6605683,S3-988710395,S3-899583090,S3-536959514,S3-748452890,S3-306897876,S3-393484059,S3-829024295,S3-833085447,S3-564535893,S3-380295664,S3-189240583,S3-946323575,S3-736041086,S3-961058678,S3-201614402,S3-30824703,S3-311526271,S3-82016851,S3-379984324,S3-406009851,S3-390731898,S3-913950232
S1-929809097	S3-913950232
S1-932539298	S2-235039028,S2-401480583,S2-464291399,S2-785852339,S2-103317508,S2-589492301,S2-934037681,S3-875583147,S3-777257171,S3-585479914,S3-36683911,S3-761438523,S3-75056814,S3-898251122,S3-762825829,S3-494118563
S1-935703127	S2-721031885,S2-868087865,S2-795141272,S2-953098128,S2-669879950,S2-54307441,S2-208005980,S2-187379771,S2-298761341,S2-705827573,S2-265287731,S2-622773844,S2-333785505,S2-556543773,S2-152030787,S2-667620668,S2-563158163,S2-472544795,S2-41847464,S2-475524221,S2-652827281,S2-943996696,S2-878003016,S2-479278257,S2-100101893,S2-533197229,S2-402804051,S2-299258785,S2-489049291,S2-756454257,S2-347017935,S2-989100620,S2-556803824,S2-492879191,S2-1722538,S2-575166296,S2-61330089,S2-790721694,S2-904673479,S2-193995593,S2-811863966,S2-438678740,S2-646516046,S2-828726837,S2-14102665,S2-681609924,S2-374779945,S2-781397767,S2-957143385,S2-746717750,S2-857071377,S2-482353871,S2-699301561,S2-241726445,S2-131264573,S2-79905632,S3-22467283,S3-578159284,S3-504183980,S3-118652570,S3-551148968,S3-323153716,S3-875583147,S3-444450554,S3-777257171,S3-660160649,S3-51937572,S3-411324695,S3-97933587,S3-940228072,S3-299576808,S3-921372917,S3-961916983,S3-519350515,S3-354096900,S3-369130400,S3-889312836,S3-510778048,S3-81161554,S3-903416633,S3-80323204,S3-257771188,S3-775274701,S3-14718400,S3-783906913,S3-517654841,S3-289677596,S3-325999314,S3-975051187,S3-49672113,S3-980152742,S3-951624052,S3-532479968,S3-593749288,S3-240930945,S3-966369596,S3-861155049,S3-390731898,S3-436725377,S3-114276926,S3-331595551,S3-81212547,S3-800499462,S3-642917160,S3-245133916,S3-300224532,S3-789929510,S3-168396245
S1-93806322	S2-277444929,S2-508602797,S2-684635925,S2-91305348,S2-978126813,S2-349287094,S2-163588551,S2-102309877,S2-224839523,S2-168770832,S2-829598251,S2-800014563,S2-67505679,S2-59544689,S2-469073813,S2-435778329,S2-190103142,S2-298914373,S2-628335210,S2-757169960,S2-109121051,S2-541414076,S2-891756213,S2-696635067,S2-971339247,S2-996245861,S2-892923793,S2-308505251,S2-688657051,S2-701787316,S2-709626608,S2-394314645,S2-308510117,S2-708389947,S2-8982199,S2-933278322,S2-131151726,S2-750426664,S2-117672295,S2-549881386,S2-797821871,S2-528205184,S2-516126165,S2-561420173,S2-859321758,S2-37081703,S2-297926319,S2-321398182,S2-554610011,S2-528320338,S2-937703023,S2-679190243,S2-331339262,S2-187514897,S2-946002985,S2-281309190,S2-577969603,S2-449617627,S2-379148212,S2-769858942,S2-532543036,S2-726045392,S2-840538759,S2-898880623,S2-492826161,S2-736787326,S2-382657775,S2-590774517,S2-169597264,S2-165930564,S2-811707035,S2-980846147,S2-252321761,S2-631451351,S2-26324258,S2-100598528,S3-859268022,S3-53737228,S3-45067784,S3-128062172,S3-230314480,S3-878295053,S3-572363539,S3-730662073,S3-891901989,S3-607506773,S3-263247365,S3-232475819,S3-575968805,S3-702183940,S3-92974238,S3-901865937,S3-566328140,S3-797289734,S3-588120445,S3-426545498,S3-367524706,S3-375023535,S3-331944027,S3-169505996,S3-890922145,S3-891626766,S3-136675280,S3-507578619,S3-836927959,S3-260366126,S3-862789788,S3-714994003,S3-32634960,S3-509442398,S3-976681859,S3-190135542,S3-954711163,S3-393744173,S3-460045321,S3-678683280,S3-302901311,S3-465433588,S3-703821326,S3-829490404,S3-896227623,S3-977086194,S3-891618576,S3-479249803,S3-619115665,S3-91294893,S3-104260598,S3-444600693,S3-123694229,S3-197093940,S3-439655728,S3-210818742,S3-918357967,S3-659206129,S3-275360323,S3-968476116,S3-787353706,S3-833884099,S3-26161361,S3-46768096,S3-463723999,S3-126982322,S3-548783787,S3-699643086,S3-803003378,S3-459705885,S3-610402578,S3-308631150,S3-408212372,S3-728602891,S3-112942354,S3-960875960,S3-354910039,S3-177049334,S3-551580447,S3-179738152,S3-434491965,S3-564043019,S3-523695838,S3-587791501,S3-312442869,S3-444730740,S3-786831449,S3-364420425,S3-548914378,S3-651762109
S1-940115232	S2-109121051,S2-728928259,S2-9962270,S2-215182600,S3-259154367,S3-451480230,S3-753125827,S3-262158504
S1-942221484	S2-6795460,S2-467948188,S2-275401270,S2-797821871,S2-990119436,S2-930194769,S2-539414515,S2-331142396,S3-960981775,S3-783004558,S3-367524706,S3-797756565,S3-886815845
S1-94297591	S2-721031885,S2-868087865,S2-795141272,S2-953098128,S2-54307441,S2-208005980,S2-187379771,S2-705827573,S2-265287731,S2-622773844,S2-333785505,S2-556543773,S2-152030787,S2-667620668,S2-563158163,S2-41847464,S2-475524221,S2-652827281,S2-943996696,S2-878003016,S2-533197229,S2-402804051,S2-299258785,S2-489049291,S2-756454257,S2-347017935,S2-989100620,S2-556803824,S2-1722538,S2-575166296,S2-61330089,S2-790721694,S2-193995593,S2-811863966,S2-438678740,S2-646516046,S2-828726837,S2-14102665,S2-681609924,S2-374779945,S2-781397767,S2-857071377,S2-482353871,S2-699301561,S2-241726445,S2-131264573,S2-79905632,S3-22467283,S3-578159284,S3-504183980,S3-118652570,S3-323153716,S3-875583147,S3-444450554,S3-660160649,S3-51937572,S3-411324695,S3-97933587,S3-299576808,S3-921372917,S3-961916983,S3-519350515,S3-354096900,S3-369130400,S3-889312836,S3-510778048,S3-81161554,S3-903416633,S3-80323204,S3-257771188,S3-775274701,S3-783906913,S3-289677596,S3-325999314,S3-975051187,S3-49672113,S3-951624052,S3-532479968,S3-593749288,S3-240930945,S3-966369596,S3-861155049,S3-331595551,S3-81212547,S3-800499462,S3-642917160,S3-300224532,S3-789929510
S1-944430830	S2-909528445,S2-784592218,S2-528320338
S1-945437722	S2-838526909,S2-164086509,S2-630651352,S2-736654053,S2-784715242,S2-716687956,S2-114121811,S2-772997011,S3-244694796,S3-804770389,S3-712441242,S3-211164327,S3-180062010,S3-109335189,S3-94880110,S3-330036890,S3-245133916,S3-69171474
S1-945468839	S2-277444929,S2-508602797,S2-684635925,S2-91305348,S2-978126813,S2-349287094,S2-163588551,S2-102309877,S2-224839523,S2-829598251,S2-800014563,S2-67505679,S2-59544689,S2-469073813,S2-435778329,S2-190103142,S2-298914373,S2-628335210,S2-757169960,S2-109121051,S2-541414076,S2-891756213,S2-696635067,S2-971339247,S2-996245861,S2-892923793,S2-308505251,S2-688657051,S2-701787316,S2-709626608,S2-394314645,S2-308510117,S2-708389947,S2-8982199,S2-933278322,S2-131151726,S2-750426664,S2-117672295,S2-549881386,S2-797821871,S2-528205184,S2-516126165,S2-561420173,S2-859321758,S2-37081703,S2-297926319,S2-321398182,S2-554610011,S2-528320338,S2-937703023,S2-679190243,S2-331339262,S2-187514897,S2-946002985,S2-281309190,S2-577969603,S2-449617627,S2-379148212,S2-769858942,S2-532543036,S2-726045392,S2-840538759,S2-898880623,S2-492826161,S2-736787326,S2-382657775,S2-590774517,S2-169597264,S2-165930564,S2-811707035,S2-980846147,S2-252321761,S2-631451351,S2-26324258,S2-100598528,S3-859268022,S3-53737228,S3-45067784,S3-128062172,S3-230314480,S3-878295053,S3-572363539,S3-730662073,S3-891901989,S3-607506773,S3-263247365,S3-232475819,S3-575968805,S3-702183940,S3-92974238,S3-901865937,S3-566328140,S3-797289734,S3-588120445,S3-426545498,S3-367524706,S3-375023535,S3-331944027,S3-169505996,S3-890922145,S3-891626766,S3-136675280,S3-507578619,S3-836927959,S3-260366126,S3-862789788,S3-714994003,S3-32634960,S3-509442398,S3-976681859,S3-190135542,S3-954711163,S3-393744173,S3-460045321,S3-678683280,S3-302901311,S3-465433588,S3-703821326,S3-829490404,S3-896227623,S3-977086194,S3-891618576,S3-479249803,S3-619115665,S3-91294893,S3-104260598,S3-444600693,S3-123694229,S3-197093940,S3-439655728,S3-210818742,S3-918357967,S3-659206129,S3-275360323,S3-968476116,S3-787353706,S3-833884099,S3-26161361,S3-46768096,S3-126982322,S3-548783787,S3-699643086,S3-803003378,S3-459705885,S3-610402578,S3-308631150,S3-408212372,S3-728602891,S3-112942354,S3-960875960,S3-354910039,S3-177049334,S3-551580447,S3-179738152,S3-434491965,S3-564043019,S3-523695838,S3-587791501,S3-312442869,S3-444730740,S3-786831449,S3-364420425,S3-548914378,S3-651762109
S1-947119891	S2-690151442,S2-430379962,S3-905910189,S3-783906913
S1-951599976	S2-721031885,S2-868087865,S2-795141272,S2-953098128,S2-54307441,S2-208005980,S2-187379771,S2-705827573,S2-265287731,S2-622773844,S2-333785505,S2-556543773,S2-152030787,S2-667620668,S2-563158163,S2-41847464,S2-475524221,S2-652827281,S2-943996696,S2-878003016,S2-533197229,S2-402804051,S2-785852339,S2-299258785,S2-489049291,S2-756454257,S2-347017935,S2-989100620,S2-161047745,S2-556803824,S2-1722538,S2-575166296,S2-61330089,S2-790721694,S2-193995593,S2-811863966,S2-438678740,S2-646516046,S2-828726837,S2-14102665,S2-681609924,S2-374779945,S2-781397767,S2-857071377,S2-482353871,S2-699301561,S2-241726445,S2-131264573,S2-79905632,S3-22467283,S3-578159284,S3-504183980,S3-118652570,S3-323153716,S3-875583147,S3-444450554,S3-660160649,S3-51937572,S3-411324695,S3-97933587,S3-299576808,S3-921372917,S3-961916983,S3-519350515,S3-354096900,S3-369130400,S3-889312836,S3-510778048,S3-81161554,S3-903416633,S3-80323204,S3-257771188,S3-775274701,S3-783906913,S3-289677596,S3-325999314,S3-975051187,S3-49672113,S3-951624052,S3-532479968,S3-593749288,S3-240930945,S3-966369596,S3-861155049,S3-331595551,S3-81212547,S3-800499462,S3-642917160,S3-300224532,S3-789929510
S1-951871591	S2-308505251,S2-980846147
S1-952988982	S2-721031885,S2-868087865,S2-795141272,S2-953098128,S2-669879950,S2-54307441,S2-208005980,S2-187379771,S2-298761341,S2-705827573,S2-265287731,S2-622773844,S2-333785505,S2-556543773,S2-152030787,S2-667620668,S2-563158163,S2-472544795,S2-41847464,S2-475524221,S2-652827281,S2-943996696,S2-878003016,S2-479278257,S2-100101893,S2-533197229,S2-402804051,S2-299258785,S2-489049291,S2-756454257,S2-347017935,S2-989100620,S2-556803824,S2-492879191,S2-1722538,S2-575166296,S2-61330089,S2-790721694,S2-904673479,S2-193995593,S2-811863966,S2-438678740,S2-646516046,S2-828726837,S2-14102665,S2-681609924,S2-374779945,S2-781397767,S2-957143385,S2-746717750,S2-857071377,S2-482353871,S2-699301561,S2-241726445,S2-131264573,S2-79905632,S3-22467283,S3-578159284,S3-504183980,S3-118652570,S3-551148968,S3-323153716,S3-875583147,S3-444450554,S3-777257171,S3-660160649,S3-51937572,S3-411324695,S3-97933587,S3-940228072,S3-299576808,S3-921372917,S3-961916983,S3-519350515,S3-354096900,S3-369130400,S3-889312836,S3-510778048,S3-81161554,S3-903416633,S3-80323204,S3-257771188,S3-775274701,S3-14718400,S3-783906913,S3-517654841,S3-289677596,S3-325999314,S3-975051187,S3-49672113,S3-980152742,S3-951624052,S3-532479968,S3-593749288,S3-240930945,S3-966369596,S3-861155049,S3-390731898,S3-436725377,S3-114276926,S3-331595551,S3-81212547,S3-800499462,S3-642917160,S3-245133916,S3-300224532,S3-789929510,S3-168396245
S1-953470089	S2-508602797,S2-684635925,S2-978126813,S2-349287094,S2-102309877,S2-800014563,S2-67505679,S2-59544689,S2-190103142,S2-298914373,S2-628335210,S2-109121051,S2-971491700,S2-541414076,S2-891756213,S2-696635067,S2-971339247,S2-996245861,S2-892923793,S2-308505251,S2-701787316,S2-394314645,S2-8982199,S2-131151726,S2-750426664,S2-117672295,S2-549881386,S2-528205184,S2-561420173,S2-859321758,S2-37081703,S2-321398182,S2-937703023,S2-679190243,S2-331339262,S2-281309190,S2-577969603,S2-840538759,S2-898880623,S2-492826161,S2-736787326,S2-590774517,S2-169597264,S2-631451351,S2-26324258,S3-53737228,S3-45067784,S3-128062172,S3-230314480,S3-878295053,S3-730662073,S3-607506773,S3-263247365,S3-232475819,S3-575968805,S3-92974238,S3-901865937,S3-566328140,S3-797289734,S3-426545498,S3-375023535,S3-331944027,S3-890922145,S3-136675280,S3-507578619,S3-836927959,S3-260366126,S3-862789788,S3-32634960,S3-509442398,S3-460045321,S3-465433588,S3-703821326,S3-829490404,S3-896227623,S3-977086194,S3-479249803,S3-619115665,S3-91294893,S3-104260598,S3-444600693,S3-123694229,S3-197093940,S3-918357967,S3-659206129,S3-275360323,S3-26161361,S3-46768096,S3-126982322,S3-548783787,S3-803003378,S3-459705885,S3-610402578,S3-308631150,S3-408212372,S3-112942354,S3-960875960,S3-177049334,S3-551580447,S3-179738152,S3-434491965,S3-587791501,S3-444730740,S3-786831449,S3-364420425,S3-548914378,S3-651762109
S1-954595905	S2-646516046,S3-113462535,S3-771434219,S3-863237476
S1-956108284	S2-277444929,S2-508602797,S2-684635925,S2-91305348,S2-978126813,S2-349287094,S2-163588551,S2-102309877,S2-224839523,S2-829598251,S2-800014563,S2-67505679,S2-59544689,S2-469073813,S2-435778329,S2-190103142,S2-298914373,S2-628335210,S2-757169960,S2-109121051,S2-541414076,S2-891756213,S2-696635067,S2-971339247,S2-996245861,S2-892923793,S2-308505251,S2-688657051,S2-701787316,S2-709626608,S2-394314645,S2-308510117,S2-708389947,S2-8982199,S2-933278322,S2-131151726,S2-750426664,S2-117672295,S2-549881386,S2-797821871,S2-528205184,S2-516126165,S2-561420173,S2-859321758,S2-37081703,S2-297926319,S2-321398182,S2-554610011,S2-528320338,S2-937703023,S2-679190243,S2-331339262,S2-187514897,S2-946002985,S2-281309190,S2-577969603,S2-449617627,S2-379148212,S2-769858942,S2-532543036,S2-726045392,S2-840538759,S2-898880623,S2-492826161,S2-736787326,S2-382657775,S2-590774517,S2-169597264,S2-165930564,S2-811707035,S2-980846147,S2-252321761,S2-631451351,S2-26324258,S2-100598528,S3-859268022,S3-53737228,S3-45067784,S3-128062172,S3-230314480,S3-878295053,S3-572363539,S3-730662073,S3-891901989,S3-607506773,S3-263247365,S3-232475819,S3-575968805,S3-702183940,S3-92974238,S3-901865937,S3-566328140,S3-797289734,S3-588120445,S3-426545498,S3-367524706,S3-375023535,S3-331944027,S3-169505996,S3-890922145,S3-891626766,S3-136675280,S3-507578619,S3-836927959,S3-260366126,S3-862789788,S3-714994003,S3-32634960,S3-509442398,S3-976681859,S3-190135542,S3-954711163,S3-393744173,S3-460045321,S3-678683280,S3-302901311,S3-465433588,S3-703821326,S3-829490404,S3-896227623,S3-977086194,S3-891618576,S3-479249803,S3-619115665,S3-91294893,S3-104260598,S3-444600693,S3-123694229,S3-197093940,S3-439655728,S3-210818742,S3-918357967,S3-659206129,S3-275360323,S3-968476116,S3-787353706,S3-833884099,S3-26161361,S3-46768096,S3-126982322,S3-548783787,S3-699643086,S3-803003378,S3-459705885,S3-610402578,S3-308631150,S3-408212372,S3-728602891,S3-112942354,S3-960875960,S3-354910039,S3-177049334,S3-551580447,S3-179738152,S3-434491965,S3-564043019,S3-523695838,S3-587791501,S3-312442869,S3-444730740,S3-786831449,S3-364420425,S3-548914378,S3-651762109
S1-958577120	S2-277444929,S2-508602797,S2-684635925,S2-91305348,S2-978126813,S2-349287094,S2-163588551,S2-102309877,S2-224839523,S2-829598251,S2-800014563,S2-67505679,S2-59544689,S2-469073813,S2-435778329,S2-190103142,S2-298914373,S2-628335210,S2-757169960,S2-109121051,S2-541414076,S2-891756213,S2-696635067,S2-971339247,S2-996245861,S2-892923793,S2-308505251,S2-688657051,S2-701787316,S2-709626608,S2-394314645,S2-308510117,S2-708389947,S2-8982199,S2-933278322,S2-131151726,S2-750426664,S2-117672295,S2-549881386,S2-797821871,S2-528205184,S2-516126165,S2-561420173,S2-859321758,S2-37081703,S2-297926319,S2-321398182,S2-554610011,S2-528320338,S2-937703023,S2-679190243,S2-331339262,S2-187514897,S2-946002985,S2-281309190,S2-577969603,S2-449617627,S2-379148212,S2-769858942,S2-532543036,S2-726045392,S2-840538759,S2-898880623,S2-492826161,S2-736787326,S2-382657775,S2-590774517,S2-169597264,S2-165930564,S2-811707035,S2-980846147,S2-252321761,S2-631451351,S2-26324258,S2-100598528,S3-859268022,S3-53737228,S3-45067784,S3-128062172,S3-230314480,S3-878295053,S3-572363539,S3-730662073,S3-891901989,S3-607506773,S3-263247365,S3-232475819,S3-575968805,S3-702183940,S3-92974238,S3-901865937,S3-566328140,S3-797289734,S3-588120445,S3-426545498,S3-367524706,S3-375023535,S3-331944027,S3-169505996,S3-890922145,S3-891626766,S3-136675280,S3-507578619,S3-836927959,S3-260366126,S3-862789788,S3-714994003,S3-32634960,S3-509442398,S3-976681859,S3-190135542,S3-954711163,S3-393744173,S3-460045321,S3-678683280,S3-302901311,S3-465433588,S3-703821326,S3-829490404,S3-896227623,S3-977086194,S3-891618576,S3-479249803,S3-619115665,S3-91294893,S3-104260598,S3-444600693,S3-123694229,S3-197093940,S3-439655728,S3-210818742,S3-918357967,S3-659206129,S3-275360323,S3-968476116,S3-787353706,S3-833884099,S3-26161361,S3-46768096,S3-126982322,S3-548783787,S3-699643086,S3-803003378,S3-459705885,S3-610402578,S3-308631150,S3-408212372,S3-728602891,S3-112942354,S3-960875960,S3-354910039,S3-177049334,S3-551580447,S3-179738152,S3-434491965,S3-564043019,S3-523695838,S3-587791501,S3-312442869,S3-444730740,S3-786831449,S3-364420425,S3-548914378,S3-651762109
S1-960158214	S2-764573417,S2-163963287,S2-49942811,S2-235039028,S2-669879950,S2-401480583,S2-332014708,S2-257885603,S2-162849450,S2-164086509,S2-871017791,S2-464291399,S2-472544795,S2-967974285,S2-322211984,S2-430379962,S2-648129048,S2-785852339,S2-218208532,S2-103317508,S2-236577190,S2-755671955,S2-173632166,S2-384219063,S2-589492301,S2-232105388,S2-103972023,S2-934037681,S2-876721131,S2-957143385,S2-519903945,S3-249416830,S3-875583147,S3-777257171,S3-493572667,S3-44013376,S3-585479914,S3-36683911,S3-791460119,S3-161412777,S3-458988960,S3-113462535,S3-6605683,S3-988710395,S3-761438523,S3-899583090,S3-536959514,S3-748452890,S3-112379453,S3-306897876,S3-393484059,S3-75056814,S3-829024295,S3-833085447,S3-898251122,S3-564535893,S3-380295664,S3-762825829,S3-189240583,S3-946323575,S3-736041086,S3-494118563,S3-961058678,S3-201614402,S3-30824703,S3-311526271,S3-82016851,S3-379984324,S3-406009851,S3-390731898,S3-913950232
S1-965549055	S2-721031885,S2-868087865,S2-795141272,S2-953098128,S2-54307441,S2-208005980,S2-187379771,S2-705827573,S2-265287731,S2-622773844,S2-333785505,S2-556543773,S2-152030787,S2-667620668,S2-563158163,S2-41847464,S2-475524221,S2-652827281,S2-943996696,S2-878003016,S2-533197229,S2-402804051,S2-299258785,S2-489049291,S2-756454257,S2-347017935,S2-989100620,S2-556803824,S2-1722538,S2-575166296,S2-61330089,S2-790721694,S2-193995593,S2-811863966,S2-438678740,S2-646516046,S2-828726837,S2-14102665,S2-681609924,S2-374779945,S2-781397767,S2-857071377,S2-482353871,S2-699301561,S2-241726445,S2-131264573,S2-79905632,S3-22467283,S3-578159284,S3-504183980,S3-118652570,S3-323153716,S3-875583147,S3-444450554,S3-660160649,S3-51937572,S3-411324695,S3-97933587,S3-299576808,S3-921372917,S3-961916983,S3-519350515,S3-354096900,S3-369130400,S3-889312836,S3-510778048,S3-81161554,S3-903416633,S3-80323204,S3-257771188,S3-775274701,S3-783906913,S3-289677596,S3-325999314,S3-975051187,S3-49672113,S3-951624052,S3-532479968,S3-593749288,S3-240930945,S3-966369596,S3-861155049,S3-331595551,S3-81212547,S3-800499462,S3-642917160,S3-300224532,S3-789929510
S1-965555167	S2-721031885,S2-868087865,S2-795141272,S2-953098128,S2-54307441,S2-208005980,S2-187379771,S2-705827573,S2-265287731,S2-622773844,S2-333785505,S2-556543773,S2-152030787,S2-667620668,S2-563158163,S2-41847464,S2-475524221,S2-652827281,S2-943996696,S2-878003016,S2-533197229,S2-402804051,S2-299258785,S2-489049291,S2-756454257,S2-347017935,S2-989100620,S2-556803824,S2-1722538,S2-575166296,S2-61330089,S2-790721694,S2-193995593,S2-811863966,S2-438678740,S2-646516046,S2-828726837,S2-14102665,S2-681609924,S2-374779945,S2-781397767,S2-857071377,S2-482353871,S2-699301561,S2-241726445,S2-131264573,S2-79905632,S3-22467283,S3-578159284,S3-504183980,S3-118652570,S3-190231775,S3-323153716,S3-875583147,S3-444450554,S3-660160649,S3-51937572,S3-411324695,S3-97933587,S3-299576808,S3-921372917,S3-961916983,S3-519350515,S3-354096900,S3-369130400,S3-889312836,S3-510778048,S3-81161554,S3-903416633,S3-80323204,S3-257771188,S3-775274701,S3-783906913,S3-289677596,S3-325999314,S3-975051187,S3-49672113,S3-951624052,S3-532479968,S3-593749288,S3-240930945,S3-966369596,S3-861155049,S3-331595551,S3-81212547,S3-800499462,S3-642917160,S3-300224532,S3-789929510
S1-966462381	S2-349287094,S2-223038034,S2-829598251,S2-688657051,S2-709626608,S2-728928259,S2-258702122,S2-850499815,S2-552487507,S2-698001157,S2-160694137,S2-878134898,S2-492786272,S2-100598528,S3-725749046,S3-572363539,S3-92974238,S3-507578619,S3-552320642
S1-967153211	S2-721031885,S2-868087865,S2-795141272,S2-953098128,S2-54307441,S2-208005980,S2-187379771,S2-705827573,S2-265287731,S2-622773844,S2-333785505,S2-556543773,S2-152030787,S2-667620668,S2-563158163,S2-41847464,S2-475524221,S2-652827281,S2-943996696,S2-878003016,S2-533197229,S2-402804051,S2-299258785,S2-489049291,S2-756454257,S2-347017935,S2-989100620,S2-556803824,S2-1722538,S2-575166296,S2-61330089,S2-790721694,S2-193995593,S2-811863966,S2-438678740,S2-646516046,S2-828726837,S2-14102665,S2-681609924,S2-374779945,S2-781397767,S2-857071377,S2-482353871,S2-699301561,S2-241726445,S2-131264573,S2-79905632,S3-22467283,S3-578159284,S3-504183980,S3-118652570,S3-323153716,S3-875583147,S3-444450554,S3-660160649,S3-51937572,S3-411324695,S3-97933587,S3-299576808,S3-921372917,S3-961916983,S3-519350515,S3-354096900,S3-369130400,S3-889312836,S3-510778048,S3-81161554,S3-903416633,S3-80323204,S3-257771188,S3-775274701,S3-783906913,S3-289677596,S3-325999314,S3-975051187,S3-49672113,S3-951624052,S3-532479968,S3-593749288,S3-240930945,S3-966369596,S3-861155049,S3-331595551,S3-81212547,S3-800499462,S3-642917160,S3-300224532,S3-789929510
S1-970518712	S2-763108962,S2-970843942
S1-970972284	S2-277444929,S2-508602797,S2-684635925,S2-91305348,S2-978126813,S2-349287094,S2-163588551,S2-102309877,S2-224839523,S2-829598251,S2-800014563,S2-67505679,S2-59544689,S2-469073813,S2-435778329,S2-190103142,S2-298914373,S2-628335210,S2-757169960,S2-109121051,S2-541414076,S2-891756213,S2-696635067,S2-971339247,S2-996245861,S2-892923793,S2-308505251,S2-688657051,S2-701787316,S2-709626608,S2-394314645,S2-308510117,S2-708389947,S2-8982199,S2-933278322,S2-131151726,S2-750426664,S2-117672295,S2-549881386,S2-797821871,S2-528205184,S2-516126165,S2-561420173,S2-859321758,S2-37081703,S2-297926319,S2-321398182,S2-554610011,S2-528320338,S2-937703023,S2-679190243,S2-331339262,S2-187514897,S2-946002985,S2-281309190,S2-577969603,S2-449617627,S2-379148212,S2-769858942,S2-532543036,S2-726045392,S2-840538759,S2-898880623,S2-492826161,S2-736787326,S2-382657775,S2-590774517,S2-169597264,S2-165930564,S2-811707035,S2-980846147,S2-252321761,S2-631451351,S2-26324258,S2-100598528,S3-859268022,S3-53737228,S3-45067784,S3-128062172,S3-230314480,S3-878295053,S3-572363539,S3-730662073,S3-891901989,S3-607506773,S3-263247365,S3-232475819,S3-575968805,S3-702183940,S3-92974238,S3-901865937,S3-566328140,S3-797289734,S3-588120445,S3-426545498,S3-367524706,S3-375023535,S3-331944027,S3-169505996,S3-890922145,S3-891626766,S3-136675280,S3-507578619,S3-836927959,S3-260366126,S3-862789788,S3-714994003,S3-32634960,S3-509442398,S3-976681859,S3-190135542,S3-954711163,S3-393744173,S3-460045321,S3-678683280,S3-302901311,S3-465433588,S3-703821326,S3-829490404,S3-896227623,S3-977086194,S3-891618576,S3-479249803,S3-619115665,S3-91294893,S3-104260598,S3-444600693,S3-123694229,S3-197093940,S3-439655728,S3-210818742,S3-918357967,S3-659206129,S3-275360323,S3-968476116,S3-787353706,S3-833884099,S3-26161361,S3-46768096,S3-126982322,S3-548783787,S3-699643086,S3-803003378,S3-459705885,S3-610402578,S3-308631150,S3-408212372,S3-728602891,S3-112942354,S3-960875960,S3-354910039,S3-177049334,S3-551580447,S3-179738152,S3-434491965,S3-564043019,S3-523695838,S3-587791501,S3-312442869,S3-444730740,S3-786831449,S3-364420425,S3-548914378,S3-651762109
S1-971115873	S2-721031885,S2-868087865,S2-795141272,S2-953098128,S2-54307441,S2-208005980,S2-187379771,S2-705827573,S2-265287731,S2-622773844,S2-333785505,S2-556543773,S2-152030787,S2-667620668,S2-563158163,S2-983439720,S2-41847464,S2-475524221,S2-652827281,S2-943996696,S2-878003016,S2-533197229,S2-402804051,S2-299258785,S2-489049291,S2-756454257,S2-347017935,S2-989100620,S2-556803824,S2-1722538,S2-568026492,S2-575166296,S2-61330089,S2-790721694,S2-193995593,S2-811863966,S2-438678740,S2-646516046,S2-828726837,S2-14102665,S2-681609924,S2-374779945,S2-781397767,S2-857071377,S2-482353871,S2-699301561,S2-241726445,S2-131264573,S2-79905632,S3-22467283,S3-578159284,S3-504183980,S3-118652570,S3-323153716,S3-875583147,S3-444450554,S3-660160649,S3-51937572,S3-411324695,S3-97933587,S3-299576808,S3-921372917,S3-961916983,S3-519350515,S3-354096900,S3-369130400,S3-889312836,S3-510778048,S3-81161554,S3-903416633,S3-80323204,S3-257771188,S3-775274701,S3-783906913,S3-289677596,S3-325999314,S3-975051187,S3-49672113,S3-951624052,S3-532479968,S3-593749288,S3-240930945,S3-966369596,S3-861155049,S3-331595551,S3-81212547,S3-800499462,S3-642917160,S3-300224532,S3-789929510
S1-973233920	S2-836840386,S2-181154568
S1-974716750	S2-764573417,S2-163963287,S2-49942811,S2-669879950,S2-332014708,S2-257885603,S2-162849450,S2-164086509,S2-871017791,S2-472544795,S2-967974285,S2-322211984,S2-430379962,S2-648129048,S2-218208532,S2-236577190,S2-755671955,S2-173632166,S2-384219063,S2-232105388,S2-103972023,S2-876721131,S2-957143385,S2-519903945,S3-249416830,S3-493572667,S3-44013376,S3-585479914,S3-791460119,S3-161412777,S3-458988960,S3-113462535,S3-6605683,S3-988710395,S3-899583090,S3-536959514,S3-748452890,S3-306897876,S3-393484059,S3-829024295,S3-833085447,S3-564535893,S3-380295664,S3-189240583,S3-946323575,S3-736041086,S3-961058678,S3-201614402,S3-30824703,S3-311526271,S3-82016851,S3-379984324,S3-406009851,S3-390731898,S3-913950232
S1-974991176	S2-625682061,S3-15177093,S3-57657886
S1-97581850	S2-277444929,S2-508602797,S2-684635925,S2-91305348,S2-978126813,S2-349287094,S2-163588551,S2-102309877,S2-224839523,S2-829598251,S2-800014563,S2-67505679,S2-59544689,S2-469073813,S2-435778329,S2-190103142,S2-298914373,S2-628335210,S2-757169960,S2-109121051,S2-541414076,S2-891756213,S2-696635067,S2-971339247,S2-996245861,S2-892923793,S2-308505251,S2-663852317,S2-688657051,S2-701787316,S2-709626608,S2-394314645,S2-308510117,S2-708389947,S2-8982199,S2-933278322,S2-131151726,S2-750426664,S2-117672295,S2-549881386,S2-797821871,S2-528205184,S2-516126165,S2-561420173,S2-859321758,S2-37081703,S2-297926319,S2-321398182,S2-554610011,S2-528320338,S2-937703023,S2-679190243,S2-331339262,S2-187514897,S2-946002985,S2-281309190,S2-577969603,S2-637500424,S2-449617627,S2-379148212,S2-769858942,S2-532543036,S2-726045392,S2-840538759,S2-898880623,S2-492826161,S2-736787326,S2-382657775,S2-590774517,S2-169597264,S2-165930564,S2-811707035,S2-980846147,S2-252321761,S2-631451351,S2-26324258,S2-100598528,S3-859268022,S3-53737228,S3-45067784,S3-128062172,S3-230314480,S3-878295053,S3-572363539,S3-730662073,S3-891901989,S3-607506773,S3-263247365,S3-232475819,S3-575968805,S3-702183940,S3-92974238,S3-901865937,S3-566328140,S3-797289734,S3-588120445,S3-426545498,S3-367524706,S3-375023535,S3-331944027,S3-169505996,S3-890922145,S3-891626766,S3-136675280,S3-507578619,S3-836927959,S3-260366126,S3-862789788,S3-714994003,S3-32634960,S3-509442398,S3-976681859,S3-190135542,S3-954711163,S3-393744173,S3-460045321,S3-678683280,S3-302901311,S3-465433588,S3-703821326,S3-829490404,S3-896227623,S3-977086194,S3-891618576,S3-479249803,S3-619115665,S3-91294893,S3-104260598,S3-444600693,S3-35900036,S3-123694229,S3-197093940,S3-439655728,S3-210818742,S3-918357967,S3-659206129,S3-275360323,S3-968476116,S3-787353706,S3-490973637,S3-833884099,S3-26161361,S3-46768096,S3-126982322,S3-548783787,S3-699643086,S3-803003378,S3-459705885,S3-610402578,S3-308631150,S3-408212372,S3-728602891,S3-112942354,S3-960875960,S3-354910039,S3-177049334,S3-551580447,S3-179738152,S3-434491965,S3-564043019,S3-523695838,S3-587791501,S3-312442869,S3-444730740,S3-786831449,S3-364420425,S3-548914378,S3-651762109
S1-976369483	S2-673704658,S2-457500956,S2-867614780,S2-56744275,S2-5405243,S2-630651352,S2-64137184,S2-103317508,S2-589492301,S2-792661362,S3-161412777,S3-269888656,S3-903416633,S3-80888417,S3-4573520,S3-11263883,S3-738431506
S1-977704542	S2-769808418,S2-56744275,S2-616836723,S2-479331549,S3-800499462
S1-978421811	S2-838526909,S2-912941112,S2-91704178,S2-623164214,S2-322211984,S2-450266205,S2-716687956,S2-956608424,S2-713920891,S2-193995593,S2-14102665,S2-772997011,S2-131264573,S2-519903945,S3-22467283,S3-504183980,S3-973629095,S3-8222959,S3-568617496,S3-761438523,S3-899583090,S3-289677596,S3-180062010,S3-532479968,S3-390090152,S3-210476563,S3-330036890,S3-754421830,S3-69171474
S1-979042353	S2-277444929,S2-91305348,S2-428899461,S2-349287094,S2-224839523,S2-223038034,S2-829598251,S2-895116270,S2-635228641,S2-952329168,S2-784592218,S2-280702058,S2-688657051,S2-709626608,S2-728928259,S2-394314645,S2-308510117,S2-708389947,S2-258702122,S2-789302288,S2-797821871,S2-897475107,S2-297926319,S2-850499815,S2-679190243,S2-552487507,S2-539779970,S2-160694137,S2-187514897,S2-946002985,S2-878134898,S2-539414515,S2-560043342,S2-268932954,S2-548542163,S2-492786272,S2-100598528,S3-859268022,S3-776815069,S3-725749046,S3-298996001,S3-572363539,S3-314969122,S3-335805814,S3-987031930,S3-92974238,S3-507578619,S3-260366126,S3-447961633,S3-60787735,S3-284546096,S3-301461097,S3-35900036,S3-304581702,S3-787353706,S3-833884099,S3-325154278,S3-451480230,S3-463723999,S3-431503485,S3-604536112,S3-728602891,S3-150068856,S3-564043019,S3-523695838,S3-489913201,S3-552320642,S3-651762109
S1-981414798	S2-721031885,S2-868087865,S2-795141272,S2-953098128,S2-54307441,S2-208005980,S2-187379771,S2-705827573,S2-265287731,S2-622773844,S2-333785505,S2-556543773,S2-152030787,S2-667620668,S2-35158435,S2-563158163,S2-41847464,S2-475524221,S2-652827281,S2-943996696,S2-878003016,S2-533197229,S2-402804051,S2-299258785,S2-489049291,S2-440137459,S2-756454257,S2-347017935,S2-989100620,S2-556803824,S2-1722538,S2-575166296,S2-61330089,S2-790721694,S2-193995593,S2-811863966,S2-438678740,S2-646516046,S2-828726837,S2-14102665,S2-681609924,S2-374779945,S2-781397767,S2-857071377,S2-482353871,S2-699301561,S2-241726445,S2-131264573,S2-79905632,S3-22467283,S3-578159284,S3-504183980,S3-118652570,S3-323153716,S3-875583147,S3-444450554,S3-660160649,S3-51937572,S3-411324695,S3-97933587,S3-299576808,S3-921372917,S3-961916983,S3-519350515,S3-354096900,S3-369130400,S3-889312836,S3-510778048,S3-81161554,S3-903416633,S3-80323204,S3-257771188,S3-775274701,S3-783906913,S3-289677596,S3-325999314,S3-975051187,S3-49672113,S3-951624052,S3-532479968,S3-593749288,S3-240930945,S3-966369596,S3-861155049,S3-331595551,S3-81212547,S3-800499462,S3-642917160,S3-300224532,S3-789929510
S1-981440385	S2-277444929,S2-91305348,S2-428899461,S2-224839523,S2-895116270,S2-635228641,S2-952329168,S2-784592218,S2-280702058,S2-709626608,S2-308510117,S2-708389947,S2-789302288,S2-797821871,S2-297926319,S2-539779970,S2-187514897,S2-946002985,S2-560043342,S2-548542163,S2-492786272,S2-100598528,S3-859268022,S3-776815069,S3-298996001,S3-572363539,S3-314969122,S3-335805814,S3-284546096,S3-301461097,S3-35900036,S3-304581702,S3-787353706,S3-833884099,S3-451480230,S3-431503485,S3-604536112,S3-728602891,S3-150068856,S3-564043019,S3-523695838,S3-552320642
S1-98168281	S2-384219063,S2-33267509,S3-393484059
S1-981904067	S2-721031885,S2-868087865,S2-795141272,S2-953098128,S2-54307441,S2-208005980,S2-187379771,S2-705827573,S2-265287731,S2-622773844,S2-333785505,S2-556543773,S2-152030787,S2-667620668,S2-563158163,S2-41847464,S2-475524221,S2-652827281,S2-943996696,S2-878003016,S2-533197229,S2-402804051,S2-299258785,S2-489049291,S2-756454257,S2-347017935,S2-989100620,S2-556803824,S2-1722538,S2-575166296,S2-61330089,S2-790721694,S2-193995593,S2-811863966,S2-438678740,S2-646516046,S2-828726837,S2-14102665,S2-681609924,S2-374779945,S2-781397767,S2-857071377,S2-482353871,S2-699301561,S2-241726445,S2-131264573,S2-79905632,S3-22467283,S3-578159284,S3-504183980,S3-118652570,S3-323153716,S3-875583147,S3-444450554,S3-660160649,S3-51937572,S3-411324695,S3-97933587,S3-299576808,S3-921372917,S3-961916983,S3-519350515,S3-148895274,S3-354096900,S3-369130400,S3-889312836,S3-510778048,S3-81161554,S3-903416633,S3-80323204,S3-257771188,S3-775274701,S3-783906913,S3-289677596,S3-325999314,S3-975051187,S3-49672113,S3-951624052,S3-532479968,S3-593749288,S3-240930945,S3-966369596,S3-861155049,S3-331595551,S3-81212547,S3-800499462,S3-642917160,S3-300224532,S3-789929510
S1-982210261	S2-109121051,S2-840538759
S1-983652708	S2-785852339,S2-347017935,S2-755671955,S2-699301561,S3-181819854,S3-551148968,S3-97933587,S3-474790592,S3-269888656,S3-754421830
S1-985038901	S2-138046867,S2-125007797,S2-187379771,S2-689674207,S2-968244171,S2-402816014,S2-142962200,S2-468234939,S2-439384858,S2-475524221,S2-450266205,S2-299258785,S2-735517191,S2-663446783,S2-591536531,S2-555846632,S2-811863966,S2-824414038,S2-323747399,S2-781397767,S2-131264573,S3-181819854,S3-891585470,S3-299576808,S3-161412777,S3-625913156,S3-341396567,S3-269888656,S3-38557301,S3-975051187,S3-988483404,S3-605495109,S3-75056814,S3-833085447,S3-861155049,S3-659963286,S3-114332830
S1-98579303	S3-53737228,S3-136675280,S3-833884099
S1-987994833	S2-508602797,S2-684635925,S2-978126813,S2-349287094,S2-102309877,S2-800014563,S2-67505679,S2-59544689,S2-190103142,S2-298914373,S2-628335210,S2-109121051,S2-541414076,S2-891756213,S2-696635067,S2-971339247,S2-996245861,S2-892923793,S2-308505251,S2-701787316,S2-394314645,S2-8982199,S2-131151726,S2-750426664,S2-117672295,S2-549881386,S2-528205184,S2-561420173,S2-859321758,S2-37081703,S2-321398182,S2-937703023,S2-679190243,S2-331339262,S2-187514897,S2-281309190,S2-577969603,S2-840538759,S2-898880623,S2-492826161,S2-736787326,S2-590774517,S2-169597264,S2-631451351,S2-26324258,S3-53737228,S3-45067784,S3-128062172,S3-230314480,S3-878295053,S3-730662073,S3-607506773,S3-263247365,S3-232475819,S3-575968805,S3-92974238,S3-901865937,S3-566328140,S3-797289734,S3-426545498,S3-375023535,S3-331944027,S3-890922145,S3-136675280,S3-507578619,S3-836927959,S3-260366126,S3-862789788,S3-32634960,S3-509442398,S3-460045321,S3-465433588,S3-703821326,S3-829490404,S3-896227623,S3-977086194,S3-479249803,S3-619115665,S3-91294893,S3-797756565,S3-104260598,S3-444600693,S3-123694229,S3-197093940,S3-918357967,S3-659206129,S3-275360323,S3-26161361,S3-46768096,S3-126982322,S3-548783787,S3-803003378,S3-459705885,S3-753125827,S3-610402578,S3-308631150,S3-408212372,S3-112942354,S3-960875960,S3-177049334,S3-551580447,S3-179738152,S3-434491965,S3-587791501,S3-444730740,S3-786831449,S3-364420425,S3-548914378,S3-651762109
S1-988516196	S3-510778048
S1-989439466	S3-405782849,S3-494118563
S1-993357110	S2-912941112,S2-91704178,S2-322211984,S2-450266205,S2-785852339,S2-716687956,S2-956608424,S2-713920891,S2-193995593,S2-14102665,S2-772997011,S2-699301561,S2-131264573,S2-519903945,S3-22467283,S3-973629095,S3-269888656,S3-8222959,S3-568617496,S3-899583090,S3-180062010,S3-532479968,S3-390090152,S3-210476563,S3-330036890,S3-754421830
S1-993527714	S2-764573417,S2-163963287,S2-49942811,S2-669879950,S2-332014708,S2-257885603,S2-162849450,S2-164086509,S2-871017791,S2-472544795,S2-967974285,S2-322211984,S2-430379962,S2-648129048,S2-218208532,S2-236577190,S2-755671955,S2-173632166,S2-384219063,S2-752363850,S2-232105388,S2-103972023,S2-876721131,S2-957143385,S2-519903945,S3-249416830,S3-493572667,S3-44013376,S3-585479914,S3-791460119,S3-161412777,S3-458988960,S3-113462535,S3-6605683,S3-988710395,S3-899583090,S3-536959514,S3-748452890,S3-306897876,S3-393484059,S3-829024295,S3-833085447,S3-564535893,S3-380295664,S3-189240583,S3-946323575,S3-736041086,S3-961058678,S3-201614402,S3-30824703,S3-311526271,S3-82016851,S3-379984324,S3-406009851,S3-390731898,S3-913950232
S1-999555430	S2-721031885,S2-868087865,S2-795141272,S2-953098128,S2-54307441,S2-208005980,S2-187379771,S2-705827573,S2-265287731,S2-622773844,S2-333785505,S2-556543773,S2-152030787,S2-667620668,S2-563158163,S2-41847464,S2-475524221,S2-374185954,S2-652827281,S2-943996696,S2-878003016,S2-533197229,S2-402804051,S2-299258785,S2-489049291,S2-756454257,S2-347017935,S2-989100620,S2-556803824,S2-777625208,S2-1722538,S2-575166296,S2-61330089,S2-790721694,S2-193995593,S2-811863966,S2-438678740,S2-646516046,S2-828726837,S2-14102665,S2-681609924,S2-374779945,S2-781397767,S2-857071377,S2-482353871,S2-699301561,S2-241726445,S2-131264573,S2-79905632,S3-22467283,S3-578159284,S3-504183980,S3-118652570,S3-323153716,S3-875583147,S3-444450554,S3-660160649,S3-51937572,S3-411324695,S3-97933587,S3-299576808,S3-921372917,S3-961916983,S3-519350515,S3-354096900,S3-369130400,S3-889312836,S3-510778048,S3-81161554,S3-903416633,S3-80323204,S3-257771188,S3-775274701,S3-783906913,S3-289677596,S3-325999314,S3-975051187,S3-49672113,S3-951624052,S3-532479968,S3-593749288,S3-240930945,S3-966369596,S3-861155049,S3-331595551,S3-81212547,S3-800499462,S3-642917160,S3-300224532,S3-789929510
